goodsID,goodsCode,leFoxID,chineseBrandName,englishBrandName,goodsName,goodsSubName,backstageCategory,price,originalPrice,costPrice,buyPrice,lowestPrice,lowestPriceText,stock,onSale,purchaseTypeId,purchaseModeType,timestamp,source,actualPrice,msrp
698b3e3900116300016c98b5,20187290,5194153,SK-II,,光蕴恒璨祛斑精华露,75ml,美妆护肤-面部护肤-精华,2285,1.0,1.0,2285,2057.0,买3件 低至￥2057/件,9999,True,0,,,serum,1.0,2285.0
698b39f896a4df0001f1d870,20163900,5161020,欧舒丹,L'OCCITANE,白色薰衣草香氛身体乳,250ml,个护家清-身体护理-润肤乳,155,1.0,1.0,155,,,9999,True,0,,,pvg,1.0,155.0
69dda8adf46c420001035c41,20201664,5339052,赫莲娜,HR,活颜修护晚霜 (PX30 15ML) ,15ml,美妆护肤-面部护肤-乳液面霜,810,1.0,1.0,810,729.0,买8件 低至￥729/件,9999,True,0,,,cream,1.0,810.0
698b3a0396a4df0001f1d978,20163898,5161597,欧舒丹,L'OCCITANE,瑰香之心香氛身体乳,250ml,个护家清-身体护理-润肤乳,155,1.0,1.0,155,,,9999,True,0,,,pvg,1.0,155.0
694cc2dd5b103b0001aeaafb,20112845,4873936,纪梵希,GIVENCHY,高定香榭粉丝绒唇膏口红,N32 蜜酪橘/3.4g,美妆护肤-面部彩妆-口红,200,12.2,12.2,200,,,9999,True,0,,,pvg,12.2,200.0
69dda8c578d95d0001e70ecc,20202157,5339565,倩碧,CLINIQUE,小雏菊花形腮红,14 Heather Pop （烟粉玫）/3.5g,美妆护肤-面部彩妆-腮红,112,20.5,20.5,112,,,9999,True,0,,,pvg,20.5,112.0
698b3f0eb25b8400012810e3,20197070,5201366,娇韵诗,CLARINS,保湿化妆水,200ml,美妆护肤-面部护肤-爽肤水/化妆水,238,36.0,36.0,238,,,9999,True,0,,,pvg,36.0,238.0
694cc3fd5b103b0001df4151,20118825,4879592,兰芝,LANEIGE,晶冻炫色精华唇蜜,桃桃釉光味/12g,美妆护肤-面部彩妆-唇彩/唇蜜/唇釉,59,67.0,67.0,42,,,9999,True,0,,,pvg,42.0,67.0
698b3e9996a4df0001f24279,20190763,5196962,科颜氏,KIEHLS,高保湿特护霜 50ml,50ml,美妆护肤-面部护肤-乳液面霜,268,44.0,44.0,195,,,9999,True,0,,,cream,44.0,268.0
698b3a424e0c690001dee155,20163861,5164525,茱莉蔻,JURLIQUE,护手乳霜-柑橘,125ml,个护家清-身体护理-手部护理,210,47.0,47.0,210,,,9999,True,0,,,pvg,47.0,210.0
694cc1f7f52aff00011222c4,20108138,4869421,雅漾,AVENE,舒护活泉喷雾,300ml,美妆护肤-面部护肤-爽肤水/化妆水,55,135.0,135.0,49,,,9999,True,0,,,pvg,49.0,135.0
698b3e2796a4df0001f237ae,20187246,5193774,汤姆福特,TOM FORD,丝绒柔雾唇膏,115 事后/2g,美妆护肤-面部彩妆-口红,303,51.0,51.0,200,,,9999,True,0,,,pvg,51.0,303.0
694cc2729cc20b00019bd9d0,20110422,4871827,欧舒丹,L'OCCITANE,乳木果牛奶味香皂,250g,个护家清-身体护理-沐浴香皂,55,,55.0,55,,,9999,True,0,,,pvg,55.0,55.0
694cc281f52aff0001123ace,20110973,4872154,兰芝,LANEIGE,夜间保湿修护唇膜,20g,美妆护肤-面部护肤-唇膜/唇部精华,59,67.0,67.0,59,,,9999,True,0,,,pvg,59.0,67.0
698b3f884e0c690001df5c0d,20197084,5204125,娇韵诗,CLARINS,轻透养肤防晒乳（自然色）,50ml,美妆护肤-面部护肤-防晒,460,70.0,70.0,460,,,9999,True,0,,,pvg,70.0,460.0
698b3eb796a4df0001f2478d,20190767,5198377,娇韵诗,CLARINS,匀净焕白淡斑乳液,100ml,美妆护肤-面部护肤-乳液面霜,480,71.0,71.0,480,,,9999,True,0,,,cream,71.0,480.0
694cc3609cc20b00019c01e9,20115582,4876473,Rituals,Rituals,梵心仪式发泡沐浴露,200ml,个护家清-身体护理-沐浴露,72,94.0,94.0,72,,,9999,True,0,,,bodywash,72.0,94.0
694cc3b156e4f1000101e6fa,20117179,4878065,馥绿德雅,RENE FURTERER,润泽奢护洗发露,200ml,个护家清-美发护发-洗发,93,138.0,138.0,75,,,9999,True,0,,,shampoo,75.0,138.0
694cc3b256e4f1000101e761,20117182,4878105,馥绿德雅,RENE FURTERER, 强韧护发素,150ml,个护家清-美发护发-护发,95,131.0,131.0,76,,,9999,True,0,,,pvg,76.0,131.0
694cc3e29cc20b00019c16b4,20118092,4879075,兰芝,LANEIGE,新水酷温和净润洁面啫喱,250ml,美妆护肤-面部护肤-洁面,77,117.0,117.0,77,,,9999,True,0,,,pvg,77.0,117.0
694cc33ff52aff0001125972,20114893,4875853,兰芝,LANEIGE,雪纱丝柔防晒隔离,60色号/30ml,美妆护肤-面部彩妆-妆前乳/隔离,110,111.0,111.0,78,,,9999,True,0,,,pvg,78.0,111.0
694cc3df9cc20b00019c1634,20118205,4879035,雅漾,AVENE,专研舒缓保湿水,200ml,美妆护肤-面部护肤-爽肤水/化妆水,119,123.0,123.0,82,,,9999,True,0,,,pvg,82.0,123.0
694cc2ea9cc20b00019bef84,20113343,4874248,欧舒丹,L'OCCITANE,乳木果滋润指甲护理油 ,7.5ml,美妆护肤-美妆工具-美甲护理,85,82.0,82.0,85,,,9999,True,0,,,pvg,82.0,85.0
694cc32956e4f1000101cb8d,20114414,4875406,兰芝,LANEIGE,雪纱丝柔防晒隔离乳,40号  紫色/30ml,美妆护肤-面部彩妆-妆前乳/隔离,109,111.0,111.0,82,,,9999,True,0,,,pvg,82.0,111.0
694cc2cc9cc20b00019beaa0,20112490,4873630,雅漾,AVENE,专研修护霜,40ml,美妆护肤-面部护肤-乳液面霜,85,133.0,133.0,85,,,9999,True,0,,,cream,85.0,133.0
694cc3489cc20b00019bfe87,20114999,4876023,宝丽,POLA,百合沁香沐浴露 500ml,500ml,个护家清-身体护理-沐浴露,114,120.0,120.0,85,,,9999,True,0,,,bodywash,85.0,120.0
694cc34456e4f1000101d117,20115000,4875918,宝丽,POLA,玫瑰沁香沐浴露 500ml,500ml,个护家清-身体护理-沐浴露,114,120.0,120.0,85,,,9999,True,0,,,pvg,85.0,120.0
694cc2c05b103b0001aea5e5,20112186,4873343,馥绿德雅,RENE FURTERER,固发防脱护发素白珠护发素,150ml,个护家清-美发护发-护发,111,164.0,164.0,89,,,9999,True,0,,,hair,89.0,164.0
694cc31b9cc20b00019bf848,20114072,4875190,欧舒丹,L'OCCITANE,甜蜜樱花香氛沐浴啫喱,250ml,个护家清-身体护理-沐浴露,110,104.0,104.0,90,,,9999,True,0,,,pvg,90.0,110.0
694cc3b65b103b0001df32e3,20117331,4878191,欧舒丹,L'OCCITANE,青提恋樱香氛沐浴啫喱,250ml,个护家清-身体护理-沐浴露,110,104.0,104.0,90,,,9999,True,0,,,pvg,90.0,110.0
694cc2eb56e4f1000101c026,20113135,4874273,茱莉蔻,JURLIQUE,薰衣草洗发露,300ml,个护家清-美发护发-洗发,112,146.0,146.0,90,,,9999,True,0,,,shampoo,90.0,146.0
694cc2b356e4f1000101b936,20111863,4873152,玫珂菲,MAKE UP FOR EVER,清晰无痕亲肌粉底液,1N00号/30ml,美妆护肤-面部彩妆-粉底液/霜,239,200.0,200.0,90,,,9999,True,0,,,pvg,90.0,239.0
694cc31956e4f1000101c8ee,20114121,4875130,欧舒丹,L'OCCITANE,清新马鞭草香氛沐浴啫喱,250ml,个护家清-身体护理-沐浴露,110,104.0,104.0,90,,,9999,True,0,,,pvg,90.0,110.0
6972e806891e960001519818,20111859,5039879,玫珂菲,MAKE UP FOR EVER,清晰无痕亲肌粉底液,1R02号/30ml,美妆护肤-面部彩妆-粉底液/霜,239,200.0,200.0,90,,,9999,True,0,,,pvg,90.0,239.0
694cc34df52aff0001125b7f,20115210,4876139,雅漾,AVENE,恒润肌活保湿精华露,30ml,美妆护肤-面部护肤-精华,132,221.0,221.0,90,,,9999,True,0,,,serum,90.0,221.0
6972e7c5891e960001519373,20114623,5039464,欧舒丹,L'OCCITANE,格拉斯橙花香氛沐浴啫喱,250ml,个护家清-身体护理-沐浴露,110,104.0,104.0,90,,,9999,True,0,,,bodywash,90.0,110.0
694cc36d9cc20b00019c04a3,20115898,4876774,黛珂,DECORTÉ,多重亮护素颜乳,10号/32ml,美妆护肤-面部彩妆-BB霜/CC霜,123,165.0,165.0,92,,,9999,True,0,,,pvg,92.0,165.0
694cc3759cc20b00019c05e2,20115901,4876884,黛珂,DECORTÉ,多重亮护素颜乳 ,02/32ml,美妆护肤-面部彩妆-BB霜/CC霜,123,173.0,173.0,92,,,9999,True,0,,,pvg,92.0,173.0
698b3ea6b25b840001280922,20190755,5197694,悦木之源,ORIGINS,榆绿木紧致淡纹密集修护晚霜,50ml,美妆护肤-面部护肤-乳液面霜,548,92.5,92.5,548,,,9999,True,0,,,cream,92.5,548.0
694cc3e8f52aff00011274fe,20118204,4879194,馥绿德雅,RENE FURTERER,活力强韧洗发露小绿珠,200ml,个护家清-美发护发-洗发,103,158.0,158.0,93,,,9999,True,0,,,shampoo,93.0,158.0
694cc2c35b103b0001aea68e,20112185,4873404,馥绿德雅,RENE FURTERER,固发育发洗发露小白珠,200ml,个护家清-美发护发-洗发,103,155.0,155.0,93,,,9999,True,0,,,shampoo,93.0,155.0
694cc3e25b103b0001df3b8a,20118089,4879071,兰芝,LANEIGE,神经酰胺胜肽微精华水,170ml,美妆护肤-面部护肤-精华,95,145.0,145.0,95,,,9999,True,0,,,serum,95.0,145.0
694cc1e556e4f10001019702,20107823,4869014,伊丽莎白雅顿,Elizabeth Arden,绿茶蜜滴润体霜,500ml,个护家清-身体护理-润肤乳,119,230.0,230.0,95,,,9999,True,0,,,pvg,95.0,230.0
694cc26b9cc20b00019bd7fd,20110386,4871666,雅漾,AVENE,恒润保湿精华液,200ml,美妆护肤-面部护肤-精华,117,171.0,171.0,95,,,9999,True,0,,,serum,95.0,171.0
698b3e2bb25b84000127fe55,20187241,5193891,汤姆福特,TOM FORD,幻魅四色眼影,38  暮光盘/11g,美妆护肤-面部彩妆-眼影,578,97.0,97.0,578,,,9999,True,0,,,pvg,97.0,578.0
698b3e2600116300016c9743,20187243,5193702,汤姆福特,TOM FORD,幻魅四色眼影,27 夜奔华服盘/11g,美妆护肤-面部彩妆-眼影,578,97.0,97.0,578,,,9999,True,0,,,pvg,97.0,578.0
698b3f964e0c690001df5d17,20197463,5204554,娇兰,GUERLAIN,Guerlain 娇兰 娇兰帝皇蜂姿眼霜,15ml,美妆护肤-面部护肤-眼霜/眼部精华,420,98.0,98.0,420,,,9999,True,0,,,eye,98.0,420.0
694cc2989cc20b00019be06a,20111262,4872593,倩碧,CLINIQUE,小雏菊腮红,05 阳光裸棕 NUDE POP/3.5g,美妆护肤-面部彩妆-腮红,112,,112.0,99,,,9999,True,0,,,pvg,99.0,112.0
698b398bb25b8400012794e0,20161486,5155342,伊丽莎白雅顿,Elizabeth Arden,修护复合面霜,100ml,美妆护肤-面部护肤-乳液面霜,166,178.0,178.0,99,,,9999,True,0,,,cream,99.0,178.0
694cc2929cc20b00019bdf57,20111264,4872450,倩碧,CLINIQUE,小雏菊腮红,08 珊瑚橘 MELON POP/3.5g,美妆护肤-面部彩妆-腮红,112,,112.0,99,,,9999,True,0,,,pvg,99.0,112.0
694cc2905b103b0001abe7f4,20111265,4872419,倩碧,CLINIQUE,小雏菊腮红,15 丁香紫 PANSY POP/3.5g,美妆护肤-面部彩妆-腮红,112,,112.0,99,,,9999,True,0,,,pvg,99.0,112.0
694cc30e9cc20b00019bf588,20113890,4874875,欧舒丹,L'OCCITANE,五合一草本菁纯舒缓去屑洗发露,300ml,个护家清-美发护发-洗发,128,,128.0,100,,,9999,True,0,,,shampoo,100.0,128.0
694cc32ff52aff000112577c,20114685,4875530,茱莉蔻,JURLIQUE,薰衣草舒感沐浴露,300ml,个护家清-身体护理-沐浴露,125,165.0,165.0,100,,,9999,True,0,,,pvg,100.0,165.0
694cc32c9cc20b00019bfa7d,20114686,4875463,茱莉蔻,JURLIQUE,玫瑰柔肤沐浴露,300ml,个护家清-身体护理-沐浴露,125,105.0,105.0,100,,,9999,True,0,,,pvg,100.0,125.0
694cc1ff56e4f10001019a3e,20108387,4869520,馥蕾诗,FRESH,西柚果瑰丽香皂,250g,个护家清-身体护理-沐浴香皂,100,150.0,150.0,100,,,9999,True,0,,,pvg,100.0,150.0
694cc1e25b103b0001abca34,20107704,4868932,欧舒丹,L'OCCITANE, 欧舒丹甜扁桃味沐浴油,250ml,个护家清-身体护理-沐浴露,145,133.0,133.0,100,,,9999,True,0,,,pvg,100.0,145.0
694cc20156e4f10001019ab1,20108388,4869563,馥蕾诗,FRESH,睡莲瑰丽香皂,250g,个护家清-身体护理-沐浴香皂,100,145.0,145.0,100,,,9999,True,0,,,pvg,100.0,145.0
694cc203f52aff0001122536,20108386,4869606,馥蕾诗,FRESH,小苍兰瑰丽香皂,250g,个护家清-身体护理-沐浴香皂,100,145.0,145.0,100,,,9999,True,0,,,pvg,100.0,145.0
694cc2fff52aff0001125007,20113985,4874662,玫珂菲,MAKE UP FOR EVER,柔雾定妆喷雾,100ml,美妆护肤-面部彩妆-定妆喷雾/水,100,220.0,220.0,100,,,9999,True,0,,,pvg,100.0,220.0
694cc2c59cc20b00019be8c3,20112395,4873448,馥蕾诗,FRESH,玫瑰润泽保湿喷雾,100ml,美妆护肤-面部护肤-爽肤水/化妆水,128,200.0,200.0,100,,,9999,True,0,,,pvg,100.0,200.0
694cc37256e4f1000101dab0,20115709,4876858,黛珂,DECORTÉ,多重亮护素颜乳 ,01/32ml,美妆护肤-面部彩妆-BB霜/CC霜,124,104.0,104.0,124,,,9999,True,0,,,pvg,104.0,124.0
694cc3019cc20b00019bf34e,20113632,4874679,欧舒丹,L'OCCITANE,瑰香之心沐浴啫喱,250ml,个护家清-身体护理-沐浴露,110,104.0,104.0,110,,,9999,True,0,,,bodywash,104.0,110.0
694cc31a5b103b0001df1d53,20114119,4875154,欧舒丹,L'OCCITANE,清新马鞭草香氛润手凝霜,75ml,个护家清-身体护理-手部护理,105,,105.0,105,,,9999,True,0,,,pvg,105.0,105.0
694cc2529cc20b00019bd28c,20109902,4871151,茵芙莎,IPSA,净润洁面乳（敏感肌）,125g,美妆护肤-面部护肤-洁面,144,196.0,196.0,107,,,9999,True,0,,,pvg,107.0,196.0
694cc3d49cc20b00019c14bb,20118075,4878817,娇韵诗,CLARINS,焕颜紧塑弹力晚霜（滋润型） ,50ml,美妆护肤-面部护肤-乳液面霜,513,107.0,107.0,513,,,9999,True,0,,,cream,107.0,513.0
698b3a0100116300016c3852,20163896,5161452,欧舒丹,L'OCCITANE,白色薰衣草香氛沐浴啫喱,250ml,个护家清-身体护理-沐浴露,110,165.0,165.0,110,,,9999,True,0,,,bodywash,110.0,165.0
698b3a0796a4df0001f1d9d4,20163899,5161794,欧舒丹,L'OCCITANE,欧舒丹 瑰香之心香氛沐浴啫喱,250ml,个护家清-身体护理-沐浴露,110,165.0,165.0,110,,,9999,True,0,,,bodywash,110.0,165.0
694cc331f52aff00011257d6,20114591,4875580,欧舒丹,L'OCCITANE,腊菊香精萃活颜卸妆油,200ml,美妆护肤-面部护肤-卸妆,130,152.0,152.0,110,,,9999,True,0,,,pvg,110.0,152.0
698b3a0396a4df0001f1d960,20163897,5161571,欧舒丹,L'OCCITANE,白色薰衣草香氛护手霜,75ml,个护家清-身体护理-手部护理,110,165.0,165.0,110,,,9999,True,0,,,pvg,110.0,165.0
698b3e0c4e0c690001df3733,20185865,5192921,倩碧,CLINIQUE,小雏菊腮红,20 SORBET POP（济州岛暖阳）/3.5g,美妆护肤-面部彩妆-腮红,112,111.0,111.0,112,,,9999,True,0,,,pvg,111.0,112.0
694cc3679cc20b00019c035d,20115677,4876643,倩碧,CLINIQUE,小雏菊腮红,18 元气橘粉 PINK HONEY POP/3.5g,美妆护肤-面部彩妆-腮红,112,,112.0,112,,,9999,True,0,,,pvg,112.0,112.0
694cc2049cc20b00019bc638,20108460,4869641,伊丽莎白雅顿,Elizabeth Arden,白茶香型身体霜,400ml,个护家清-身体护理-润肤乳,151,200.0,200.0,113,,,9999,True,0,,,bodylotion,113.0,200.0
694cc2fa56e4f1000101c37a,20113532,4874608,黛珂,DECORTÉ,白泥植萃洗颜霜,160ml,美妆护肤-面部护肤-洁面,127,113.0,113.0,127,,,9999,True,0,,,pvg,113.0,127.0
694cc2f89cc20b00019bf1db,20113820,4874574,雪花秀,Sulwhasoo,顺行柔和洁颜油,200ml,美妆护肤-面部护肤-卸妆,143,221.0,221.0,114,,,9999,True,0,,,pvg,114.0,221.0
694cc3115b103b0001df1bfb,20113981,4874937,馥蕾诗,FRESH,清新西柚果香沐浴露,300ml,个护家清-身体护理-沐浴露,170,239.0,239.0,115,,,9999,True,0,,,bodywash,115.0,239.0
694cc3fd56e4f1000101f1c1,20118759,4879582,理肤泉,LA ROCHE POSAY,清痘多重调理精华乳,40ml,美妆护肤-面部护肤-精华,155,128.0,128.0,115,,,9999,True,0,,,serum,115.0,155.0
694cc33356e4f1000101cd70,20114722,4875621,怡丽丝尔,ELIXIR,优悦活颜弹润保湿水（清爽型） ,170ml,美妆护肤-面部护肤-爽肤水/化妆水,158,221.0,221.0,118,,,9999,True,0,,,pvg,118.0,221.0
694cc33a5b103b0001df223c,20114721,4875797,怡丽丝尔,ELIXIR,优悦活颜弹润保湿水（滋润型） ,170ml,美妆护肤-面部护肤-爽肤水/化妆水,158,221.0,221.0,118,,,9999,True,0,,,pvg,118.0,221.0
694cc2ff9cc20b00019bf30d,20113681,4874665,庭润,THANN,香木系列芳香精油,,美妆护肤-香水香氛-家居香氛,119,,119.0,119,,,9999,True,0,,,pvg,119.0,119.0
694cc203f52aff0001122554,20108456,4869615,馥蕾诗,FRESH,澄糖走珠止汗露,75ml,个护家清-身体护理-其它身体护理,120,160.0,160.0,120,,,9999,True,0,,,pvg,120.0,160.0
694cc260f52aff00011236f4,20110411,4871497,雅漾,AVENE,恒润柔肤保湿水,,美妆护肤-面部护肤-爽肤水/化妆水,150,221.0,221.0,120,,,9999,True,0,,,pvg,120.0,221.0
694cc273f52aff000112395e,20110824,4871843,卡诗,KERASTASE,耀光凝色晶透洗发水,250ml,个护家清-美发护发-洗发,185,207.0,207.0,120,,,9999,True,0,,,shampoo,120.0,207.0
694cc3195b103b0001df1d31,20114097,4875125,欧舒丹,L'OCCITANE,乳木果腊菊手部紧致精华霜,75ml,个护家清-身体护理-手部护理,142,,142.0,120,,,9999,True,0,,,pvg,120.0,142.0
694cc3d956e4f1000101ed00,20117895,4878933,欧舒丹,L'OCCITANE,草本香强韧丰盈免洗柔顺喷雾,125ml,个护家清-美发护发-洗发,160,,160.0,120,,,9999,True,0,,,shampoo,120.0,160.0
694cc35156e4f1000101d3e8,20115331,4876225,欧舒丹,L'OCCITANE,乳木果绵润护足霜,150ml,个护家清-身体护理-其它身体护理,140,132.0,132.0,120,,,9999,True,0,,,pvg,120.0,140.0
694cc2155b103b0001abd271,20108952,4870021,理肤泉,LA ROCHE POSAY,清痘净肤细致精华乳K+ ,40ml,美妆护肤-面部护肤-精华,160,185.0,185.0,120,,,9999,True,0,,,serum,120.0,185.0
694cc4009cc20b00019c1a5a,20119061,4879656,卡诗,KERASTASE,釉光玫瑰莹润洗发水,250ml,个护家清-美发护发-洗发,157,252.0,252.0,120,,,9999,True,0,,,shampoo,120.0,252.0
694cc2cd5b103b0001aea8d0,20112508,4873648,卡诗,KERASTASE,男士活力洗发水,250ml,个护家清-美发护发-洗发,185,207.0,207.0,120,,,9999,True,0,,,shampoo,120.0,207.0
694cc32956e4f1000101cb46,20114213,4875390,卡诗,KERASTASE,赋源芯丝沁透洗发水,250ml,个护家清-美发护发-洗发,147,242.0,242.0,120,,,9999,True,0,,,shampoo,120.0,242.0
694cc4139cc20b00019c1da9,20119519,4880087,馥蕾诗,FRESH,澄糖护唇油,蜂蜜浅裸色/4ml,美妆护肤-面部护肤-润唇膏,120,179.0,179.0,120,,,9999,True,0,,,pvg,120.0,179.0
694cc2f956e4f1000101c33d,20113848,4874596,馥蕾诗,FRESH,清新西柚果香身体乳,300ml,个护家清-身体护理-润肤乳,175,255.0,255.0,120,,,9999,True,0,,,bodylotion,120.0,255.0
694cc248f52aff00011231d7,20109800,4871034,茵芙莎,IPSA,清润卸妆油,196ml,美妆护肤-面部护肤-卸妆,162,220.0,220.0,121,,,9999,True,0,,,pvg,121.0,220.0
694cc2c59cc20b00019be8ee,20112283,4873465,伊丽莎白雅顿,Elizabeth Arden,白茶新肌精萃水,200ml,美妆护肤-面部护肤-爽肤水/化妆水,164,220.0,220.0,123,,,9999,True,0,,,pvg,123.0,220.0
694cc33956e4f1000101cf1f,20114699,4875772,茱莉蔻,JURLIQUE,玫瑰护手乳霜,40ml,个护家清-身体护理-手部护理,123,165.0,165.0,123,,,9999,True,0,,,pvg,123.0,165.0
694cc1ed9cc20b00019bc33b,20108001,4869195,悦木之源,ORIGINS,白胖子泡泡洁面慕斯 新升级,150ml,美妆护肤-面部护肤-洁面,124,196.0,196.0,124,,,9999,True,0,,,pvg,124.0,196.0
694cc375f52aff000112611c,20115899,4876883,黛珂,DECORTÉ,多重防晒乳（轻润型）,60ml,美妆护肤-面部护肤-防晒,140,232.0,232.0,124,,,9999,True,0,,,pvg,124.0,232.0
694cc1f49cc20b00019bc450,20108108,4869355,科颜氏,KIEHLS,婴儿营养舒缓保湿霜,200ml,个护家清-身体护理-润肤乳,188,177.0,177.0,125,,,9999,True,0,,,bodylotion,125.0,188.0
694cc3729cc20b00019c05b6,20115700,4876857,馥蕾诗,FRESH,铃兰茉莉香身体乳,300ml,个护家清-身体护理-润肤乳,175,255.0,255.0,125,,,9999,True,0,,,pvg,125.0,255.0
694cc2e39cc20b00019bee51,20112840,4874064,纪梵希,GIVENCHY,高定香榭粉丝绒唇膏口红,N23 雾粉荔/3.4g,美妆护肤-面部彩妆-口红,200,191.0,191.0,130,,,9999,True,0,,,pvg,130.0,200.0
694cc26c9cc20b00019bd828,20110461,4871675,玫珂菲,MAKE UP FOR EVER,饰底妆前乳,毛孔隐形（灰）/30ml,美妆护肤-面部彩妆-妆前乳/隔离,200,305.0,305.0,130,,,9999,True,0,,,pvg,130.0,305.0
694cca2d9cc20b000149e2e4,20158642,4914933,欧舒丹,L'OCCITANE,瑰香之心香氛护手霜,150ml,个护家清-身体护理-手部护理,150,230.0,230.0,130,,,9999,True,0,,,pvg,130.0,230.0
694cc27756e4f1000101af54,20110465,4871943,玫珂菲,MAKE UP FOR EVER,饰底妆前乳,修颜匀肤（紫）/30ml,美妆护肤-面部彩妆-妆前乳/隔离,200,305.0,305.0,130,,,9999,True,0,,,pvg,130.0,305.0
6972e822ab782600011c43bb,20116514,5040056,欧舒丹,L'OCCITANE,草本香菁纯臻萃焕活护发精华油,100ml,个护家清-美发护发-护发,180,166.0,166.0,130,,,9999,True,0,,,pvg,130.0,180.0
694cc408f52aff00011279e8,20119299,4879855,欧舒丹,L'OCCITANE,甜蜜樱花香润手霜,150ml,个护家清-身体护理-手部护理,150,215.0,215.0,130,,,9999,True,0,,,pvg,130.0,215.0
694cc3f25b103b0001df4033,20118419,4879435,欧舒丹,L'OCCITANE,草本香强韧丰盈护发素,500ml,个护家清-美发护发-护发,190,189.0,189.0,130,,,9999,True,0,,,pvg,130.0,190.0
694cc1e856e4f10001019757,20107833,4869073,伊丽莎白雅顿,Elizabeth Arden,绿茶香型沐浴啫喱,500ml,个护家清-身体护理-沐浴露,132,178.0,178.0,132,,,9999,True,0,,,bodywash,132.0,178.0
694cc31a56e4f1000101c962,20114142,4875169,肌肤之钥,CLE DE PEAU BEAUTE,光幻漾采眼影专用粉盒,,美妆护肤-面部彩妆-眼影,132,168.0,168.0,132,,,9999,True,0,,,pvg,132.0,168.0
694cc3185b103b0001df1d1f,20114098,4875113,欧舒丹,L'OCCITANE,马鞭草润肤露,250ml,个护家清-身体护理-润肤乳,155,134.0,134.0,155,,,9999,True,0,,,pvg,134.0,155.0
694cc3aff52aff0001126b75,20117180,4878021,馥绿德雅,RENE FURTERER,滋养奢护发膜,200ml,个护家清-美发护发-护发,169,242.0,242.0,135,,,9999,True,0,,,pvg,135.0,242.0
694cc330f52aff00011257b1,20114756,4875554,怡丽丝尔,ELIXIR,优悦活颜弹润保湿乳（清爽型） ,130ml,美妆护肤-面部护肤-乳液面霜,183,256.0,256.0,137,,,9999,True,0,,,cream,137.0,256.0
694cc3179cc20b00019bf750,20113971,4875082,黛珂,DECORTÉ,植物欣韵 弹润乳液 滋润型,200ml,美妆护肤-面部护肤-乳液面霜,182,280.0,280.0,137,,,9999,True,0,,,pvg,137.0,280.0
694cc3385b103b0001df21c6,20114986,4875754,怡丽丝尔,ELIXIR,优悦活颜弹润保湿乳（滋润型）,130ml,美妆护肤-面部护肤-乳液面霜,184,256.0,256.0,138,,,9999,True,0,,,cream,138.0,256.0
694cc2fc9cc20b00019bf2cd,20113972,4874637,黛珂,DECORTÉ,植物欣韵洗颜泡沫,200ml,美妆护肤-面部护肤-洁面,139,189.0,189.0,139,,,9999,True,0,,,pvg,139.0,189.0
694cc3d25b103b0001df387c,20117881,4878757,宝丽,POLA,POLA 护手乳霜,100g,个护家清-身体护理-手部护理,185,195.0,195.0,139,,,9999,True,0,,,pvg,139.0,195.0
694cc34a56e4f1000101d26a,20115156,4876070,朗仕,LAB SERIES,保湿焕能爽肤水  蓝宝瓶充能水 ,200ml,美妆护肤-男士护肤-男士面部护理,217,139.0,139.0,217,,,9999,True,0,,,pvg,139.0,217.0
694cc33256e4f1000101cd54,20114579,4875608,馥绿德雅,RENE FURTERER,活力强韧洗发露控油小绿珠,600ml,个护家清-美发护发-洗发,171,301.0,301.0,139,,,9999,True,0,,,shampoo,139.0,301.0
694cc3d49cc20b00019c14a9,20117907,4878809,玫珂菲,MAKE UP FOR EVER,全新「轻轻紫」蜜粉饼高清无痕无瑕,0.2浅紫色/10g,美妆护肤-面部彩妆-粉饼,164,305.0,305.0,139,,,9999,True,0,,,pvg,139.0,305.0
6972e73f3ae2ea000190551e,20118570,5037655,娜斯,NARS,腮红 ,取悦我  PLEASE ME/4.8g,美妆护肤-面部彩妆-腮红,190,249.0,249.0,139,,,9999,True,0,,,pvg,139.0,249.0
694cc3ef5b103b0001df3f28,20118571,4879348,娜斯,NARS,腮红 ,慢热  SLOW BURN/4.8g,美妆护肤-面部彩妆-腮红,190,249.0,249.0,139,,,9999,True,0,,,pvg,139.0,249.0
694cc2f19cc20b00019bf087,20113531,4874398,黛珂,DECORTÉ,牛油果植萃乳液,150ml,美妆护肤-面部护肤-乳液面霜,186,262.0,262.0,140,,,9999,True,0,,,cream,140.0,262.0
694cc346f52aff0001125a2a,20114963,4875960,欧舒丹,L'OCCITANE,甜扁桃味沐浴油(环保补充装),500ml,个护家清-身体护理-沐浴露,160,200.0,200.0,140,,,9999,True,0,,,pvg,140.0,200.0
694cc36f5b103b0001df2a5d,20115902,4876821,黛珂,DECORTÉ,多重防晒乳（舒润型）,56ml,美妆护肤-面部护肤-防晒,140,232.0,232.0,140,,,9999,True,0,,,pvg,140.0,232.0
694cc3e556e4f1000101edf4,20118152,4879123,欧舒丹,L'OCCITANE,草本香强韧丰盈洗发露,500ml,个护家清-美发护发-洗发,170,169.0,169.0,140,,,9999,True,0,,,pvg,140.0,170.0
694cc31956e4f1000101c925,20114139,4875148,欧舒丹,L'OCCITANE,甜蜜樱花香氛沐浴啫喱,500ml,个护家清-身体护理-沐浴露,190,189.0,189.0,140,,,9999,True,0,,,pvg,140.0,190.0
694cc31156e4f1000101c6c9,20114137,4874942,欧舒丹,L'OCCITANE,马鞭草清新沐浴啫喱,500ml,个护家清-身体护理-沐浴露,190,189.0,189.0,140,,,9999,True,0,,,pvg,140.0,190.0
694cc3039cc20b00019bf40a,20113948,4874721,玫珂菲,MAKE UP FOR EVER,保湿定妆喷雾,100ml,美妆护肤-面部彩妆-定妆喷雾/水,140,215.0,215.0,140,,,9999,True,0,,,pvg,140.0,215.0
694cc255f52aff00011233eb,20110003,4871220,怡丽丝尔,ELIXIR,蕴能凝时柔滑紧实水（滋润型）,170ml,美妆护肤-面部护肤-爽肤水/化妆水,188,263.0,263.0,140,,,9999,True,0,,,pvg,140.0,263.0
694cc2545b103b0001abde4f,20110002,4871217,怡丽丝尔,ELIXIR,蕴能凝时柔滑紧实水 （清爽型）,170ml,美妆护肤-面部护肤-爽肤水/化妆水,170,263.0,263.0,140,,,9999,True,0,,,pvg,140.0,263.0
694cc27b5b103b0001abe444,20110669,4872041,馥绿德雅,RENE FURTERER,丰盈蓬松强韧洗发水光玻尿酸小粉珠,600ml,个护家清-美发护发-洗发,197,288.0,288.0,140,,,9999,True,0,,,shampoo,140.0,288.0
694cc37d9cc20b00019c070f,20116134,4877051,黛珂,DECORTÉ,草本植萃精华水,150ml,美妆护肤-面部护肤-爽肤水/化妆水,187,250.0,250.0,140,,,9999,True,0,,,pvg,140.0,250.0
694cc2fd9cc20b00019bf2df,20113992,4874645,欧舒丹,L'OCCITANE,乳木果滋润身体乳,250ml,个护家清-身体护理-润肤乳,155,141.0,141.0,155,,,9999,True,0,,,pvg,141.0,155.0
698b3a3b00116300016c3d9d,20163772,5164337,雪花秀,Sulwhasoo,御时参养水乳礼盒,,美妆护肤-面部护肤-面部护理套装,616,141.0,141.0,616,,,9999,True,0,,,pvg,141.0,616.0
694cc3ec56e4f1000101ef26,20118199,4879273,宝丽,POLA,馥美修护护发素（柔顺型）(540g) ,540g,个护家清-美发护发-护发,190,,190.0,142,,,9999,True,0,,,hair,142.0,190.0
694cc3c1f52aff0001126ecd,20117560,4878452,安热沙,ANESSA,焕采亮肤修护精华乳,180ml,美妆护肤-面部护肤-精华,143,152.0,152.0,143,,,9999,True,0,,,serum,143.0,152.0
694cc396f52aff000112685f,20116718,4877534,黛珂,DECORTÉ,心悦容光幻纱蜜粉,04/20g,美妆护肤-面部彩妆-散粉/蜜粉,199,268.0,268.0,144,,,9999,True,0,,,pvg,144.0,268.0
694cc31056e4f1000101c6b2,20113928,4874934,兰芝,LANEIGE,雪纱丝柔修颜隔离乳 两支装,40号色/30ml*2,美妆护肤-面部彩妆-妆前乳/隔离,222,,222.0,144,,,9999,True,0,,,pvg,144.0,222.0
694cc2e85b103b0001aead14,20112865,4874183,纪梵希,GIVENCHY,高定香榭粉丝绒唇膏口红,N17 冷红栗/3.4g,美妆护肤-面部彩妆-口红,200,191.0,191.0,145,,,9999,True,0,,,pvg,145.0,200.0
694cc27656e4f1000101af04,20110823,4871920,卡诗,KERASTASE,头皮系列新双重功能洗发水,250ml,个护家清-美发护发-洗发,185,147.0,147.0,145,,,9999,True,0,,,shampoo,145.0,185.0
694cc322f52aff000112561a,20114214,4875332,卡诗,KERASTASE,头皮系列根源特护洗发水,250ml,个护家清-美发护发-洗发,185,207.0,207.0,145,,,9999,True,0,,,shampoo,145.0,207.0
694cc34b56e4f1000101d28a,20115150,4876077,肌肤之钥,CLE DE PEAU BEAUTE,光柔水凝气垫精华粉底盒,,美妆护肤-美妆工具-其他美妆工具,146,188.0,188.0,146,,,9999,True,0,,,pvg,146.0,188.0
694cc40e5b103b0001df442d,20119073,4880023,科颜氏,KIEHLS,高保湿霜 套装,,美妆护肤-面部护肤-乳液面霜,999,146.0,146.0,524,,,9999,True,0,,,cream,146.0,999.0
694cc31256e4f1000101c727,20114189,4874971,兰芝,LANEIGE,益生修护睡眠面膜两支装,,美妆护肤-面部护肤-面膜,196,297.0,297.0,147,,,9999,True,0,,,pvg,147.0,297.0
694cc3a056e4f1000101e3e6,20116719,4877772,黛珂,DECORTÉ,心悦容光四色幻纱蜜粉,101/16g,美妆护肤-面部彩妆-散粉/蜜粉,199,268.0,268.0,149,,,9999,True,0,,,pvg,149.0,268.0
694cc3e9f52aff000112751d,20118249,4879208,祖·玛珑,JO MALONE LONDON,蓝风铃护手霜,30ml,个护家清-身体护理-手部护理,149,172.0,172.0,149,,,9999,True,0,,,pvg,149.0,172.0
694cc3e2f52aff000112740b,20118248,4879077,祖·玛珑,JO MALONE LONDON,英国梨与小苍兰护手霜,30ml,个护家清-身体护理-手部护理,149,163.0,163.0,149,,,9999,True,0,,,pvg,149.0,163.0
694cc39956e4f1000101e1c8,20116714,4877595,黛珂,DECORTÉ,心悦容光幻纱蜜粉,00色号/20g,美妆护肤-面部彩妆-散粉/蜜粉,199,268.0,268.0,149,,,9999,True,0,,,pvg,149.0,268.0
694cc32ff52aff000112577b,20114682,4875528,茱莉蔻,JURLIQUE,柠檬天竺葵活力身体乳,300ml,个护家清-身体护理-润肤乳,188,250.0,250.0,150,,,9999,True,0,,,bodylotion,150.0,250.0
694cc33b5b103b0001df2257,20114698,4875810,茱莉蔻,JURLIQUE,柑橘沁心身体乳,300ml,个护家清-身体护理-润肤乳,188,250.0,250.0,150,,,9999,True,0,,,pvg,150.0,250.0
694cc3799cc20b00019c066a,20115952,4876962,卡诗,KERASTASE,焕盈塑芯洗发水,250ml,个护家清-美发护发-洗发,185,242.0,242.0,150,,,9999,True,0,,,shampoo,150.0,242.0
694cc33e56e4f1000101d005,20114697,4875849,茱莉蔻,JURLIQUE,玫瑰柔肤身体乳,300ml,个护家清-身体护理-润肤乳,188,152.0,152.0,150,,,9999,True,0,,,bodylotion,150.0,188.0
694cc33356e4f1000101cd98,20114681,4875630,茱莉蔻,JURLIQUE,薰衣草舒感身体乳 ,300ml,个护家清-身体护理-润肤乳,188,250.0,250.0,150,,,9999,True,0,,,bodylotion,150.0,250.0
698b31e018ba480001be6113,20116424,5121391,怡丽丝尔,ELIXIR,纯肌净白 焕亮弹润乳（滋润型） ,130ml,美妆护肤-面部护肤-乳液面霜,201,277.0,277.0,150,,,9999,True,0,,,cream,150.0,277.0
694cc34bf52aff0001125b32,20114958,4876095,资生堂,SHISEIDO,新男士活力均衡水,150ml,美妆护肤-面部护肤-爽肤水/化妆水,150,201.0,201.0,150,,,9999,True,0,,,pvg,150.0,201.0
694cc2bf56e4f1000101ba8c,20112117,4873312,娇韵诗,CLARINS,男士活力净澈洁面凝乳,125ml,美妆护肤-男士护肤-男士洁面,150,210.0,210.0,150,,,9999,True,0,,,pvg,150.0,210.0
694cc37f5b103b0001df2c37,20116174,4877103,娇韵诗,CLARINS,沁润奇肌滋润保湿护唇膏,15ml,美妆护肤-面部护肤-润唇膏,151,186.0,186.0,151,,,9999,True,0,,,pvg,151.0,186.0
694cc3f656e4f1000101f0a2,20118452,4879502,欧舒丹,L'OCCITANE,马鞭草清新沐浴啫喱 替换装,500ml,个护家清-身体护理-沐浴露,155,152.0,152.0,155,,,9999,True,0,,,bodywash,152.0,155.0
694cc3319cc20b00019bfb76,20114596,4875581,兰芝,LANEIGE,雪纱丝柔防晒隔离乳 两只装,60色号/30ml*2,美妆护肤-面部彩妆-妆前乳/隔离,203,222.0,222.0,152,,,9999,True,0,,,pvg,152.0,222.0
694cc2aa56e4f1000101b801,20111740,4872930,黛珂,DECORTÉ,沁活晶澈柔肤乳,200ml,美妆护肤-面部护肤-乳液面霜,205,275.0,275.0,154,,,9999,True,0,,,pvg,154.0,275.0
6972e80d5bac8d0001508595,20119331,5039898,欧舒丹,L'OCCITANE,全新升级【第二代】格拉斯橙花香美肤乳,250ml,个护家清-身体护理-润肤乳,155,235.0,235.0,155,,,9999,True,0,,,pvg,155.0,235.0
694cc3d156e4f1000101eb6a,20117749,4878736,雅诗兰黛,ESTÉE LAUDER,智妍紧塑焕白淡斑精华霜 白胶原霜,75ml,美妆护肤-面部护肤-乳液面霜,1035,155.0,155.0,1035,932.0,买6件 低至￥932/件,9999,True,0,,,pvg,155.0,1035.0
694cc384f52aff00011265ad,20116345,4877223,玫珂菲,MAKE UP FOR EVER,「超微」定妆粉高清无痕蜜粉,1.1 香草色/18g,美妆护肤-面部彩妆-散粉/蜜粉,241,350.0,350.0,156,,,9999,True,0,,,pvg,156.0,350.0
694cc2f256e4f1000101c182,20113533,4874441,黛珂,DECORTÉ,牛油果乳霜,39ml,美妆护肤-面部护肤-乳液面霜,157,,157.0,157,,,9999,True,0,,,cream,157.0,157.0
694cc2b156e4f1000101b8dc,20111882,4873090,兰芝,LANEIGE,新水酷透明质酸嘭润悦享两件套装（特润）,,美妆护肤-面部护肤-面部护理套装,209,317.0,317.0,157,,,9999,True,0,,,pvg,157.0,317.0
694cc1e0f52aff0001121fbe,20107692,4868900,倩碧,CLINIQUE,水洗卸妆洁面乳,150ml,美妆护肤-面部护肤-洁面,157,186.0,186.0,157,,,9999,True,0,,,pvg,157.0,186.0
694cc37c9cc20b00019c06e7,20116183,4877031,娇韵诗,CLARINS,舒缓化妆水,200ml,美妆护肤-面部护肤-爽肤水/化妆水,210,157.0,157.0,210,,,9999,True,0,,,pvg,157.0,210.0
694cc27556e4f1000101ae75,20110856,4871878,倩碧,CLINIQUE,男士清爽洁面啫喱,200ml,美妆护肤-男士护肤-男士洁面,158,196.0,196.0,158,,,9999,True,0,,,pvg,158.0,196.0
694cc262f52aff0001123778,20110490,4871545,资生堂,SHISEIDO,男士焕能肌活滋润乳,100ml,美妆护肤-男士护肤-男士面部护理,197,255.0,255.0,158,,,9999,True,0,,,pvg,158.0,255.0
694cc4055b103b0001df42f0,20119066,4879789,卡诗,KERASTASE,釉光玫瑰奢护焕亮精华霜,250ml,个护家清-美发护发-护发,240,200.0,200.0,160,,,9999,True,0,,,hair,160.0,240.0
694cc3155b103b0001df1cb8,20113953,4875046,茱莉蔻,JURLIQUE,玫瑰护手乳霜,100ml,个护家清-身体护理-手部护理,202,280.0,280.0,160,,,9999,True,0,,,pvg,160.0,280.0
694cc32c9cc20b00019bfa63,20114693,4875454,茱莉蔻,JURLIQUE,玫瑰亮颜泡沫洁面乳两件装,,美妆护肤-面部护肤-洁面,220,293.0,293.0,160,,,9999,True,0,,,pvg,160.0,293.0
694cc22956e4f1000101a295,20109143,4870391,悦木之源,ORIGINS,活性炭毛孔净透面膜,75ml,美妆护肤-面部护肤-面膜,160,186.0,186.0,160,,,9999,True,0,,,pvg,160.0,186.0
694cc3e956e4f1000101ee9f,20118150,4879215,朗仕,LAB SERIES,毛孔净澈洁面啫喱   净油洁面,125ml,美妆护肤-男士护肤-男士洁面,160,172.0,172.0,160,,,9999,True,0,,,pvg,160.0,172.0
694cc2bc9cc20b00019be6d0,20112124,4873272,娇韵诗,CLARINS,植萃盈润护唇油,03 啵啵樱桃 CHERRY/7ml,美妆护肤-面部护肤-润唇膏,161,190.0,190.0,161,,,9999,True,0,,,pvg,161.0,190.0
694cc3b3f52aff0001126c44,20117191,4878119,娇韵诗,CLARINS,舒润保湿泡沫洁面乳,125ml,美妆护肤-面部护肤-洁面,162,207.0,207.0,162,,,9999,True,0,,,pvg,162.0,207.0
694cc3b55b103b0001df32a6,20117192,4878168,娇韵诗,CLARINS,柔润泡沫洁面乳,125ml,美妆护肤-面部护肤-洁面,162,207.0,207.0,162,,,9999,True,0,,,pvg,162.0,207.0
694cc3645b103b0001df28f8,20115430,4876565,倩碧,CLINIQUE,净卸洁面慕斯,125ml,美妆护肤-面部护肤-洁面,165,196.0,196.0,165,,,9999,True,0,,,pvg,165.0,196.0
694cc2f656e4f1000101c27c,20113371,4874531,雅诗兰黛,ESTÉE LAUDER,鲜活亮采红石榴二合一洁面乳,125ml,美妆护肤-面部护肤-洁面,189,,189.0,165,,,9999,True,0,,,pvg,165.0,189.0
694cc23f5b103b0001abda70,20109798,4870818,资生堂,SHISEIDO,新艳阳夏臻效水动力防护乳液,50ml,美妆护肤-面部护肤-防晒,189,311.0,311.0,167,,,9999,True,0,,,pvg,167.0,311.0
694cc2bef52aff00011244a5,20112321,4873298,资生堂,SHISEIDO,新艳阳夏多效防晒隔离乳,30ml,美妆护肤-面部护肤-防晒,228,304.0,304.0,167,,,9999,True,0,,,pvg,167.0,304.0
694cc383f52aff0001126519,20116078,4877180,魅可,M.A.C,定制无瑕粉底液（新）,NW11 白皙/30 ml,美妆护肤-面部彩妆-粉底液/霜,285,333.0,333.0,168,,,9999,True,0,,,pvg,168.0,333.0
694cc36ff52aff000112607f,20115903,4876816,黛珂,DECORTÉ,多重防晒乳（耐水型） ,55ml,美妆护肤-面部护肤-防晒,168,232.0,232.0,168,,,9999,True,0,,,pvg,168.0,232.0
694cc38256e4f1000101dd4b,20116067,4877160,魅可,M.A.C,定制无瑕粉底液（新）,N12 中性1白/30ml,美妆护肤-面部彩妆-粉底液/霜,285,333.0,333.0,168,,,9999,True,0,,,pvg,168.0,333.0
694cc37af52aff000112628d,20116074,4876979,魅可,M.A.C,定制无瑕粉底液（新）,N18 中性2白/30ml,美妆护肤-面部彩妆-粉底液/霜,285,333.0,333.0,168,,,9999,True,0,,,pvg,168.0,333.0
694cc3bc9cc20b00019c1165,20117349,4878337,欧舒丹,L'OCCITANE,草本香菁纯平衡洗发露,500ml,个护家清-美发护发-洗发,170,169.0,169.0,170,,,9999,True,0,,,pvg,169.0,170.0
694cc3c4f52aff0001126f37,20117769,4878488,悦木之源,ORIGINS,活力水润光泽乳霜 ,50ml,美妆护肤-面部护肤-乳液面霜,246,169.0,169.0,246,,,9999,True,0,,,cream,169.0,246.0
694cc3b85b103b0001df3354,20117339,4878232,欧舒丹,L'OCCITANE,菁纯修护洗发露,500ml,个护家清-美发护发-洗发,170,169.0,169.0,170,,,9999,True,0,,,shampoo,169.0,170.0
694cc26ff52aff00011238cd,20110454,4871746,祖·玛珑,JO MALONE LONDON,鼠尾草与海盐车载香薰补充装（无外壳）,木质香调/2.5g,美妆护肤-香水香氛-家居香氛,223,280.0,280.0,170,,,9999,True,0,,,pvg,170.0,280.0
694cc340f52aff0001125976,20114865,4875856,欧舒丹,L'OCCITANE,甜扁桃味沐浴油,500ml,个护家清-身体护理-沐浴露,219,,219.0,170,,,9999,True,0,,,pvg,170.0,219.0
694cc3269cc20b00019bf9ba,20114235,4875375,卡诗,KERASTASE,赋源芯丝沁透洗发水,500ml,个护家清-美发护发-洗发,214,329.0,329.0,170,,,9999,True,0,,,shampoo,170.0,329.0
694cc36256e4f1000101d766,20115701,4876519,馥蕾诗,FRESH,铃兰茉莉香沐浴露,300ml,个护家清-身体护理-沐浴露,170,239.0,239.0,170,,,9999,True,0,,,bodywash,170.0,239.0
694cc3129cc20b00019bf670,20113975,4874977,馥蕾诗,FRESH,晨露玫瑰香沐浴露,300ml,个护家清-身体护理-沐浴露,170,239.0,239.0,170,,,9999,True,0,,,bodywash,170.0,239.0
694cc2cd56e4f1000101bbf0,20112509,4873659,卡诗,KERASTASE,头皮系列新双重功能洗发水,500ml,个护家清-美发护发-洗发,280,329.0,329.0,170,,,9999,True,0,,,shampoo,170.0,329.0
694cc2af9cc20b00019be4e5,20111854,4873048,娇韵诗,CLARINS,焕白透亮淡斑柔肤液（丰润型）,200ml,美妆护肤-面部护肤-爽肤水/化妆水,242,,242.0,170,,,9999,True,0,,,pvg,170.0,242.0
694cc2ad56e4f1000101b85e,20111853,4872991,娇韵诗,CLARINS,焕白透亮淡斑柔肤水（清爽型）,200ml,美妆护肤-面部护肤-爽肤水/化妆水,242,335.0,335.0,170,,,9999,True,0,,,pvg,170.0,335.0
694cc2aa5b103b0001aea297,20111747,4872916,朗仕,LAB SERIES,多功能柔珠洁面乳,100ml,美妆护肤-男士护肤-男士洁面,174,203.0,203.0,174,,,9999,True,0,,,pvg,174.0,203.0
694cc2e39cc20b00019bee5c,20112976,4874069,欧莱雅,L’ORÉAL,金致臻颜焕活精华乳,30ml,美妆护肤-面部护肤-乳液面霜,240,315.0,315.0,175,,,9999,True,0,,,cream,175.0,315.0
694cc243f52aff0001123134,20109838,4870919,娇韵诗,CLARINS,轻透隔离防晒乳（自然色）,50ml,美妆护肤-面部护肤-防晒,285,440.0,440.0,178,,,9999,True,0,,,pvg,178.0,440.0
694cc41d56e4f1000101f8a2,20119301,4880263,伊丽莎白雅顿,Elizabeth Arden,【水润嘭嘭胶】30粒 时空焕活水润充盈胶囊精华液,14ml,美妆护肤-面部护肤-精华,240,218.0,218.0,179,,,9999,True,0,,,serum,179.0,240.0
694cc31056e4f1000101c67a,20113745,4874923,欧莱雅,L’ORÉAL, 复颜滋润眼霜三支装,45ml,美妆护肤-面部护肤-眼霜/眼部精华,340,710.0,710.0,179,,,9999,True,0,,,eye,179.0,710.0
694cc24cf52aff000112324d,20109837,4871086,娇韵诗,CLARINS,轻透隔离防晒乳（润粉色）,50ml,美妆护肤-面部护肤-防晒,285,440.0,440.0,180,,,9999,True,0,,,pvg,180.0,440.0
694cc2ab9cc20b00019be3b8,20111733,4872955,悦木之源,ORIGINS,韦博士灵芝焕能强韧精华水,200ml,美妆护肤-面部护肤-爽肤水/化妆水,202,322.0,322.0,180,,,9999,True,0,,,pvg,180.0,322.0
694cc383f52aff000112655d,20116425,4877196,欧舒丹,L'OCCITANE,五合一草本香菁纯头皮夜精华,50ml,个护家清-美发护发-护发,180,335.0,335.0,180,,,9999,True,0,,,hair,180.0,335.0
694cc1df5b103b0001abc990,20107685,4868867,倩碧,CLINIQUE,【紫胖子卸妆膏】面部眼部卸妆霜,125ml,美妆护肤-面部护肤-卸妆,180,280.0,280.0,180,,,9999,True,0,,,pvg,180.0,280.0
694cc3f79cc20b00019c19ba,20118609,4879521,欧舒丹,L'OCCITANE,甜扁桃身体磨砂膏,200ml,个护家清-身体护理-磨砂膏,220,209.0,209.0,180,,,9999,True,0,,,pvg,180.0,220.0
694cc30b56e4f1000101c559,20113891,4874842,黛珂,DECORTÉ,AQ舒活洁颜油,200ml,美妆护肤-面部护肤-卸妆,240,323.0,323.0,180,,,9999,True,0,,,pvg,180.0,323.0
694cc3a55b103b0001df30ac,20116982,4877892,后,WHOO,拱辰享抗皱多效防晒霜SPF50+  PA++++,50ml,美妆护肤-面部护肤-防晒,185,250.0,250.0,185,,,9999,True,0,,,pvg,185.0,250.0
694cc385f52aff00011265d4,20116175,4877235,娇韵诗,CLARINS,保湿舒缓定妆喷雾,50ml,美妆护肤-面部彩妆-定妆喷雾/水,185,255.0,255.0,185,,,9999,True,0,,,pvg,185.0,255.0
694cc241f52aff00011230b9,20109681,4870857,芭比波朗,BOBBI BROWN,炙恋唇蜜,07 FORCE OF NATURE/6ml,美妆护肤-面部彩妆-唇彩/唇蜜/唇釉,187,221.0,221.0,187,,,9999,True,0,,,pvg,187.0,221.0
694cc3549cc20b00019c0033,20115451,4876292,魅可,M.A.C,【聚光瓶】定制鎏金粉底液,NW11  粉调自然/30ml,美妆护肤-面部彩妆-粉底液/霜,298,350.0,350.0,188,,,9999,True,0,,,pvg,188.0,350.0
694cc3b95b103b0001df339a,20117333,4878257,欧舒丹,L'OCCITANE,甜扁桃味美肤乳 轻盈版,240ml,个护家清-身体护理-润肤乳,220,188.0,188.0,190,,,9999,True,0,,,pvg,188.0,220.0
694cc36056e4f1000101d6b6,20115624,4876470,馥蕾诗,FRESH,澄糖莓莓面部磨砂啫喱,125ml,美妆护肤-面部护肤-洁面,188,275.0,275.0,188,,,9999,True,0,,,pvg,188.0,275.0
694cc35456e4f1000101d4a2,20115463,4876301,魅可,M.A.C,【聚光瓶】定制鎏金粉底液,N11 中性白皙/30ml,美妆护肤-面部彩妆-粉底液/霜,298,209.0,209.0,188,,,9999,True,0,,,pvg,188.0,298.0
694cc3259cc20b00019bf9ac,20114316,4875357,悦木之源,ORIGINS,韦博士灵芝焕能强韧乳,100ml,美妆护肤-面部护肤-乳液面霜,280,189.0,189.0,280,,,9999,True,0,,,cream,189.0,280.0
694cc3ea5b103b0001df3d8d,20118574,4879225,娜斯,NARS,腮红 ,宠溺  CHERISH/4.8g,美妆护肤-面部彩妆-腮红,190,,190.0,190,,,9999,True,0,,,pvg,190.0,190.0
694cc41a56e4f1000101f7f8,20119297,4880200,欧舒丹,L'OCCITANE,甜蜜樱花香氛沐浴啫喱,500ml,个护家清-身体护理-沐浴露,190,290.0,290.0,190,,,9999,True,0,,,pvg,190.0,290.0
694cc3825b103b0001df2c87,20116171,4877162,娇韵诗,CLARINS,温和焕活泡沫洁面慕斯,150ml,美妆护肤-面部护肤-洁面,190,275.0,275.0,190,,,9999,True,0,,,pvg,190.0,275.0
694cc3845b103b0001df2cc0,20116243,4877205,欧舒丹,L'OCCITANE,防脱发头皮精华,50ml,个护家清-美发护发-护发,190,320.0,320.0,190,,,9999,True,0,,,hair,190.0,320.0
694cc3b65b103b0001df3305,20117325,4878198,欧舒丹,L'OCCITANE,菁纯修护护发素,500ml,个护家清-美发护发-护发,190,290.0,290.0,190,,,9999,True,0,,,hair,190.0,290.0
694cc3f5f52aff0001127721,20118445,4879490,茵芙莎,IPSA,流金岁月凝润美肤水,300ml,美妆护肤-面部护肤-爽肤水/化妆水,261,339.0,339.0,195,,,9999,True,0,,,pvg,195.0,339.0
694cc3159cc20b00019bf6df,20113864,4875033,欧舒丹,L'OCCITANE,甜扁桃味紧致美肤油,100ml,个护家清-身体护理-其它身体护理,265,426.0,426.0,195,,,9999,True,0,,,pvg,195.0,426.0
694cc3165b103b0001df1cdb,20113967,4875058,黛珂,DECORTÉ,植物欣韵沁莹化妆水,200ml,美妆护肤-面部护肤-爽肤水/化妆水,197,268.0,268.0,197,,,9999,True,0,,,pvg,197.0,268.0
694cc36656e4f1000101d884,20115495,4876600,雪花秀,Sulwhasoo,致美养肤气垫粉底液,17N1 （1正1替）/30g,美妆护肤-面部彩妆-气垫,266,400.0,400.0,198,,,9999,True,0,,,pvg,198.0,400.0
694cc2e256e4f1000101bec7,20112815,4874047,悦木之源,ORIGINS,活力水润光泽凝霜,50ml,美妆护肤-面部护肤-乳液面霜,253,198.0,198.0,253,,,9999,True,0,,,cream,198.0,253.0
694cc3a15b103b0001df3011,20116712,4877788,黛珂,DECORTÉ,心悦容光幻纱蜜粉,01/20g,美妆护肤-面部彩妆-散粉/蜜粉,199,268.0,268.0,199,,,9999,True,0,,,pvg,199.0,268.0
694cc3a09cc20b00019c0cb2,20116717,4877783,黛珂,DECORTÉ,心悦容光幻纱蜜粉,03/20g,美妆护肤-面部彩妆-散粉/蜜粉,199,268.0,268.0,199,,,9999,True,0,,,pvg,199.0,268.0
694cc3389cc20b00019bfc89,20114695,4875750,茱莉蔻,JURLIQUE,玫瑰柔肤身体护理套装,,个护家清-身体护理-身体护理套装,285,378.0,378.0,199,,,9999,True,0,,,pvg,199.0,378.0
694cc39af52aff000112692c,20116842,4877625,黛珂,DECORTÉ,心悦容光幻纱蜜粉,07/20g,美妆护肤-面部彩妆-散粉/蜜粉,199,268.0,268.0,199,,,9999,True,0,,,pvg,199.0,268.0
694cc39b9cc20b00019c0b89,20116716,4877640,黛珂,DECORTÉ,心悦容光幻纱蜜粉,06/20g,美妆护肤-面部彩妆-散粉/蜜粉,199,207.0,207.0,199,,,9999,True,0,,,pvg,199.0,207.0
694cc2e75b103b0001aeace3,20112978,4874167,欧莱雅,L’ORÉAL,青春密语精华肌底液,115ml,美妆护肤-面部护肤-精华,440,605.0,605.0,199,,,9999,True,0,,,serum,199.0,605.0
694cc39756e4f1000101e164,20116713,4877550,黛珂,DECORTÉ,心悦容光幻纱蜜粉,02/20g,美妆护肤-面部彩妆-散粉/蜜粉,199,268.0,268.0,199,,,9999,True,0,,,pvg,199.0,268.0
694cc312f52aff00011252cd,20113984,4874979,馥蕾诗,FRESH,玫瑰密集保湿平衡乳,100ml,美妆护肤-面部护肤-乳液面霜,228,385.0,385.0,200,,,9999,True,0,,,cream,200.0,385.0
694cc2d99cc20b00019bed1e,20112860,4873854,纪梵希,GIVENCHY,高定香榭粉丝绒唇膏口红,N16 烤奶豆沙/3.4g,美妆护肤-面部彩妆-口红,200,320.0,320.0,200,,,9999,True,0,,,pvg,200.0,320.0
694cc38856e4f1000101decf,20116493,4877325,娇兰,GUERLAIN,臻彩宝石缎光唇膏口红,131 杏仁奶茶色/3.5g,美妆护肤-面部彩妆-口红,200,280.0,280.0,200,,,9999,True,0,,,pvg,200.0,280.0
694cc2d65b103b0001aeaa26,20112844,4873823,纪梵希,GIVENCHY,高定香榭粉丝绒唇膏口红,N37 仙锋红/3.4g,美妆护肤-面部彩妆-口红,200,320.0,320.0,200,,,9999,True,0,,,pvg,200.0,320.0
694cc2b25b103b0001aea3d2,20111858,4873129,玫珂菲,MAKE UP FOR EVER,清晰无痕亲肌粉底液,1N06/30ml,美妆护肤-面部彩妆-粉底液/霜,239,200.0,200.0,239,,,9999,True,0,,,pvg,200.0,239.0
694cc26a56e4f1000101ab5a,20110464,4871635,玫珂菲,MAKE UP FOR EVER,饰底妆前乳,焕采亮颜（蓝）/30ml,美妆护肤-面部彩妆-妆前乳/隔离,200,305.0,305.0,200,,,9999,True,0,,,pvg,200.0,305.0
694cc2e75b103b0001aeacdf,20112849,4874166,纪梵希,GIVENCHY,高定香榭粉丝绒唇膏口红,N27 雪柿桃/3.4g,美妆护肤-面部彩妆-口红,200,320.0,320.0,200,,,9999,True,0,,,pvg,200.0,320.0
694cc38756e4f1000101de97,20116422,4877299,怡丽丝尔,ELIXIR,纯肌净白 焕亮弹润乳（清爽型） ,130ml,美妆护肤-面部护肤-乳液面霜,200,277.0,277.0,200,,,9999,True,0,,,cream,200.0,277.0
694cc2fc56e4f1000101c3bd,20113968,4874632,黛珂,DECORTÉ,植物欣韵弹润乳液,200ml,美妆护肤-面部护肤-乳液面霜,202,268.0,268.0,202,,,9999,True,0,,,cream,202.0,268.0
694cc1e95b103b0001abcbc9,20107895,4869091,雅诗兰黛,ESTÉE LAUDER,净莹柔肤泡沫洁面乳（混合性肌肤）,150ml,美妆护肤-面部护肤-洁面,390,392.0,392.0,206,,,9999,True,0,,,pvg,206.0,392.0
694cc3cf9cc20b00019c13ed,20117718,4878693,芭比波朗,BOBBI BROWN,流云造型眉笔,21号 COOL DARK BROWN （灰褐棕）/0.33g,美妆护肤-面部彩妆-眉笔/眉粉,236,207.0,207.0,236,,,9999,True,0,,,pvg,207.0,236.0
694cc1e95b103b0001abcbee,20107916,4869103,倩碧,CLINIQUE,天才黄油有油款两件装,125ml*2,美妆护肤-面部护肤-乳液面霜,236,,236.0,208,,,9999,True,0,,,cream,208.0,236.0
694cc2ac9cc20b00019be3df,20111739,4872964,黛珂,DECORTÉ,沁活晶澈柔肤乳（滋润型）,200ml,美妆护肤-面部护肤-乳液面霜,208,275.0,275.0,208,,,9999,True,0,,,cream,208.0,275.0
694cc2f556e4f1000101c211,20113422,4874495,雅诗兰黛,ESTÉE LAUDER,绝色由我绒雾唇膏 绒雾小金管,333 干枫叶色 Persuasive/3.5g,美妆护肤-面部彩妆-口红,253,209.0,209.0,253,,,9999,True,0,,,pvg,209.0,253.0
694cc2ed5b103b0001aeae16,20113389,4874300,雅诗兰黛,ESTÉE LAUDER,绝色由我缎光唇膏 绒雾小金管,420 轻奢玫情 REBELLIOUS ROSE/3.5g,美妆护肤-面部彩妆-口红,253,209.0,209.0,253,,,9999,True,0,,,pvg,209.0,253.0
694cc2f1f52aff0001124db6,20113393,4874412,雅诗兰黛,ESTÉE LAUDER,绝色由我绒雾唇膏 绒雾小金管,626 潇洒随杏 Next Romance/3.5g,美妆护肤-面部彩妆-口红,253,209.0,209.0,253,,,9999,True,0,,,pvg,209.0,253.0
698b3f8fb25b84000128182b,20197082,5204352,娇韵诗,CLARINS,匀净焕白淡斑套装,,美妆护肤-面部护肤-面部护理套装,1170,209.0,209.0,995,896.0,买7件 低至￥896/件,9999,True,0,,,pvg,209.0,1170.0
694cc3455b103b0001df2397,20115094,4875942,芭比波朗,BOBBI BROWN,【第二代】清透舒盈洁肤油,200ml,美妆护肤-面部护肤-卸妆,293,469.0,469.0,210,,,9999,True,0,,,pvg,210.0,469.0
694cc3bb9cc20b00019c110f,20117336,4878307,欧舒丹,L'OCCITANE,焕活强韧头皮精华（“生机瓶”头皮精华）,50ml,个护家清-美发护发-护发,210,285.0,285.0,210,,,9999,True,0,,,hair,210.0,285.0
694cc307f52aff00011250df,20113663,4874791,蒂普提克,DIPTYQUE,电子扩香器香氛补充包-橙花,2.1g,美妆护肤-香水香氛-家居香氛,380,349.0,349.0,210,,,9999,True,0,,,fragrance,210.0,380.0
694cc3859cc20b00019c0830,20116184,4877229,娇韵诗,CLARINS,净透化妆水,200ml,美妆护肤-面部护肤-爽肤水/化妆水,210,249.0,249.0,210,,,9999,True,0,,,pvg,210.0,249.0
694cc20e56e4f10001019e22,20108843,4869884,蒂普提克,DIPTYQUE,车载香氛补充包-浆果香,2.1g,美妆护肤-香水香氛-家居香氛,380,349.0,349.0,210,,,9999,True,0,,,fragrance,210.0,380.0
6972e7db891e96000151952d,20111881,5039674,兰芝,LANEIGE,新水酷透明质酸嘭润悦享两件套装（清润）,,美妆护肤-面部护肤-面部护理套装,210,317.0,317.0,210,,,9999,True,0,,,pvg,210.0,317.0
694cc1e356e4f1000101969a,20107788,4868962,科颜氏,KIEHLS,高保湿霜,125ml,美妆护肤-面部护肤-乳液面霜,530,313.0,313.0,212,,,9999,True,0,,,cream,212.0,530.0
694cc2135b103b0001abd1e8,20108824,4869981,资生堂,SHISEIDO,肌活净颜洁面膏,125ml,美妆护肤-面部护肤-洁面,213,284.0,284.0,213,,,9999,True,0,,,pvg,213.0,284.0
694cc3fef52aff000112787c,20118843,4879610,科颜氏,KIEHLS,高保湿润肤角鲨烷身体霜,250ml,个护家清-身体护理-润肤乳,215,317.0,317.0,215,,,9999,True,0,,,bodylotion,215.0,317.0
694cc1e1f52aff0001121fd6,20107690,4868910,倩碧,CLINIQUE,天才黄油无油款,125ml,美妆护肤-面部护肤-乳液面霜,216,252.0,252.0,216,,,9999,True,0,,,cream,216.0,252.0
694cc1e85b103b0001abcb95,20107914,4869074,倩碧,CLINIQUE,天才黄油有油款,125ml,美妆护肤-面部护肤-乳液面霜,216,252.0,252.0,216,,,9999,True,0,,,cream,216.0,252.0
694cc2b19cc20b00019be553,20112090,4873084,肌肤之钥,CLE DE PEAU BEAUTE,莹采丰润唇膏,N 自然色/2.8g,美妆护肤-面部护肤-润唇膏,217,280.0,280.0,217,,,9999,True,0,,,pvg,217.0,280.0
694cc37cf52aff000112631f,20116063,4877023,悦木之源,ORIGINS,祛痘保湿精华露 ,50ml,美妆护肤-面部护肤-精华,217,256.0,256.0,217,,,9999,True,0,,,serum,217.0,256.0
694cc3cef52aff00011270b6,20117704,4878667,倩碧,CLINIQUE,天才黄油无油款,200ml,美妆护肤-面部护肤-乳液面霜,285,217.0,217.0,285,,,9999,True,0,,,pvg,217.0,285.0
694cc2699cc20b00019bd7a8,20110468,4871630,娇韵诗,CLARINS,乳木果滋润身体乳,200ml,个护家清-身体护理-润肤乳,219,350.0,350.0,219,,,9999,True,0,,,bodylotion,219.0,350.0
694cc23c56e4f1000101a569,20109624,4870738,肌肤之钥,CLE DE PEAU BEAUTE,莹采丰润唇膏,N3 蜂蜜奶橘/2.8g,美妆护肤-面部护肤-润唇膏,220,280.0,280.0,220,,,9999,True,0,,,pvg,220.0,280.0
694cc22a9cc20b00019bcb89,20109328,4870416,娇兰,GUERLAIN,金钻焕彩喷雾,30ml,美妆护肤-面部彩妆-定妆喷雾/水,223,320.0,320.0,223,,,9999,True,0,,,pvg,223.0,320.0
694cc2569cc20b00019bd3c5,20110005,4871252,怡丽丝尔,ELIXIR,蕴能凝时柔滑紧实乳（清爽型）,130ml,美妆护肤-面部护肤-乳液面霜,223,311.0,311.0,223,,,9999,True,0,,,cream,223.0,311.0
698b3e1d96a4df0001f23681,20186892,5193361,雅诗兰黛,ESTÉE LAUDER,轻透持妆粉底液  第二代DW持妆粉底液,1W1/30ml,美妆护肤-面部彩妆-粉底液/霜,415,417.0,417.0,224,,,9999,True,0,,,pvg,224.0,417.0
698b3e3900116300016c98ad,20186890,5194148,雅诗兰黛,ESTÉE LAUDER,轻透持妆粉底液 第二代DW持妆粉底液,2C0/30ml,美妆护肤-面部彩妆-粉底液/霜,352,417.0,417.0,224,,,9999,True,0,,,pvg,224.0,417.0
698b312f18ba480001be4ad6,20113315,5119002,悦木之源,ORIGINS,视黄醇抗皱眼霜,15ml,美妆护肤-面部护肤-眼霜/眼部精华,323,224.0,224.0,323,,,9999,True,0,,,eye,224.0,323.0
698b3e29b25b84000127fe2c,20186893,5193843,雅诗兰黛,ESTÉE LAUDER,轻透持妆粉底液   第二代DW持妆粉底液,2W0/30ml,美妆护肤-面部彩妆-粉底液/霜,352,417.0,417.0,224,,,9999,True,0,,,pvg,224.0,417.0
694cc20656e4f10001019c32,20108472,4869687,伊丽莎白雅顿,Elizabeth Arden,60粒【眼胶】时空焕活眼部胶囊精华,10.5ml,美妆护肤-面部护肤-眼霜/眼部精华,317,420.0,420.0,225,,,9999,True,0,,,pvg,225.0,420.0
694cc3a49cc20b00019c0d71,20116973,4877867,后,WHOO,拱辰享紧塑弹润乳,110ml,美妆护肤-面部护肤-乳液面霜,227,305.0,305.0,227,,,9999,True,0,,,pvg,227.0,305.0
694cc23d56e4f1000101a59f,20109575,4870766,娇韵诗,CLARINS,水漾精华粉底液,101W 暖二白/30ml,美妆护肤-面部彩妆-粉底液/霜,227,335.0,335.0,227,,,9999,True,0,,,pvg,227.0,335.0
694cc23e56e4f1000101a5df,20109577,4870796,娇韵诗,CLARINS,水漾精华粉底液,103N 中性偏白/30ml,美妆护肤-面部彩妆-粉底液/霜,227,335.0,335.0,227,,,9999,True,0,,,pvg,227.0,335.0
694cc22356e4f1000101a1a7,20109049,4870264,雅诗兰黛,ESTÉE LAUDER,DW持妆粉底液,2N1#12 DESERT BEIGE/30ml,美妆护肤-面部彩妆-粉底液/霜,228,399.0,399.0,228,,,9999,True,0,,,pvg,228.0,399.0
694cc2fa9cc20b00019bf24e,20113534,4874611,黛珂,DECORTÉ,牛油果植萃乳液,300ml,美妆护肤-面部护肤-乳液面霜,305,409.0,409.0,229,,,9999,True,0,,,cream,229.0,409.0
694cc2325b103b0001abd766,20109461,4870563,玫珂菲,MAKE UP FOR EVER,抛光粉底刷,112号/42.3g,美妆护肤-美妆工具-化妆刷,230,335.0,335.0,230,,,9999,True,0,,,pvg,230.0,335.0
694cc38d9cc20b00019c098a,20116566,4877388,纪梵希,GIVENCHY,明星四宫格柔雾散粉,N2/12g,美妆护肤-面部彩妆-散粉/蜜粉,299,499.0,499.0,230,,,9999,True,0,,,pvg,230.0,499.0
694cc3815b103b0001df2c6c,20116136,4877144,黛珂,DECORTÉ,草本植萃精华水,300ml,美妆护肤-面部护肤-爽肤水/化妆水,307,409.0,409.0,230,,,9999,True,0,,,pvg,230.0,409.0
694cc2215b103b0001abd445,20108970,4870218,玫珂菲,MAKE UP FOR EVER,KABUKI蜜粉刷,124号/48g,美妆护肤-美妆工具-化妆刷,230,335.0,335.0,230,,,9999,True,0,,,pvg,230.0,335.0
694cc39d9cc20b00019c0bec,20116568,4877702,纪梵希,GIVENCHY,明星四宫格柔雾散粉,N1/12g,美妆护肤-面部彩妆-散粉/蜜粉,499,,499.0,230,,,9999,True,0,,,pvg,230.0,499.0
694cc37e56e4f1000101dcb8,20116186,4877073,娇韵诗,CLARINS,青春赋活透亮精华水,200ml,美妆护肤-面部护肤-爽肤水/化妆水,233,335.0,335.0,233,,,9999,True,0,,,pvg,233.0,335.0
694cc34b56e4f1000101d2a0,20115235,4876088,馥蕾诗,FRESH,莲花青春保湿霜,50ml,美妆护肤-面部护肤-乳液面霜,340,508.0,508.0,235,,,9999,True,0,,,cream,235.0,508.0
694cc3109cc20b00019bf5d9,20113969,4874917,黛珂,DECORTÉ,植物欣韵蕴活精华霜,30ml,美妆护肤-面部护肤-乳液面霜,235,323.0,323.0,235,,,9999,True,0,,,cream,235.0,323.0
694cc37c5b103b0001df2b9e,20116159,4877014,芭比波朗,BOBBI BROWN,至盈呵护唇部精华-BARE PINK(柔嫩粉),6ml,美妆护肤-面部护肤-唇膜/唇部精华,268,237.0,237.0,268,,,9999,True,0,,,pvg,237.0,268.0
694cc3da9cc20b00019c15b0,20118151,4878956,倩碧,CLINIQUE,【黑化紫胖子卸妆膏】面部眼部炭净卸妆霜,125ml,美妆护肤-面部护肤-卸妆,238,280.0,280.0,238,,,9999,True,0,,,pvg,238.0,280.0
694cc2eef52aff0001124d3e,20113398,4874341,雅诗兰黛,ESTÉE LAUDER,持妆贴肤妆前乳,40ml,美妆护肤-面部彩妆-妆前乳/隔离,323,238.0,238.0,323,,,9999,True,0,,,pvg,238.0,323.0
694cc3675b103b0001df292f,20115581,4876631,娇韵诗,CLARINS,沁润奇肌保湿修护面膜,75ml,美妆护肤-面部护肤-面膜,238,,238.0,238,,,9999,True,0,,,pvg,238.0,238.0
694cc2d59cc20b00019becb1,20112619,4873805,雅诗兰黛,ESTÉE LAUDER,沁水养肤粉底液,1C0#61 COOL PORCELAIN 冷象牙白/30ml,美妆护肤-面部彩妆-粉底液/霜,399,269.0,269.0,239,,,9999,True,0,,,pvg,239.0,399.0
694cc2d2f52aff0001124790,20112622,4873748,雅诗兰黛,ESTÉE LAUDER,沁水养肤粉底液,2W0#64 WARM VANILLA 暖瓷色/30ml,美妆护肤-面部彩妆-粉底液/霜,399,469.0,469.0,239,,,9999,True,0,,,pvg,239.0,469.0
694cc2cff52aff0001124737,20112625,4873703,雅诗兰黛,ESTÉE LAUDER,沁水养肤粉底液,2C0#63 COOL VANILLA 自然白/30ml,美妆护肤-面部彩妆-粉底液/霜,399,469.0,469.0,239,,,9999,True,0,,,pvg,239.0,469.0
698b3ea696a4df0001f24532,20190708,5197676,娇韵诗,CLARINS,净澈泡沫洁面乳,125ml,美妆护肤-面部护肤-洁面,240,,240.0,240,,,9999,True,0,,,pvg,240.0,240.0
694cc3525b103b0001df26cc,20115211,4876250,汤姆福特,TOM FORD,琉璃焕彩唇膏,159 影中人 SOLAIRE/3.3g,美妆护肤-面部彩妆-口红,374,441.0,441.0,240,,,9999,True,0,,,pvg,240.0,441.0
694cc2b09cc20b00019be507,20112089,4873061,肌肤之钥,CLE DE PEAU BEAUTE,光透白焕采妆前乳,30ml,美妆护肤-面部彩妆-妆前乳/隔离,276,443.0,443.0,240,,,9999,True,0,,,pvg,240.0,443.0
694cc3985b103b0001df2f07,20116771,4877580,黛珂,DECORTÉ,AQ 舒活凝光洗颜霜,125ml,美妆护肤-面部护肤-洁面,240,323.0,323.0,240,,,9999,True,0,,,pvg,240.0,323.0
694cc30b56e4f1000101c555,20113671,4874841,蒂普提克,DIPTYQUE,车载香氛补充包-圣日尔曼大道34号,2.1g,美妆护肤-香水香氛-家居香氛,380,383.0,383.0,240,,,9999,True,0,,,fragrance,240.0,383.0
694cc277f52aff00011239ba,20110725,4871944,馥绿德雅,RENE FURTERER,三相固发育发精华液【防掉发安瓶】,5.5ml*8,个护家清-美发护发-护发,338,285.0,285.0,240,,,9999,True,0,,,hair,240.0,338.0
694cc1e35b103b0001abca79,20107749,4868955,倩碧,CLINIQUE,明肌净透水2号（含酒精）,400ml,美妆护肤-面部护肤-爽肤水/化妆水,242,284.0,284.0,242,,,9999,True,0,,,pvg,242.0,284.0
694cc1e19cc20b00019bc143,20107747,4868922,倩碧,CLINIQUE,明肌净透水3号(温和洁肤水)含酒精,400ml,美妆护肤-面部护肤-爽肤水/化妆水,242,284.0,284.0,242,,,9999,True,0,,,pvg,242.0,284.0
694cc37ef52aff00011263ac,20116081,4877068,艾丽美,ELEMIS,海洋臻萃胶原保湿卸妆膏(玫瑰味),100g,美妆护肤-面部护肤-卸妆,245,397.0,397.0,245,,,9999,True,0,,,pvg,245.0,397.0
694cc2d09cc20b00019beb6d,20112620,4873716,雅诗兰黛,ESTÉE LAUDER,保湿莹润柔肤水 第二代粉水,400ml,美妆护肤-面部护肤-爽肤水/化妆水,420,,420.0,245,,,9999,True,0,,,pvg,245.0,420.0
69bbd27463cc6b0001adf067,20164009,5276698,碧欧泉,BIOTHERM,男士全新水动力保湿乳液,30ml,美妆护肤-面部护肤-乳液面霜,245,,245.0,245,,,9999,True,0,,,cream,245.0,245.0
694cc1da56e4f100010195e7,20107622,4868825,碧欧泉,BIOTHERM,凝乳丝滑润体乳,400ml,个护家清-身体护理-润肤乳,250,245.0,245.0,250,,,9999,True,0,,,bodylotion,245.0,250.0
694cc245f52aff0001123183,20109777,4870963,馥蕾诗,FRESH,玫瑰润泽密集保湿双萃精华,100ml,美妆护肤-面部护肤-精华,350,468.0,468.0,245,,,9999,True,0,,,serum,245.0,468.0
694cc222f52aff0001122c31,20108983,4870226,玫珂菲,MAKE UP FOR EVER,精准蜜粉刷,128号/46g,美妆护肤-美妆工具-化妆刷,245,375.0,375.0,245,,,9999,True,0,,,pvg,245.0,375.0
694cc3e956e4f1000101eea6,20118607,4879217,欧舒丹,L'OCCITANE,菁纯修护洗发套装,,个护家清-美发护发-洗发,320,490.0,490.0,245,,,9999,True,0,,,shampoo,245.0,490.0
694cc41c9cc20b00019c1f66,20119334,4880241,欧舒丹,L'OCCITANE,全新【焕新瓶】御龄头皮修护精华,50ml,个护家清-美发护发-护发,245,395.0,395.0,245,,,9999,True,0,,,hair,245.0,395.0
694cc28cf52aff0001123c07,20111242,4872331,肌肤之钥,CLE DE PEAU BEAUTE,净采洁面膏清爽型,125ml,美妆护肤-面部护肤-洁面,266,,266.0,246,,,9999,True,0,,,pvg,246.0,266.0
694cc2739cc20b00019bd9e8,20110722,4871836,娇韵诗,CLARINS,男士焕活保湿面霜,50ml,美妆护肤-男士护肤-男士面部护理,246,335.0,335.0,246,,,9999,True,0,,,pvg,246.0,335.0
694cc27a9cc20b00019bdb61,20110604,4872014,娇韵诗,CLARINS,男士焕活保湿凝露,50ml,美妆护肤-男士护肤-男士面部护理,246,365.0,365.0,246,,,9999,True,0,,,pvg,246.0,365.0
698b3e3500116300016c9855,20186865,5194032,雅诗兰黛,ESTÉE LAUDER,沁水盈润养护唇膏,700  蜂蜜柚/2.8g,美妆护肤-面部护肤-润唇膏,246,291.0,291.0,246,,,9999,True,0,,,pvg,246.0,291.0
698b3e1c00116300016c963d,20186868,5193300,雅诗兰黛,ESTÉE LAUDER,沁水盈润养护唇膏,708  甜木瓜/2.8g,美妆护肤-面部护肤-润唇膏,246,291.0,291.0,246,,,9999,True,0,,,pvg,246.0,291.0
694cc3fa56e4f1000101f130,20118667,4879556,魅可,M.A.C,定制无瑕气垫霜（卷王气垫）,N12（中性一白）/12g,美妆护肤-面部彩妆-气垫,272,247.0,247.0,272,,,9999,True,0,,,pvg,247.0,272.0
698b3e244e0c690001df3a17,20187282,5193628,雅诗兰黛,ESTÉE LAUDER,轻透持妆粉底液   第二代DW持妆粉底液,1N0/30ml,美妆护肤-面部彩妆-粉底液/霜,249,417.0,417.0,249,,,9999,True,0,,,pvg,249.0,417.0
694cc2f19cc20b00019bf0a3,20113309,4874414,资生堂,SHISEIDO,鲜润赋活透润霜,50ml,美妆护肤-面部护肤-乳液面霜,304,249.0,249.0,304,,,9999,True,0,,,cream,249.0,304.0
69f2029784016900015867ea,20197802,5384360,雅诗兰黛,ESTÉE LAUDER,白金级花菁萃紧致眼部精华霜双支装 ,15ml*2,美妆护肤-面部护肤-眼霜/眼部精华,1215,249.5,249.5,1215,1094.0,买5件 低至￥1094/件,9999,True,0,,,pvg,249.5,1215.0
698b40a7b25b840001281bb2,20190769,5204918,科颜氏,KIEHLS,精研多重防晒精华乳,50ml,美妆护肤-面部护肤-精华,309,,309.0,250,,,9999,True,0,,,serum,250.0,309.0
694cc26456e4f1000101aa65,20110457,4871576,祖·玛珑,JO MALONE LONDON,车载香熏外壳,111.6g,美妆护肤-香水香氛-家居香氛,278,392.0,392.0,250,,,9999,True,0,,,fragrance,250.0,392.0
694cc3819cc20b00019c07c0,20116190,4877154,娇韵诗,CLARINS,紧致焕颜弹力精华水,200ml,美妆护肤-面部护肤-爽肤水/化妆水,295,408.0,408.0,251,,,9999,True,0,,,pvg,251.0,408.0
694cc31d9cc20b00019bf89e,20114216,4875234,茱莉蔻,JURLIQUE, 玫瑰按摩油,100ml,个护家清-身体护理-润肤油,280,390.0,390.0,252,,,9999,True,0,,,pvg,252.0,390.0
694cc34ff52aff0001125bbb,20115157,4876187,朗仕,LAB SERIES,保湿焕能爽肤水双支装,200ml*2,美妆护肤-面部护肤-爽肤水/化妆水,348,252.0,252.0,348,,,9999,True,0,,,pvg,252.0,348.0
6972e756891e960001518c01,20113414,5037898,雅诗兰黛,ESTÉE LAUDER,绝色由我缎光唇膏 绒雾小金管,333 水光枫叶 PERSUASIVE/3.5g,美妆护肤-面部彩妆-口红,253,305.0,305.0,253,,,9999,True,0,,,pvg,253.0,305.0
6972e70e3ae2ea00019050eb,20113292,5036676,娇韵诗,CLARINS,沁润奇肌保湿轻盈面霜,50ml,美妆护肤-面部护肤-乳液面霜,285,415.0,415.0,255,,,9999,True,0,,,cream,255.0,415.0
694cc2ba5b103b0001aea4c9,20112114,4873258,娇韵诗,CLARINS,三檀舒颜护理油,30ml,美妆护肤-面部护肤-其它面部护肤,400,,400.0,257,,,9999,True,0,,,pvg,257.0,400.0
694cc2019cc20b00019bc5e4,20108414,4869574,祖·玛珑,JO MALONE LONDON,维他命E护手霜,100ml,个护家清-身体护理-手部护理,280,483.0,483.0,257,,,9999,True,0,,,pvg,257.0,483.0
694cc2e956e4f1000101bfca,20113323,4874211,娇韵诗,CLARINS,天然调和身体护理油,100ml,个护家清-身体护理-润肤油,314,,314.0,257,,,9999,True,0,,,pvg,257.0,314.0
694cc3d05b103b0001df3810,20117777,4878709,汤姆福特,TOM FORD,幻魅亮泽唇膏,152  过瘾  ROSE CORSET/0.9g,美妆护肤-面部彩妆-口红,257,319.0,319.0,257,,,9999,True,0,,,pvg,257.0,319.0
694cc2cd9cc20b00019beae7,20112572,4873656,雅诗兰黛,ESTÉE LAUDER,第五代小棕瓶熬夜眼霜  紧致 提拉 淡化黑眼圈,15ml,美妆护肤-面部护肤-眼霜/眼部精华,480,323.0,323.0,258,,,9999,True,0,,,eye,258.0,480.0
694cc4229cc20b00019c20e1,20119479,4880415,梅森马吉拉,Maison Margiela,慵懒周末沐浴啫喱 400ml,400ml,个护家清-身体护理-沐浴露,260,350.0,350.0,260,,,9999,True,0,,,bodywash,260.0,350.0
694cc40f9cc20b00019c1d38,20119489,4880038,纪梵希,GIVENCHY,心无禁忌沐浴油,200ml,个护家清-身体护理-沐浴露,260,417.0,417.0,260,,,9999,True,0,,,bodywash,260.0,417.0
694cc3895b103b0001df2d89,20116177,4877332,娇韵诗,CLARINS,净透化妆水,400ml,美妆护肤-面部护肤-爽肤水/化妆水,261,390.0,390.0,261,,,9999,True,0,,,pvg,261.0,390.0
694cc37df52aff0001126355,20116168,4877040,娇韵诗,CLARINS,保湿化妆水,400ml,美妆护肤-面部护肤-爽肤水/化妆水,261,390.0,390.0,261,,,9999,True,0,,,pvg,261.0,390.0
694cc2cb9cc20b00019bea58,20112483,4873605,欧珑,Atelier Cologne,莹润身体乳无极乌龙,200ml,个护家清-身体护理-润肤乳,265,355.0,355.0,265,,,9999,True,0,,,bodylotion,265.0,355.0
694cc2b35b103b0001aea3d6,20111852,4873131,娇韵诗,CLARINS,焕白透亮淡斑乳液,75ml,美妆护肤-面部护肤-乳液面霜,333,455.0,455.0,265,,,9999,True,0,,,pvg,265.0,455.0
694cc3559cc20b00019c0079,20115257,4876326,馥蕾诗,FRESH,莲花青春焕采眼霜,15ml,美妆护肤-面部护肤-眼霜/眼部精华,265,390.0,390.0,265,,,9999,True,0,,,eye,265.0,390.0
694cc2f9f52aff0001124f0d,20113497,4874587,祖·玛珑,JO MALONE LONDON,蓝风铃润肤喷雾,100ml,个护家清-身体护理-润肤乳,398,266.0,266.0,398,,,9999,True,0,,,bodylotion,266.0,398.0
694cc2ab5b103b0001aea2ce,20111794,4872943,祖·玛珑,JO MALONE LONDON,月色洋甘菊枕香喷雾,50ml,美妆护肤-香水香氛-家居香氛,268,315.0,315.0,268,,,9999,True,0,,,fragrance,268.0,315.0
694cc2aaf52aff000112412b,20111787,4872910,祖·玛珑,JO MALONE LONDON,薰衣草与月光花枕香喷雾,50ml,美妆护肤-香水香氛-家居香氛,268,315.0,315.0,268,,,9999,True,0,,,fragrance,268.0,315.0
694cc2ce56e4f1000101bc19,20112585,4873680,芭比波朗,BOBBI BROWN,纯色奢金缎光唇膏,04 绝色豆沙 CLARET/3.5g,美妆护肤-面部彩妆-口红,268,315.0,315.0,268,,,9999,True,0,,,pvg,268.0,315.0
694cc35ff52aff0001125d99,20115550,4876446,芭比波朗,BOBBI BROWN,洁面洗颜乳,125ml,美妆护肤-面部护肤-洁面,270,315.0,315.0,270,,,9999,True,0,,,pvg,270.0,315.0
694cc3b056e4f1000101e68c,20116965,4878037,雪花秀,Sulwhasoo,御时参养水,150ml,美妆护肤-面部护肤-爽肤水/化妆水,337,476.0,476.0,270,,,9999,True,0,,,pvg,270.0,476.0
694cc3a09cc20b00019c0c8b,20116902,4877769,卡诗,KERASTASE,山茶花经典香氛护发油,75ml,个护家清-美发护发-护发,285,497.0,497.0,270,,,9999,True,0,,,hair,270.0,497.0
694cc3a256e4f1000101e491,20116964,4877825,雪花秀,Sulwhasoo,御时参养乳,125ml,美妆护肤-面部护肤-乳液面霜,347,497.0,497.0,270,,,9999,True,0,,,pvg,270.0,497.0
694cc2bf5b103b0001aea56a,20112161,4873306,馥蕾诗,FRESH,大豆精粹温和卸妆洁面凝露,400ml,美妆护肤-面部护肤-洁面,290,540.0,540.0,270,,,9999,True,0,,,pvg,270.0,540.0
694cc4019cc20b00019c1a83,20118668,4879690,魅可,M.A.C,定制无瑕气垫霜（卷王气垫）,N11（中性暖一白）/12g,美妆护肤-面部彩妆-气垫,272,333.0,333.0,272,,,9999,True,0,,,pvg,272.0,333.0
694cc3099cc20b00019bf4e7,20113821,4874820,雪花秀,Sulwhasoo,玉璨净颜面膜两支装,,美妆护肤-面部护肤-面膜,273,428.0,428.0,273,,,9999,True,0,,,pvg,273.0,428.0
694cc20f56e4f10001019e6d,20108825,4869907,资生堂,SHISEIDO,肌源焕活精萃水（滋润型）,150ml,美妆护肤-面部护肤-爽肤水/化妆水,273,367.0,367.0,273,,,9999,True,0,,,pvg,273.0,367.0
694cc3b65b103b0001df32fb,20117245,4878196,朗仕,LAB SERIES,控油焕肤保湿乳,50ml,美妆护肤-男士护肤-男士面部护理,276,322.0,322.0,276,,,9999,True,0,,,pvg,276.0,322.0
694cc31c5b103b0001df1d90,20114239,4875214,芭比波朗,BOBBI BROWN,新羽柔定妆蜜粉饼,1 淡金 PALE YELLOW/9g,美妆护肤-面部彩妆-粉饼,304,276.0,276.0,304,,,9999,True,0,,,pvg,276.0,304.0
694cc2005b103b0001abcf79,20108403,4869555,卡诗,KERASTASE,新防脱发喷雾,125ml,个护家清-美发护发-护发,280,373.0,373.0,280,,,9999,True,0,,,hair,280.0,373.0
6972e7c5891e96000151936a,20119298,5039452,欧舒丹,L'OCCITANE,甜蜜樱花香氛身体乳,500ml,个护家清-身体护理-润肤乳,280,410.0,410.0,280,,,9999,True,0,,,bodylotion,280.0,410.0
694cc2a9f52aff00011240ed,20111678,4872892,朗仕,LAB SERIES,多功能柔珠洁面乳,200ml,美妆护肤-男士护肤-男士洁面,280,333.0,333.0,280,,,9999,True,0,,,pvg,280.0,333.0
694cc3b0f52aff0001126bb8,20117203,4878057,悦木之源,ORIGINS,苹果肌青春精华霜  ,50ml,美妆护肤-面部护肤-乳液面霜,280,333.0,333.0,280,,,9999,True,0,,,cream,280.0,333.0
6972e70d5bac8d0001507103,20116385,5036624,科颜氏,KIEHLS,金盏花舒缓平衡乳液,125ml,美妆护肤-面部护肤-乳液面霜,280,366.0,366.0,280,,,9999,True,0,,,cream,280.0,366.0
694cc3def52aff0001127393,20118094,4879030,雪花秀,Sulwhasoo,滋盈琉光紧致霜,75ml,美妆护肤-面部护肤-乳液面霜,379,587.0,587.0,282,,,9999,True,0,,,cream,282.0,587.0
694cc35956e4f1000101d55d,20115507,4876362,祖·玛珑,JO MALONE LONDON,乌木与佛手柑沐浴露 ,250ml,个护家清-身体护理-沐浴露,390,283.0,283.0,390,,,9999,True,0,,,bodywash,283.0,390.0
698b312e39f57c0001b6648f,20113293,5118977,娇韵诗,CLARINS,沁润奇肌保湿滋润面霜,50ml,美妆护肤-面部护肤-乳液面霜,285,415.0,415.0,285,,,9999,True,0,,,cream,285.0,415.0
694cc3b79cc20b00019c1057,20117266,4878213,倩碧,CLINIQUE,天才黄油有油款,200ml,美妆护肤-面部护肤-乳液面霜,285,336.0,336.0,285,,,9999,True,0,,,cream,285.0,336.0
694cc2e85b103b0001aead10,20113291,4874180,娇韵诗,CLARINS,沁润奇肌保湿水感凝露,75ml,美妆护肤-面部护肤-乳液面霜,285,415.0,415.0,285,,,9999,True,0,,,cream,285.0,415.0
694cc2b15b103b0001aea387,20112128,4873096,娇韵诗,CLARINS,莲花舒颜护理油,30ml,美妆护肤-面部护肤-其它面部护肤,285,400.0,400.0,285,,,9999,True,0,,,pvg,285.0,400.0
694cc2739cc20b00019bd9df,20110672,4871830,卡诗,KERASTASE,赋源芯丝头皮防脱精华液,90ml,个护家清-美发护发-护发,285,397.0,397.0,285,,,9999,True,0,,,hair,285.0,397.0
694cc307f52aff0001125109,20114129,4874800,倩碧,CLINIQUE,【水磁场乳霜】水嫩保湿修护面霜,75ml,美妆护肤-面部护肤-乳液面霜,395,285.0,285.0,395,,,9999,True,0,,,cream,285.0,395.0
694cc2e09cc20b00019bedc6,20112868,4873992,科颜氏,KIEHLS,高保湿面霜,150ml,美妆护肤-面部护肤-乳液面霜,530,590.0,590.0,287,,,9999,True,0,,,cream,287.0,590.0
694cc2ad56e4f1000101b86e,20111742,4872998,黛珂,DECORTÉ,沁活晶澈精华霜,49ml,美妆护肤-面部护肤-乳液面霜,288,384.0,384.0,288,,,9999,True,0,,,cream,288.0,384.0
694cc276f52aff000112398f,20110799,4871898,伊丽莎白雅顿,Elizabeth Arden,时空焕活抗皱紧致眼霜,15ml,美妆护肤-面部护肤-眼霜/眼部精华,288,384.0,384.0,288,,,9999,True,0,,,eye,288.0,384.0
694cc2265b103b0001abd556,20109178,4870337,科颜氏,KIEHLS,金盏花精华水活霜,50ml,美妆护肤-面部护肤-乳液面霜,290,365.0,365.0,290,,,9999,True,0,,,cream,290.0,365.0
694cc3769cc20b00019c05f0,20115836,4876890,后,WHOO,天气丹光耀焕活紧颜滋养液,150ml,美妆护肤-面部护肤-爽肤水/化妆水,372,294.0,294.0,372,,,9999,True,0,,,pvg,294.0,372.0
694cc3ec5b103b0001df3e28,20118430,4879269,伊丽莎白雅顿,Elizabeth Arden,晶璨皙颜焕白弹润霜,50ml,美妆护肤-面部护肤-乳液面霜,355,294.0,294.0,355,,,9999,True,0,,,cream,294.0,355.0
694cc1e256e4f1000101967d,20107728,4868946,范思哲,VERSACE,男士淡香水,50ml,美妆护肤-香水香氛-香水,344,425.0,425.0,295,,,9999,True,0,,,pvg,295.0,425.0
694cc30d5b103b0001df1baf,20113682,4874858,倩碧,CLINIQUE,匀净美白精华水,175ml,美妆护肤-面部护肤-爽肤水/化妆水,297,350.0,350.0,297,,,9999,True,0,,,pvg,297.0,350.0
694cc3e25b103b0001df3b85,20118146,4879070,纪梵希,GIVENCHY,明星四宫格柔雾散粉,N0/12g,美妆护肤-面部彩妆-散粉/蜜粉,299,499.0,499.0,299,,,9999,True,0,,,pvg,299.0,499.0
694cc38d9cc20b00019c0980,20116567,4877386,纪梵希,GIVENCHY,轻盈无痕明星四宫格四色散粉,N3 玫瑰滤镜/12g,美妆护肤-面部彩妆-散粉/蜜粉,299,499.0,499.0,299,,,9999,True,0,,,pvg,299.0,499.0
694cc2fc56e4f1000101c3a2,20113749,4874627,帕尔玛之水,ACQUA DI PARMA,格调手部身体洁肤露（木兰未央调）,300ml,个护家清-身体护理-沐浴露,300,490.0,490.0,300,,,9999,True,0,,,bodywash,300.0,490.0
694cc39156e4f1000101dfcb,20116375,4877419,科颜氏,KIEHLS,精研三酸焕肤精华,50ml,美妆护肤-面部护肤-精华,333,559.0,559.0,300,,,9999,True,0,,,serum,300.0,559.0
694cc22656e4f1000101a22b,20109123,4870339,资生堂,SHISEIDO,盼丽风姿智感抚痕乳霜,50ml,美妆护肤-面部护肤-乳液面霜,337,554.0,554.0,303,,,9999,True,0,,,pvg,303.0,554.0
694cc3c95b103b0001df366e,20117713,4878542,芭比波朗,BOBBI BROWN,【五花肉粉饼】羽柔轻透蜜粉饼,PEARL PINK/10g,美妆护肤-面部彩妆-粉饼,304,357.0,357.0,304,,,9999,True,0,,,pvg,304.0,357.0
694cc3569cc20b00019c0094,20115294,4876333,雅诗兰黛,ESTÉE LAUDER,鲜活亮采红石榴二合一洁面乳 双支装,,美妆护肤-面部护肤-洁面,304,536.0,536.0,304,,,9999,True,0,,,pvg,304.0,536.0
694cc32456e4f1000101ca90,20114578,4875343,黛珂,DECORTÉ,AQ舒活凝光化妆水（滋润型）,200ml,美妆护肤-面部护肤-爽肤水/化妆水,309,537.0,537.0,309,,,9999,True,0,,,pvg,309.0,537.0
694cc2075b103b0001abd025,20108581,4869713,祖·玛珑,JO MALONE LONDON,英国梨与小苍兰沐浴露,250ml,个护家清-身体护理-沐浴露,310,364.0,364.0,310,,,9999,True,0,,,pvg,310.0,364.0
698b3a01b25b840001279f64,20163902,5161447,欧舒丹,L'OCCITANE,草本香菁纯平衡洗发套装,,个护家清-美发护发-洗发,310,470.0,470.0,310,,,9999,True,0,,,shampoo,310.0,470.0
694cc2b65b103b0001aea48e,20112241,4873221,纪梵希,GIVENCHY,光彩水漾丰润面霜,50ml,美妆护肤-面部护肤-乳液面霜,310,480.0,480.0,310,,,9999,True,0,,,cream,310.0,480.0
694cc20a9cc20b00019bc726,20108589,4869783,祖·玛珑,JO MALONE LONDON,鼠尾草与海盐沐浴露,250ml,个护家清-身体护理-沐浴露,310,364.0,364.0,310,,,9999,True,0,,,bodywash,310.0,364.0
694cc209f52aff0001122749,20108580,4869762,祖·玛珑,JO MALONE LONDON,黑莓与月桂叶沐浴露,250ml,个护家清-身体护理-沐浴露,310,364.0,364.0,310,,,9999,True,0,,,bodywash,310.0,364.0
694cc41956e4f1000101f7c4,20119399,4880174,香缇卡,Chantecaille,自然肌肤隔离霜,蛋白色/35g,美妆护肤-面部彩妆-妆前乳/隔离,366,560.0,560.0,312,,,9999,True,0,,,pvg,312.0,560.0
69dda8cc95777300010b0991,20202300,5339691,海蓝之谜,LA MER,平衡修护精萃乳,125ml,美妆护肤-面部护肤-乳液面霜,1692,312.5,312.5,1692,1523.0,买4件 低至￥1523/件,9999,True,0,,,cream,312.5,1692.0
694cc34f56e4f1000101d381,20115225,4876179,娇韵诗,CLARINS,沁润奇肌保湿舒缓精华,30ml,美妆护肤-面部护肤-精华,314,500.0,500.0,314,,,9999,True,0,,,serum,314.0,500.0
694cc2279cc20b00019bcb10,20109190,4870344,海蓝之谜,LA MER,润唇霜,9g,美妆护肤-面部护肤-润唇膏,399,585.0,585.0,319,,,9999,True,0,,,pvg,319.0,585.0
694cc3d656e4f1000101ec7b,20117778,4878862,汤姆福特,TOM FORD,幻魅亮泽唇膏,151  尽欢  ROSE BLUSH/0.9g,美妆护肤-面部彩妆-口红,319,,319.0,319,,,9999,True,0,,,pvg,319.0,319.0
694cc2b89cc20b00019be6a9,20112115,4873245,娇韵诗,CLARINS,紧塑轻盈护理油,100ml,个护家清-身体护理-纤体塑形,319,426.0,426.0,319,,,9999,True,0,,,pvg,319.0,426.0
694cc1f59cc20b00019bc4b0,20108170,4869388,祖·玛珑,JO MALONE LONDON,英国梨与小苍兰润肤乳液,250ml,个护家清-身体护理-润肤乳,421,494.0,494.0,320,,,9999,True,0,,,bodylotion,320.0,494.0
694cc37756e4f1000101db69,20115953,4876909,卡诗,KERASTASE,焕盈塑芯发膜,200ml,个护家清-美发护发-护发,320,421.0,421.0,320,,,9999,True,0,,,hair,320.0,421.0
694cc2b49cc20b00019be60c,20111992,4873170,雅诗兰黛,ESTÉE LAUDER,智妍紧塑精华眼霜  抗皱紧致,15ml,美妆护肤-面部护肤-眼霜/眼部精华,588,,588.0,320,,,9999,True,0,,,eye,320.0,588.0
694cc37ff52aff00011263f6,20116088,4877094,芭比波朗,BOBBI BROWN,持妆修饰三色遮瑕盘,1号 FAIR TO LIGHT 1/6g,美妆护肤-面部彩妆-遮瑕,321,378.0,378.0,321,,,9999,True,0,,,pvg,321.0,378.0
694cc2539cc20b00019bd2c9,20109964,4871173,雅诗兰黛,ESTÉE LAUDER,沁水光透妆前乳,40ml,美妆护肤-面部彩妆-妆前乳/隔离,323,382.0,382.0,323,,,9999,True,0,,,pvg,323.0,382.0
694cc3915b103b0001df2dfe,20116619,4877422,汤姆福特,TOM FORD,琉璃焕彩唇膏,33 裸海 PLAGE NUE/3.3g,美妆护肤-面部彩妆-口红,374,323.0,323.0,374,,,9999,True,0,,,pvg,323.0,374.0
694cc3b356e4f1000101e793,20117167,4878128,悦木之源,ORIGINS,咖啡因焕亮精华,30ml,美妆护肤-面部护肤-精华,323,382.0,382.0,323,,,9999,True,0,,,serum,323.0,382.0
694cc20256e4f10001019b2b,20108393,4869596,倩碧,CLINIQUE,美白乳 匀净卓研润肤乳液,,美妆护肤-面部护肤-乳液面霜,323,382.0,382.0,323,,,9999,True,0,,,cream,323.0,382.0
694cc39f5b103b0001df2ff1,20116620,4877753,汤姆福特,TOM FORD,琉璃焕彩唇膏,32 伊甸 PECHE PARADIS/3.3g,美妆护肤-面部彩妆-口红,374,323.0,323.0,374,,,9999,True,0,,,pvg,323.0,374.0
694cc35556e4f1000101d4d6,20115419,4876318,汤姆福特,TOM FORD,镜面唇蜜,22  朝露  SUNRISE PINK/5.5ml,美妆护肤-面部彩妆-唇彩/唇蜜/唇釉,374,323.0,323.0,374,,,9999,True,0,,,pvg,323.0,374.0
694cc3e756e4f1000101ee46,20118210,4879168,纪梵希,GIVENCHY,明星流光菁润粉底液,0C/30ml,美妆护肤-面部彩妆-粉底液/霜,330,326.0,326.0,330,,,9999,True,0,,,pvg,326.0,330.0
694cc2bff52aff00011244b6,20112210,4873303,纪梵希,GIVENCHY,光彩焕肤柔肤乳,50ml,美妆护肤-面部护肤-乳液面霜,330,520.0,520.0,330,,,9999,True,0,,,cream,330.0,520.0
694cc3e5f52aff0001127465,20118209,4879121,纪梵希,GIVENCHY,明星流光菁润粉底液 ,1.5W/30ml,美妆护肤-面部彩妆-粉底液/霜,330,499.0,499.0,330,,,9999,True,0,,,pvg,330.0,499.0
694cc3485b103b0001df246c,20114993,4876017,芭比波朗,BOBBI BROWN,清透持妆两用粉饼,W-026号 WARM IVORY （暖象牙白）/11g,美妆护肤-面部彩妆-粉饼,398,331.0,331.0,398,,,9999,True,0,,,pvg,331.0,398.0
6972e7e65bac8d00015082f1,20119300,5039688,伊丽莎白雅顿,Elizabeth Arden,【水润嘭嘭胶】60粒 时空焕活水润充盈胶囊精华液,28ml,美妆护肤-面部护肤-精华,444,598.0,598.0,331,,,9999,True,0,,,serum,331.0,598.0
694cc380f52aff0001126477,20116180,4877128,娇韵诗,CLARINS,青春赋活焕采乳液,100ml,美妆护肤-面部护肤-乳液面霜,333,495.0,495.0,333,,,9999,True,0,,,pvg,333.0,495.0
694cc34e9cc20b00019bff5e,20115252,4876156,倩碧,CLINIQUE,智慧专研多效抚纹面颈霜,50ml,美妆护肤-面部护肤-乳液面霜,491,333.0,333.0,491,,,9999,True,0,,,cream,333.0,491.0
694cc24ef52aff00011232c0,20109839,4871112,娇韵诗,CLARINS,修抚身体乳,175ml,个护家清-身体护理-润肤乳,333,510.0,510.0,333,,,9999,True,0,,,bodylotion,333.0,510.0
694cc3325b103b0001df2077,20114577,4875602,黛珂,DECORTÉ,AQ舒活凝光化妆水（倍润型）,200ml,美妆护肤-面部护肤-爽肤水/化妆水,400,339.0,339.0,400,,,9999,True,0,,,pvg,339.0,400.0
694cc39a56e4f1000101e231,20116859,4877632,资生堂,SHISEIDO, 悦薇智感紧颜亮肤水,150ml,美妆护肤-面部护肤-爽肤水/化妆水,455,600.0,600.0,340,,,9999,True,0,,,pvg,340.0,600.0
694cc39e5b103b0001df2fc5,20116861,4877725,资生堂,SHISEIDO,悦薇智感紧颜亮肤水(滋润型) ,150ml,美妆护肤-面部护肤-爽肤水/化妆水,455,600.0,600.0,340,,,9999,True,0,,,pvg,340.0,600.0
694cc1f6f52aff00011222a9,20108192,4869414,祖·玛珑,JO MALONE LONDON,杏桃花与蜂蜜香水,30ml,美妆护肤-香水香氛-香水,485,341.0,341.0,485,,,9999,True,0,,,pvg,341.0,485.0
694cc1f59cc20b00019bc49d,20108189,4869376,祖·玛珑,JO MALONE LONDON,鼠尾草与海盐香水,30ml,美妆护肤-香水香氛-香水,485,571.0,571.0,341,,,9999,True,0,,,pvg,341.0,571.0
694cc21f56e4f1000101a0a4,20109040,4870158,祖·玛珑,JO MALONE LONDON,英国梨与小苍兰香水-预包装,30ml,美妆护肤-香水香氛-香水,485,571.0,571.0,341,,,9999,True,0,,,pvg,341.0,571.0
694cc1f8f52aff0001122314,20108176,4869452,祖·玛珑,JO MALONE LONDON,英国梨与小苍兰香水,30ml,美妆护肤-香水香氛-香水,341,571.0,571.0,341,,,9999,True,0,,,pvg,341.0,571.0
694cc1f69cc20b00019bc4f2,20108184,4869419,祖·玛珑,JO MALONE LONDON,蓝风铃香水,30ml,美妆护肤-香水香氛-香水,341,571.0,571.0,341,,,9999,True,0,,,pvg,341.0,571.0
694cc21f56e4f1000101a094,20109033,4870152,祖·玛珑,JO MALONE LONDON,鼠尾草与海盐香水-预包装,30ml,美妆护肤-香水香氛-香水,356,571.0,571.0,341,,,9999,True,0,,,pvg,341.0,571.0
694cc3715b103b0001df2a96,20115860,4876849,茱莉蔻,JURLIQUE,草本肌源焕新双重精华,30ml,美妆护肤-面部护肤-精华,342,490.0,490.0,342,,,9999,True,0,,,serum,342.0,490.0
694cc2b35b103b0001aea3fc,20112127,4873150,娇韵诗,CLARINS,紧致身体霜,200ml,个护家清-身体护理-纤体塑形,342,480.0,480.0,342,,,9999,True,0,,,pvg,342.0,480.0
694cc32e9cc20b00019bfaea,20114720,4875512,茱莉蔻,JURLIQUE,玫瑰护手霜三件套装（100ml*3）,,个护家清-身体护理-手部护理,398,665.0,665.0,345,,,9999,True,0,,,pvg,345.0,665.0
694cc3475b103b0001df243e,20114996,4875998,朗仕,LAB SERIES,保湿焕亮精华乳液   充能保湿乳,50ml,美妆护肤-男士护肤-男士面部护理,348,410.0,410.0,348,,,9999,True,0,,,pvg,348.0,410.0
698b3a0f00116300016c3a14,20163974,5162332,欧莱雅,L’ORÉAL,巴黎欧莱雅青春密码密集肌能精华肌底液两支装 100ml*2,100m*2,美妆护肤-面部护肤-精华,975,,975.0,348,,,9999,True,0,,,serum,348.0,975.0
694cc3ed9cc20b00019c17ff,20118231,4879308,倩碧,CLINIQUE,【水磁场水光瓶】水嫩焕肤精华 ,30ml,美妆护肤-面部护肤-精华,348,410.0,410.0,348,,,9999,True,0,,,serum,348.0,410.0
694cc38cf52aff00011266e8,20116274,4877380,芭比波朗,BOBBI BROWN, 轻盈持妆气垫粉底液,2号 EXTRA LIGHT/12g,美妆护肤-面部彩妆-气垫,349,410.0,410.0,349,,,9999,True,0,,,pvg,349.0,410.0
694cc381f52aff000112647f,20116267,4877131,芭比波朗,BOBBI BROWN, 轻盈持妆气垫粉底液,1号 PORCELAIN/12g,美妆护肤-面部彩妆-气垫,349,410.0,410.0,349,,,9999,True,0,,,pvg,349.0,410.0
694cc3d59cc20b00019c14f5,20117811,4878851,卡诗,KERASTASE,菁纯亮泽梦幻香氛修护油,75ml,个护家清-美发护发-护发,350,449.0,449.0,350,,,9999,True,0,,,hair,350.0,449.0
694cc34ef52aff0001125b9c,20115256,4876164,馥蕾诗,FRESH,莲花青春晚霜,50ml,美妆护肤-面部护肤-乳液面霜,350,515.0,515.0,350,,,9999,True,0,,,cream,350.0,515.0
698b41054e0c690001df6444,20190766,5206297,娇韵诗,CLARINS,匀净焕白淡斑柔肤水,200ml,美妆护肤-面部护肤-爽肤水/化妆水,350,,350.0,350,,,9999,True,0,,,pvg,350.0,350.0
694cc3d156e4f1000101eb79,20117870,4878745,梅森马吉拉,Maison Margiela,松间落雪香氛蜡烛,165g,美妆护肤-香水香氛-家居香氛,420,350.0,350.0,420,,,9999,True,0,,,fragrance,350.0,420.0
698b3e0696a4df0001f23344,20186870,5192677,雅诗兰黛,ESTÉE LAUDER,轻透持妆粉底液  第二代DW持妆粉底液,2W1/30ml,美妆护肤-面部彩妆-粉底液/霜,352,417.0,417.0,352,,,9999,True,0,,,pvg,352.0,417.0
698b3e2300116300016c96eb,20186889,5193593,雅诗兰黛,ESTÉE LAUDER,轻透持妆粉底液  第二代DW持妆粉底液,1N1/30ml,美妆护肤-面部彩妆-粉底液/霜,352,417.0,417.0,352,,,9999,True,0,,,pvg,352.0,417.0
698b3e2996a4df0001f237dc,20186884,5193820,雅诗兰黛,ESTÉE LAUDER,轻透持妆粉底液 第二代DW持妆粉底液,2N1/30ml,美妆护肤-面部彩妆-粉底液/霜,352,417.0,417.0,352,,,9999,True,0,,,pvg,352.0,417.0
698b3e06b25b84000127fb52,20186885,5192650,雅诗兰黛,ESTÉE LAUDER,轻透持妆粉底液  第二代DW持妆粉底液,1W2/30ml,美妆护肤-面部彩妆-粉底液/霜,352,417.0,417.0,352,,,9999,True,0,,,pvg,352.0,417.0
698b3e0b96a4df0001f2346f,20186879,5192889,雅诗兰黛,ESTÉE LAUDER,轻透持妆粉底液  第二代DW持妆粉底液,0N1/30ml,美妆护肤-面部彩妆-粉底液/霜,352,417.0,417.0,352,,,9999,True,0,,,pvg,352.0,417.0
698b3e1d00116300016c965e,20186886,5193357,雅诗兰黛,ESTÉE LAUDER,轻透持妆粉底液   第二代DW持妆粉底液,1C1/30ml,美妆护肤-面部彩妆-粉底液/霜,352,417.0,417.0,352,,,9999,True,0,,,pvg,352.0,417.0
698dbcaffd41a80001240f3c,20186894,5214199,雅诗兰黛,ESTÉE LAUDER,轻透持妆粉底液  第二代DW持妆粉底液,1W0/30ml,美妆护肤-面部彩妆-粉底液/霜,352,417.0,417.0,352,,,9999,True,0,,,pvg,352.0,417.0
694cc3fc5b103b0001df413e,20118553,4879581,资生堂,SHISEIDO,盼丽风姿智感抚痕日乳,75ml,美妆护肤-面部护肤-乳液面霜,353,483.0,483.0,353,,,9999,True,0,,,cream,353.0,483.0
694cc3cdf52aff0001127096,20117723,4878644,芭比波朗,BOBBI BROWN,轻盈持妆粉底液,N-032 柔沙  SAND/30ml,美妆护肤-面部彩妆-粉底液/霜,355,417.0,417.0,355,,,9999,True,0,,,pvg,355.0,417.0
694cc3eaf52aff0001127552,20118339,4879235,科颜氏,KIEHLS,集焕亮舒缓乳液,100ml,美妆护肤-面部护肤-乳液面霜,355,483.0,483.0,355,,,9999,True,0,,,cream,355.0,483.0
694cc3cf56e4f1000101eb27,20117726,4878683,芭比波朗,BOBBI BROWN,轻盈持妆粉底液,N-012 瓷白 PORCELAIN/30ml,美妆护肤-面部彩妆-粉底液/霜,355,417.0,417.0,355,,,9999,True,0,,,pvg,355.0,417.0
694cc3cc5b103b0001df3735,20117729,4878615,芭比波朗,BOBBI BROWN,轻盈持妆粉底液,W-016 暖瓷白 WARM PORCELAIN/30ml,美妆护肤-面部彩妆-粉底液/霜,355,417.0,417.0,355,,,9999,True,0,,,pvg,355.0,417.0
694cc3d0f52aff000112711a,20117727,4878716,芭比波朗,BOBBI BROWN,轻盈持妆粉底液,N-000 中性雪花白 NEUTRAL ALABASTER/30ml,美妆护肤-面部彩妆-粉底液/霜,355,417.0,417.0,355,,,9999,True,0,,,pvg,355.0,417.0
694cc3ab9cc20b00019c0e58,20116936,4877961,雅诗兰黛,ESTÉE LAUDER,DW方气垫粉底液  防晒 遮瑕 持久,1W1 暖调白皙肤色/一盒两芯 24g,美妆护肤-面部彩妆-气垫,355,417.0,417.0,355,,,9999,True,0,,,pvg,355.0,417.0
694cc2c65b103b0001aea758,20112389,4873485,馥蕾诗,FRESH,玫瑰密集保湿面霜,100ml,美妆护肤-面部护肤-乳液面霜,356,615.0,615.0,356,,,9999,True,0,,,pvg,356.0,615.0
694cc2dd56e4f1000101bdb1,20112703,4873924,欧莱雅,L’ORÉAL,巴黎复颜玻尿酸水光充盈淡纹眼霜双支装,65ml*2,美妆护肤-面部护肤-眼霜/眼部精华,603,1040.0,1040.0,358,,,9999,True,0,,,eye,358.0,1040.0
694cc2c756e4f1000101bb4e,20112401,4873503,馥蕾诗,FRESH,红茶凝时焕活面霜,50ml,美妆护肤-面部护肤-乳液面霜,420,770.0,770.0,360,,,9999,True,0,,,pvg,360.0,770.0
694cc420f52aff0001127e3a,20119402,4880360,香缇卡,Chantecaille,自然肌肤隔离霜,珍光白/35g,美妆护肤-面部彩妆-妆前乳/隔离,366,560.0,560.0,366,,,9999,True,0,,,pvg,366.0,560.0
694cc3885b103b0001df2d79,20116428,4877321,高美蓝,TAKAMI,角质护理精华液,60ml,美妆护肤-面部护肤-精华,450,588.0,588.0,369,,,9999,True,0,,,serum,369.0,588.0
694cc36956e4f1000101d96f,20115752,4876683,伊丽莎白雅顿,Elizabeth Arden,时空焕活淡纹紧致面霜,50ml,美妆护肤-面部护肤-乳液面霜,370,488.0,488.0,370,,,9999,True,0,,,cream,370.0,488.0
694cc39d9cc20b00019c0bd5,20116684,4877692,宝格丽,BVLGARI,白晶柔润香体乳,200ml,个护家清-身体护理-润肤乳,371,445.0,445.0,371,,,9999,True,0,,,bodylotion,371.0,445.0
6972e79e3ae2ea0001905dac,20113403,5038728,雅诗兰黛,ESTÉE LAUDER,鲜活亮采红石榴二合一面霜,50ml,美妆护肤-面部护肤-乳液面霜,493,371.0,371.0,493,,,9999,True,0,,,cream,371.0,493.0
694cc2c7f52aff00011245ec,20112268,4873502,宝格丽,BVLGARI,沐光玫香润体乳,200ml,个护家清-身体护理-润肤乳,371,445.0,445.0,371,,,9999,True,0,,,bodylotion,371.0,445.0
694cc2eaf52aff0001124c32,20113088,4874229,芭比波朗,BOBBI BROWN,密集奢采精华妆前隔离乳（虫草隔离）,40ml,美妆护肤-面部彩妆-妆前乳/隔离,372,438.0,438.0,372,,,9999,True,0,,,pvg,372.0,438.0
694cc39c5b103b0001df2f7f,20116854,4877665,资生堂,SHISEIDO,悦薇智感紧颜亮肤乳(滋润型) ,100ml,美妆护肤-面部护肤-乳液面霜,499,662.0,662.0,373,,,9999,True,0,,,cream,373.0,662.0
694cc2a15b103b0001abea4a,20111643,4872747,朗仕,LAB SERIES,多功能保养乳液,100ml,美妆护肤-男士护肤-男士面部护理,374,441.0,441.0,374,,,9999,True,0,,,pvg,374.0,441.0
694cc245f52aff0001123174,20109770,4870953,汤姆福特,TOM FORD,激情幻魅唇膏,16  斯嘉丽红 SCARLET ROUGE/3g,美妆护肤-面部彩妆-口红,374,441.0,441.0,374,,,9999,True,0,,,pvg,374.0,441.0
694cc3aff52aff0001126b67,20117020,4878016,汤姆福特,TOM FORD,新烈焰幻魅唇膏,15 肆意姜橘 WILD GINGER/3.5g,美妆护肤-面部彩妆-口红,374,441.0,441.0,374,,,9999,True,0,,,pvg,374.0,441.0
694cc2a7f52aff0001124069,20111674,4872852,汤姆福特,TOM FORD,柔雾缎采唇膏 ,50  朱砂痣  ADORED/3.3g,美妆护肤-面部彩妆-口红,374,441.0,441.0,374,,,9999,True,0,,,pvg,374.0,441.0
694cc36856e4f1000101d934,20115702,4876659,馥蕾诗,FRESH,红茶凝时焕活眼霜,15ml,美妆护肤-面部护肤-眼霜/眼部精华,400,376.0,376.0,400,,,9999,True,0,,,eye,376.0,400.0
694cc39b9cc20b00019c0b9b,20116860,4877652,资生堂,SHISEIDO,悦薇智感紧颜亮肤乳,100ml,美妆护肤-面部护肤-乳液面霜,408,662.0,662.0,376,,,9999,True,0,,,cream,376.0,662.0
694cc3e09cc20b00019c1650,20118065,4879045,娇韵诗,CLARINS,透亮焕白淡斑精华露,150ml,美妆护肤-面部护肤-爽肤水/化妆水,379,559.0,559.0,379,,,9999,True,0,,,pvg,379.0,559.0
694cc233f52aff0001122f60,20109452,4870580,莱珀妮,LA PRAIRIE,柔和泡沫洁面膏,125ml,美妆护肤-面部护肤-洁面,699,409.0,409.0,380,,,9999,True,0,,,pvg,380.0,699.0
694cc3119cc20b00019bf61d,20113819,4874939,雪花秀,Sulwhasoo,与润夜间焕活面膜两只装,,美妆护肤-面部护肤-面膜,380,518.0,518.0,380,,,9999,True,0,,,pvg,380.0,518.0
694cc3d8f52aff00011272c7,20118071,4878918,娇韵诗,CLARINS,焕颜紧塑弹力乳液,100ml,美妆护肤-面部护肤-乳液面霜,635,614.0,614.0,380,,,9999,True,0,,,pvg,380.0,635.0
694cc23656e4f1000101a474,20109450,4870606,莱珀妮,LA PRAIRIE,滋润洁面乳,200ml,美妆护肤-面部护肤-洁面,480,409.0,409.0,380,,,9999,True,0,,,pvg,380.0,480.0
694cc2b356e4f1000101b922,20111973,4873145,雅诗兰黛,ESTÉE LAUDER,持妆云烟蜜粉-透明哑光,902 PROFOUND/9g,美妆护肤-面部彩妆-散粉/蜜粉,383,452.0,452.0,383,,,9999,True,0,,,pvg,383.0,452.0
694cc39d56e4f1000101e307,20116840,4877696,黛珂,DECORTÉ,AQ舒活耀白乳液,200ml,美妆护肤-面部护肤-乳液面霜,387,537.0,537.0,387,,,9999,True,0,,,cream,387.0,537.0
694cc35c5b103b0001df280e,20115299,4876388,雅诗兰黛,ESTÉE LAUDER,鲜活亮采红石榴精华水  双支装 ,200ml*2,美妆护肤-面部护肤-爽肤水/化妆水,431,,431.0,388,,,9999,True,0,,,pvg,388.0,431.0
694cc3b2f52aff0001126c0c,20117094,4878099,祖·玛珑,JO MALONE LONDON,柏木与葡萄藤沐浴露,250ml,个护家清-身体护理-沐浴露,390,459.0,459.0,390,,,9999,True,0,,,bodywash,390.0,459.0
694cc35a5b103b0001df27cf,20115509,4876366,祖·玛珑,JO MALONE LONDON,丝绒玫瑰与乌木沐浴露,250ml,个护家清-身体护理-沐浴露,390,459.0,459.0,390,,,9999,True,0,,,pvg,390.0,459.0
694cc364f52aff0001125ecc,20115627,4876569,馥蕾诗,FRESH,玫瑰润泽密集保湿霜双支装,,美妆护肤-面部护肤-乳液面霜,470,695.0,695.0,390,,,9999,True,0,,,cream,390.0,695.0
698b3f0e4e0c690001df558f,20197080,5201373,娇韵诗,CLARINS,轻透养肤防晒乳（润粉色）,50ml,美妆护肤-面部护肤-防晒,460,,460.0,391,,,9999,True,0,,,pvg,391.0,460.0
694cc3f15b103b0001df3fbe,20118427,4879394,馥蕾诗,FRESH,红茶紧致提拉睡眠面膜,100ml,美妆护肤-面部护肤-面膜,466,715.0,715.0,395,,,9999,True,0,,,pvg,395.0,715.0
6972e7d2ab782600011c402b,20113499,5039592,祖·玛珑,JO MALONE LONDON,英国梨与小苍兰润肤喷雾,100ml,个护家清-身体护理-润肤乳,398,469.0,469.0,398,,,9999,True,0,,,pvg,398.0,469.0
694cc2985b103b0001abe9b2,20111499,4872609,祖·玛珑,JO MALONE LONDON,英国梨与小苍兰蜡烛-预包装版,200g,美妆护肤-香水香氛-家居香氛,425,399.0,399.0,425,,,9999,True,0,,,fragrance,399.0,425.0
694cc37ff52aff00011263ec,20116189,4877090,娇韵诗,CLARINS,青春赋活焕采日霜,50ml,美妆护肤-面部护肤-乳液面霜,399,615.0,615.0,399,,,9999,True,0,,,pvg,399.0,615.0
694cc2dd5b103b0001aeaaf9,20112977,4873934,欧莱雅,L’ORÉAL,巴黎黑精华年轻密语新修护肌底液双支装,115ml*2,美妆护肤-面部护肤-精华,810,1115.0,1115.0,399,,,9999,True,0,,,serum,399.0,1115.0
694cc2d49cc20b00019bec97,20112611,4873798,雅诗兰黛,ESTÉE LAUDER,沁水养肤粉底液,1W1#70 BONE 象牙白/30ml,美妆护肤-面部彩妆-粉底液/霜,399,469.0,469.0,399,,,9999,True,0,,,pvg,399.0,469.0
694cc3e99cc20b00019c1754,20118250,4879199,祖·玛珑,JO MALONE LONDON,英国橡树与榛子香氛蜡烛,200g,美妆护肤-香水香氛-家居香氛,425,399.0,399.0,425,,,9999,True,0,,,fragrance,399.0,425.0
694cc3995b103b0001df2f1c,20116436,4877589,高美蓝,TAKAMI,五重维C维E精华液,30ml,美妆护肤-面部护肤-精华,399,532.0,532.0,399,,,9999,True,0,,,serum,399.0,532.0
6972e7e6891e960001519603,20111497,5039692,祖·玛珑,JO MALONE LONDON,青柠罗勒与柑橘蜡烛-预包装版,200g,美妆护肤-香水香氛-家居香氛,425,399.0,399.0,425,,,9999,True,0,,,fragrance,399.0,425.0
694cc25df52aff0001123616,20110274,4871422,范思哲,VERSACE,男士香水套装,香水100ml+沐浴露100ml,美妆护肤-香水香氛-香水套装,471,585.0,585.0,399,,,9999,True,0,,,pvg,399.0,585.0
694cc1e3f52aff0001122038,20107729,4868950,范思哲,VERSACE,男士淡香水,100ml,美妆护肤-香水香氛-香水,469,580.0,580.0,400,,,9999,True,0,,,pvg,400.0,580.0
694cc334f52aff000112586c,20114574,4875659,黛珂,DECORTÉ,AQ舒活凝光乳液（滋润型）,200ml,美妆护肤-面部护肤-乳液面霜,400,537.0,537.0,400,,,9999,True,0,,,pvg,400.0,537.0
694cc1e556e4f100010196f2,20107819,4869007,倩碧,CLINIQUE,天才黄油无油款两件装,125ml*2,美妆护肤-面部护肤-乳液面霜,405,403.0,403.0,405,,,9999,True,0,,,pvg,403.0,405.0
694cc261f52aff0001123722,20110486,4871513,黛珂,DECORTÉ,智密紧颜精华液,50ml,美妆护肤-面部护肤-精华,408,659.0,659.0,408,,,9999,True,0,,,serum,408.0,659.0
698b3130de05310001a00559,20113316,5119025,娇韵诗,CLARINS,透亮焕白淡斑保湿凝霜,50ml,美妆护肤-面部护肤-乳液面霜,408,565.0,565.0,408,,,9999,True,0,,,pvg,408.0,565.0
694cc3e2f52aff000112740a,20118083,4879076,娇韵诗,CLARINS,焕颜紧塑弹力晚霜（滋润型替换装） ,50ml,美妆护肤-面部护肤-乳液面霜,409,,409.0,409,,,9999,True,0,,,cream,409.0,409.0
694cc3e55b103b0001df3c52,20118081,4879116,娇韵诗,CLARINS,焕颜紧塑弹力晚安霜（替换装） ,50ml,美妆护肤-面部护肤-乳液面霜,409,600.0,600.0,409,,,9999,True,0,,,cream,409.0,600.0
694cc3819cc20b00019c07a1,20116179,4877135,娇韵诗,CLARINS,青春赋活焕采晚霜,50ml,美妆护肤-面部护肤-乳液面霜,409,638.0,638.0,409,,,9999,True,0,,,cream,409.0,638.0
694cc2a69cc20b00019be29f,20111793,4872818,祖·玛珑,JO MALONE LONDON,薰衣草与月光花满室幽香香薰,165ml,美妆护肤-香水香氛-家居香氛,593,410.0,410.0,593,,,9999,True,0,,,pvg,410.0,593.0
694cc24856e4f1000101a76d,20109835,4871042,祖·玛珑,JO MALONE LONDON,蓝风铃满室幽香香薰,165ml,美妆护肤-香水香氛-家居香氛,593,410.0,410.0,593,,,9999,True,0,,,fragrance,410.0,593.0
69f1f90a229c800001373954,20187862,5381641,卡诗,KERASTASE,新赋源芯丝头皮防脱精华液,90ml,个护家清-美发护发-护发,410,,410.0,410,,,9999,True,0,,,hair,410.0,410.0
694cc20d56e4f10001019dc2,20108715,4869844,祖·玛珑,JO MALONE LONDON,英国梨与小苍兰香氛满室幽香香薰,165ml,美妆护肤-香水香氛-家居香氛,410,697.0,697.0,410,,,9999,True,0,,,fragrance,410.0,697.0
694cc3e356e4f1000101eda6,20118096,4879087,雪花秀,Sulwhasoo,滋盈琉光润颜水乳礼盒,,美妆护肤-面部护肤-面部护理套装,411,649.0,649.0,411,,,9999,True,0,,,pvg,411.0,649.0
694cc2f4f52aff0001124e7c,20113514,4874491,黛珂,DECORTÉ,牛油果植萃乳液套装,300ml*2,美妆护肤-面部护肤-乳液面霜,549,738.0,738.0,412,,,9999,True,0,,,cream,412.0,738.0
694cc3869cc20b00019c0890,20116135,4877272,黛珂,DECORTÉ,草本植萃精华水,300ml*2,美妆护肤-面部护肤-爽肤水/化妆水,550,738.0,738.0,413,,,9999,True,0,,,pvg,413.0,738.0
694cc1e5f52aff0001122083,20107852,4869004,海蓝之谜,LA MER,手部护理霜,100ml,个护家清-身体护理-手部护理,485,837.0,837.0,419,,,9999,True,0,,,pvg,419.0,837.0
694cc1f35b103b0001abce2e,20108165,4869330,祖·玛珑,JO MALONE LONDON,青柠罗勒与柑橘润肤乳液,250ml,个护家清-身体护理-润肤乳,421,494.0,494.0,421,,,9999,True,0,,,pvg,421.0,494.0
694cc20f5b103b0001abd168,20108707,4869903,祖·玛珑,JO MALONE LONDON,牡丹与胭红麂绒润肤乳液,250ml,个护家清-身体护理-润肤乳,421,494.0,494.0,421,,,9999,True,0,,,pvg,421.0,494.0
694cc1f35b103b0001abce64,20108171,4869343,祖·玛珑,JO MALONE LONDON,橙花润肤乳液,250ml,个护家清-身体护理-润肤乳,421,494.0,494.0,421,,,9999,True,0,,,bodylotion,421.0,494.0
694cc2f59cc20b00019bf126,20113496,4874506,祖·玛珑,JO MALONE LONDON,鼠尾草与海盐润肤乳液,250ml,个护家清-身体护理-润肤乳,421,494.0,494.0,421,,,9999,True,0,,,bodylotion,421.0,494.0
694cc40ff52aff0001127b47,20119103,4880035,伊丽莎白雅顿,Elizabeth Arden,【水润嘭嘭胶】90粒 时空焕活水润充盈胶囊精华液,42ml,美妆护肤-面部护肤-精华,566,763.0,763.0,423,,,9999,True,0,,,serum,423.0,763.0
694cc2149cc20b00019bc844,20108795,4870007,祖·玛珑,JO MALONE LONDON,牡丹与胭红麂绒香氛蜡烛,200g,美妆护肤-香水香氛-家居香氛,425,501.0,501.0,425,,,9999,True,0,,,fragrance,425.0,501.0
694cc2269cc20b00019bcae7,20109175,4870322,祖·玛珑,JO MALONE LONDON,蓝风铃香氛蜡烛,200g,美妆护肤-香水香氛-家居香氛,425,501.0,501.0,425,,,9999,True,0,,,fragrance,425.0,501.0
694cc2165b103b0001abd29f,20108794,4870034,祖·玛珑,JO MALONE LONDON,青柠罗勒与柑橘香氛蜡烛,柑橘香调/200g,美妆护肤-香水香氛-家居香氛,425,501.0,501.0,425,,,9999,True,0,,,fragrance,425.0,501.0
694cc20e5b103b0001abd10d,20108793,4869870,祖·玛珑,JO MALONE LONDON,鼠尾草与海盐香氛蜡烛,200g,美妆护肤-香水香氛-家居香氛,425,501.0,501.0,425,,,9999,True,0,,,fragrance,425.0,501.0
694cc20e5b103b0001abd117,20108796,4869875,祖·玛珑,JO MALONE LONDON,红玫瑰香氛蜡烛,200g,美妆护肤-香水香氛-家居香氛,425,501.0,501.0,425,,,9999,True,0,,,fragrance,425.0,501.0
694cc21256e4f10001019f17,20108792,4869966,祖·玛珑,JO MALONE LONDON,英国梨与小苍兰香氛蜡烛,200g,美妆护肤-香水香氛-家居香氛,425,501.0,501.0,425,,,9999,True,0,,,fragrance,425.0,501.0
694cc2259cc20b00019bcaad,20109174,4870295,祖·玛珑,JO MALONE LONDON,黑石榴香氛蜡烛,200g,美妆护肤-香水香氛-家居香氛,425,500.0,500.0,425,,,9999,True,0,,,fragrance,425.0,500.0
694cc21256e4f10001019f41,20108714,4869977,祖·玛珑,JO MALONE LONDON,黑莓与月桂叶香氛蜡烛,200g,美妆护肤-香水香氛-家居香氛,425,501.0,501.0,425,,,9999,True,0,,,fragrance,425.0,501.0
694cc3ee5b103b0001df3eb7,20118685,4879314,汤姆福特,TOM FORD,珍华乌木香氛沐浴露,240ml,个护家清-身体护理-沐浴露,455,428.0,428.0,455,,,9999,True,0,,,bodywash,428.0,455.0
694cc3f69cc20b00019c19a0,20118775,4879516,资生堂,SHISEIDO, 悦薇智感紧致抗皱眼霜,15ml,美妆护肤-面部护肤-眼霜/眼部精华,525,428.0,428.0,525,,,9999,True,0,,,eye,428.0,525.0
694cc39e9cc20b00019c0c2d,20116589,4877731,伊丽莎白雅顿,Elizabeth Arden,90粒【二代粉胶】时空焕活淡纹紧致胶囊精华液 ,42ml,美妆护肤-面部护肤-精华,578,763.0,763.0,432,,,9999,True,0,,,pvg,432.0,763.0
694cc36d9cc20b00019c0480,20115817,4876765,朗仕,LAB SERIES,锋范抗皱紧致精华水,200ml,美妆护肤-男士护肤-男士面部护理,433,511.0,511.0,433,,,9999,True,0,,,pvg,433.0,511.0
694cc4039cc20b00019c1aef,20118778,4879752,资生堂,SHISEIDO,盼丽风姿智感抚纹精华液,30ml,美妆护肤-面部护肤-精华,436,580.0,580.0,436,,,9999,True,0,,,serum,436.0,580.0
694cc37556e4f1000101daf5,20115947,4876886,伊丽莎白雅顿,Elizabeth Arden,60粒【二代粉胶】时空焕活淡纹紧致胶囊精华液,28ml,美妆护肤-面部护肤-精华,437,598.0,598.0,437,,,9999,True,0,,,serum,437.0,598.0
698b3e0400116300016c9423,20186864,5192570,莱珀妮,LA PRAIRIE,纯皙紧致聚光眼部精华液,15ml,美妆护肤-面部护肤-眼霜/眼部精华,1900,437.0,437.0,1800,1620.0,买4件 低至￥1620/件,9999,True,0,,,eye,437.0,1900.0
694cc2d49cc20b00019bec9c,20112609,4873799,雅诗兰黛,ESTÉE LAUDER,沁水养肤粉底液两支装,1W0#62 WARM PORCELAIN 自然偏白/30ml*2,美妆护肤-面部彩妆-粉底液/霜,486,,486.0,438,,,9999,True,0,,,pvg,438.0,486.0
694cc3a55b103b0001df30a8,20117034,4877889,汤姆福特,TOM FORD,新烈焰幻魅唇膏,16 斯嘉丽红 SCARLET ROUGE/3.5g,美妆护肤-面部彩妆-口红,440,441.0,441.0,440,,,9999,True,0,,,pvg,440.0,441.0
694cc2239cc20b00019bca4f,20109063,4870257,汤姆福特,TOM FORD,琉璃焕彩唇膏,03 日杂奶茶 NUBILE/3.3g,美妆护肤-面部彩妆-口红,440,441.0,441.0,440,,,9999,True,0,,,pvg,440.0,441.0
6972e7db891e96000151954a,20119227,5039677,海蓝之谜,LA MER,丰润唇膏,01 星你本色 BARE/3.4g,美妆护肤-面部护肤-润唇膏,442,585.0,585.0,442,,,9999,True,0,,,pvg,442.0,585.0
694cc1ee5b103b0001abccee,20108070,4869219,资生堂,SHISEIDO,百优全新精纯乳霜,75ml,美妆护肤-面部护肤-乳液面霜,444,727.0,727.0,444,,,9999,True,0,,,cream,444.0,727.0
694cc2269cc20b00019bcae9,20109179,4870323,科颜氏,KIEHLS,金盏花精华水活霜,100ml,美妆护肤-面部护肤-乳液面霜,445,585.0,585.0,445,,,9999,True,0,,,cream,445.0,585.0
698b3e0696a4df0001f23333,20186880,5192655,雅诗兰黛,ESTÉE LAUDER,轻透持妆粉底液双支装  第二代DW持妆粉底液,1W2/30ml*2,美妆护肤-面部彩妆-粉底液/霜,448,749.0,749.0,448,,,9999,True,0,,,pvg,448.0,749.0
698b3e224e0c690001df39db,20186878,5193566,雅诗兰黛,ESTÉE LAUDER,轻透持妆粉底液双支装  第二代DW持妆粉底液,2C0/30ml*2,美妆护肤-面部彩妆-粉底液/霜,448,749.0,749.0,448,,,9999,True,0,,,pvg,448.0,749.0
694cc2539cc20b00019bd310,20109957,4871190,雅诗兰黛,ESTÉE LAUDER,第七代小棕瓶精华 修护淡纹,50ml,美妆护肤-面部护肤-精华,473,840.0,840.0,450,,,9999,True,0,,,pvg,450.0,840.0
694cc2ec5b103b0001aeadf1,20113170,4874281,修丽可,SkinCeuticals,【色修精华】植萃舒缓修复精华露,55ml,美妆护肤-面部护肤-精华,910,,910.0,450,,,9999,True,0,,,serum,450.0,910.0
694cc2d5f52aff000112484c,20112542,4873810,雅诗兰黛,ESTÉE LAUDER,第五代小棕瓶熬夜眼霜双支装  紧致 淡化细纹黑眼圈,,美妆护肤-面部护肤-眼霜/眼部精华,584,882.0,882.0,450,,,9999,True,0,,,eye,450.0,882.0
694cc3be9cc20b00019c11e1,20117424,4878393,卡诗,KERASTASE,山茶花经典香氛护发油 双瓶装,2件装,个护家清-美发护发-护发,494,,494.0,450,,,9999,True,0,,,hair,450.0,494.0
694cc1e1f52aff0001121fd2,20107723,4868908,范思哲,VERSACE,晶钻女士香水,90ml,美妆护肤-香水香氛-香水,522,616.0,616.0,450,,,9999,True,0,,,pvg,450.0,616.0
694cc1e75b103b0001abcb7a,20107866,4869059,SK-II,,晶致美肤乳液【柔嫩润泽】补水保湿,100g,美妆护肤-面部护肤-乳液面霜,632,818.0,818.0,450,,,9999,True,0,,,cream,450.0,818.0
694cc2a6f52aff000112401b,20111640,4872823,朗仕,LAB SERIES,锋范抗皱紧致特润面霜,50ml,美妆护肤-男士护肤-男士面部护理,714,452.0,452.0,714,,,9999,True,0,,,pvg,452.0,714.0
694cc1e99cc20b00019bc284,20107910,4869104,范思哲,VERSACE,爱神男士淡香水,100ml,美妆护肤-香水香氛-香水,453,606.0,606.0,453,,,9999,True,0,,,pvg,453.0,606.0
694cc31d56e4f1000101c9ec,20114123,4875220,祖·玛珑,JO MALONE LONDON,英国梨与小苍兰沐浴露,500ml,个护家清-身体护理-沐浴露,455,536.0,536.0,455,,,9999,True,0,,,pvg,455.0,536.0
694cc319f52aff000112542d,20114124,4875138,祖·玛珑,JO MALONE LONDON,鼠尾草与海盐沐浴露,500ml,个护家清-身体护理-沐浴露,455,536.0,536.0,455,,,9999,True,0,,,bodywash,455.0,536.0
694cc31ef52aff0001125555,20114127,4875255,祖·玛珑,JO MALONE LONDON,牡丹与胭红麂绒沐浴露,500ml,个护家清-身体护理-沐浴露,455,536.0,536.0,455,,,9999,True,0,,,bodywash,455.0,536.0
694cc3365b103b0001df2148,20114617,4875702,倩碧,CLINIQUE,智慧专研修护精华,50ml,美妆护肤-面部护肤-精华,612,456.0,456.0,612,,,9999,True,0,,,serum,456.0,612.0
694cc229f52aff0001122dc5,20109193,4870403,海蓝之谜,LA MER,丰盈唇部精华,7ml,美妆护肤-面部护肤-唇膜/唇部精华,532,788.0,788.0,461,,,9999,True,0,,,pvg,461.0,788.0
694cc2ef9cc20b00019bf020,20113263,4874353,黛珂,DECORTÉ,肌源修护眼部精华液 两支装 ,,美妆护肤-面部护肤-眼霜/眼部精华,745,464.0,464.0,745,,,9999,True,0,,,eye,464.0,745.0
694cc23d56e4f1000101a5a3,20109552,4870769,雅诗兰黛,ESTÉE LAUDER,白金养肤粉底液,2C0#21 COOL VANILLA 自然肤色/30ml,美妆护肤-面部彩妆-粉底液/霜,835,868.0,868.0,465,,,9999,True,0,,,pvg,465.0,868.0
694cc23c9cc20b00019bce82,20109550,4870743,雅诗兰黛,ESTÉE LAUDER,白金养肤粉底液,1C0#19  COOL PORCELAIN白皙肤色/30ml,美妆护肤-面部彩妆-粉底液/霜,835,868.0,868.0,465,,,9999,True,0,,,pvg,465.0,868.0
694cc295f52aff0001123d9d,20111222,4872546,修丽可,SkinCeuticals,果酸焕活复颜精华液 五酸精华,30ml,美妆护肤-面部护肤-精华,560,467.0,467.0,560,,,9999,True,0,,,serum,467.0,560.0
694cc2909cc20b00019bdede,20111255,4872410,芭比波朗,BOBBI BROWN,妆前柔润底霜 ,100ml,美妆护肤-面部彩妆-妆前乳/隔离,540,,540.0,470,,,9999,True,0,,,pvg,470.0,540.0
694cc3e25b103b0001df3b65,20118076,4879064,娇韵诗,CLARINS,密集多维提拉眼霜,15ml,美妆护肤-面部护肤-眼霜/眼部精华,475,614.0,614.0,475,,,9999,True,0,,,eye,475.0,614.0
694cc2285b103b0001abd5c5,20109147,4870374,肌肤之钥,CLE DE PEAU BEAUTE,沁肌调理精华露,170ml,美妆护肤-面部护肤-精华,479,637.0,637.0,479,,,9999,True,0,,,serum,479.0,637.0
694cc2ab5b103b0001aea2bd,20111977,4872935,雅诗兰黛,ESTÉE LAUDER,樱花版微精华露 第二代樱花水,200ml,美妆护肤-面部护肤-爽肤水/化妆水,537,847.0,847.0,483,,,9999,True,0,,,pvg,483.0,847.0
694cc2ad9cc20b00019be426,20111985,4872988,雅诗兰黛,ESTÉE LAUDER,经典版微精华露 第二代原生液,200ml,美妆护肤-面部护肤-爽肤水/化妆水,537,847.0,847.0,483,,,9999,True,0,,,pvg,483.0,847.0
694cc21af52aff0001122a3d,20108886,4870064,祖·玛珑,JO MALONE LONDON,忍冬与印蒿香水,30ml,美妆护肤-香水香氛-香水,485,571.0,571.0,485,,,9999,True,0,,,pvg,485.0,571.0
694cc2235b103b0001abd488,20109029,4870248,祖·玛珑,JO MALONE LONDON,青柠罗勒与柑橘香水 预包装,30ml,美妆护肤-香水香氛-香水,485,571.0,571.0,485,,,9999,True,0,,,pvg,485.0,571.0
694cc1f5f52aff0001122272,20108191,4869391,祖·玛珑,JO MALONE LONDON,橙花香水,30ml,美妆护肤-香水香氛-香水,485,571.0,571.0,485,,,9999,True,0,,,pvg,485.0,571.0
694cc2c15b103b0001aea61b,20112310,4873360,科颜氏,KIEHLS,科颜氏多重修颜眼霜 ,28ml,美妆护肤-面部护肤-眼霜/眼部精华,485,,485.0,485,,,9999,True,0,,,eye,485.0,485.0
694cc37ef52aff0001126398,20116071,4877060,祖·玛珑,JO MALONE LONDON,英国梨与香豌豆香水,30ml,美妆护肤-香水香氛-香水,485,571.0,571.0,485,,,9999,True,0,,,pvg,485.0,571.0
694cc2209cc20b00019bc9d4,20109031,4870196,祖·玛珑,JO MALONE LONDON,橙花香水（预包装）,30ml,美妆护肤-香水香氛-香水,485,571.0,571.0,485,,,9999,True,0,,,pvg,485.0,571.0
694cc2105b103b0001abd174,20108790,4869914,祖·玛珑,JO MALONE LONDON,英国橡树与榛子香水,30ml,美妆护肤-香水香氛-香水,485,571.0,571.0,485,,,9999,True,0,,,pvg,485.0,571.0
694cc22256e4f1000101a161,20109027,4870228,祖·玛珑,JO MALONE LONDON,黑莓与月桂叶香水,30ml,美妆护肤-香水香氛-香水,485,571.0,571.0,485,,,9999,True,0,,,pvg,485.0,571.0
694cc2d59cc20b00019becb4,20112613,4873806,雅诗兰黛,ESTÉE LAUDER,沁水养肤粉底液两支装 2C0#63 COOL VANILLA 自然肤色,,美妆护肤-面部彩妆-粉底液/霜,486,844.0,844.0,486,,,9999,True,0,,,pvg,486.0,844.0
694cc3fdf52aff0001127862,20118684,4879597,雅诗兰黛,ESTÉE LAUDER,新特润修护抗皱紧塑眼霜  小棕微雕眼霜,15ml,美妆护肤-面部护肤-眼霜/眼部精华,615,679.0,679.0,488,,,9999,True,0,,,pvg,488.0,679.0
694cc3b95b103b0001df33b3,20117359,4878266,娇韵诗,CLARINS,新生之美套组,,个护家清-身体护理-身体护理套装,618,828.0,828.0,495,,,9999,True,0,,,pvg,495.0,828.0
694cc3815b103b0001df2c79,20116137,4877149,黛珂,DECORTÉ,莹润粹白澄亮菁华液,40ml,美妆护肤-面部护肤-乳液面霜,498,671.0,671.0,498,,,9999,True,0,,,cream,498.0,671.0
694cc2769cc20b00019bda70,20110867,4871900,芭比波朗,BOBBI BROWN,密集奢采精华粉底液,0.5号 W-016 暖瓷白 WARM PORCELAIN/30ml,美妆护肤-面部彩妆-粉底液/霜,499,588.0,588.0,499,,,9999,True,0,,,pvg,499.0,588.0
694cc2789cc20b00019bdafb,20110864,4871972,芭比波朗,BOBBI BROWN,密集奢采精华粉底液,0号 N-012 瓷白 PORCELAIN/30ml,美妆护肤-面部彩妆-粉底液/霜,499,588.0,588.0,499,,,9999,True,0,,,pvg,499.0,588.0
694cc32556e4f1000101cac5,20114354,4875354,欧舒丹,L'OCCITANE,腊菊赋颜御龄紧致精华乳,30ml,美妆护肤-面部护肤-乳液面霜,500,810.0,810.0,500,,,9999,True,0,,,cream,500.0,810.0
694cc2579cc20b00019bd410,20110048,4871272,资生堂,SHISEIDO,悦薇智感紧塑焕白眼膜,12对*12.5ml,美妆护肤-面部护肤-眼膜,505,,505.0,505,,,9999,True,0,,,pvg,505.0,505.0
6972e7d33ae2ea00019060e1,20118651,5039608,悦木之源,ORIGINS,韦博士灵芝焕能密集修护晚霜,50ml,美妆护肤-面部护肤-乳液面霜,506,595.0,595.0,506,,,9999,True,0,,,cream,506.0,595.0
694cc2dc5b103b0001aeaabe,20112626,4873906,雅诗兰黛,ESTÉE LAUDER,智妍紧塑精华乳  胶原乳,100ml,美妆护肤-面部护肤-乳液面霜,512,798.0,798.0,512,,,9999,True,0,,,cream,512.0,798.0
694cc3d15b103b0001df386b,20118073,4878747,娇韵诗,CLARINS,焕颜紧塑弹力晚安霜,50ml,美妆护肤-面部护肤-乳液面霜,513,738.0,738.0,513,,,9999,True,0,,,pvg,513.0,738.0
694cc2b59cc20b00019be639,20111994,4873183,雅诗兰黛,ESTÉE LAUDER,智妍紧塑精华面霜  胶原面霜(滋润款),75ml,美妆护肤-面部护肤-乳液面霜,609,987.0,987.0,518,,,9999,True,0,,,cream,518.0,987.0
694cc3ff5b103b0001df41ae,20118599,4879638,欧舒丹,L'OCCITANE,腊菊赋颜御龄紧致精华面霜,50ml,美妆护肤-面部护肤-乳液面霜,520,820.0,820.0,520,,,9999,True,0,,,cream,520.0,820.0
694cc3c05b103b0001df355f,20117565,4878440,修丽可,SkinCeuticals,多肽抗皱精华液,30ml,美妆护肤-面部护肤-精华,890,581.0,581.0,520,,,9999,True,0,,,serum,520.0,890.0
694cc31556e4f1000101c806,20113904,4875039,雅诗兰黛,ESTÉE LAUDER,精华级都市防晒霜  隔离霜 清透不粘腻,50ml,美妆护肤-面部护肤-防晒,523,613.0,613.0,523,,,9999,True,0,,,pvg,523.0,613.0
694cc3fe9cc20b00019c1a33,20118693,4879607,汤姆福特,TOM FORD,珍华乌木香氛润肤乳,240ml,个护家清-身体护理-润肤乳,523,637.0,637.0,523,,,9999,True,0,,,bodylotion,523.0,637.0
69fb1cf20d3f2200012a37e7,20204258,5402585,娇韵诗,CLARINS,美胸紧实盈润凝露,50ml,个护家清-身体护理-其它身体护理,535,530.0,530.0,535,,,9999,True,0,,,pvg,530.0,535.0
694cca3f5b103b0001af0b0f,20158643,4915322,欧莱雅,L’ORÉAL,巴黎欧莱雅青春密码密集肌能精华肌底液,100ml,美妆护肤-面部护肤-精华,530,,530.0,530,,,9999,True,0,,,serum,530.0,530.0
694cc2b09cc20b00019be543,20111817,4873080,海蓝之谜,LA MER,修护精萃水,100ml,美妆护肤-面部护肤-爽肤水/化妆水,985,537.0,537.0,985,887.0,买7件 低至￥887/件,9999,True,0,,,pvg,537.0,985.0
694cc39c56e4f1000101e2c4,20116625,4877677,汤姆福特,TOM FORD,柔雾定妆粉,02 IVORY FAWN/9g,美妆护肤-面部彩妆-散粉/蜜粉,542,637.0,637.0,542,,,9999,True,0,,,pvg,542.0,637.0
694cc3ec56e4f1000101ef1f,20118290,4879270,汤姆福特,TOM FORD,轻透柔雾持妆气垫粉底液,0.7 暖调一白 PEARL/12g,美妆护肤-面部彩妆-气垫,543,595.0,595.0,543,,,9999,True,0,,,pvg,543.0,595.0
694cc3785b103b0001df2b32,20115949,4876930,伊丽莎白雅顿,Elizabeth Arden,90粒【轻感金胶】时空焕活清透修护胶囊精华液,42ml  约90粒,美妆护肤-面部护肤-精华,545,726.0,726.0,545,,,9999,True,0,,,pvg,545.0,726.0
694cc37ef52aff00011263cd,20115905,4877080,资生堂,SHISEIDO, 悦薇新智感塑颜抗皱霜,20ml,美妆护肤-面部护肤-眼霜/眼部精华,546,,546.0,546,,,9999,True,0,,,eye,546.0,546.0
694cc25d5b103b0001abdfd1,20110238,4871420,雅诗兰黛,ESTÉE LAUDER,白金眼霜  抗皱 紧致 淡纹 （轻盈版）   ,15ml,美妆护肤-面部护肤-眼霜/眼部精华,637,970.0,970.0,550,,,9999,True,0,,,eye,550.0,970.0
694cc37d5b103b0001df2be0,20116170,4877054,娇韵诗,CLARINS,紧致轻盈身体精华露,400ml,个护家清-身体护理-纤体塑形,551,820.0,820.0,551,,,9999,True,0,,,pvg,551.0,820.0
694cc2229cc20b00019bca13,20109124,4870224,资生堂,SHISEIDO,盼丽风姿智感抚痕面霜,50ml,美妆护肤-面部护肤-乳液面霜,567,554.0,554.0,567,,,9999,True,0,,,cream,554.0,567.0
698b39f64e0c690001dedb8f,20163963,5160902,莱珀妮,LA PRAIRIE,纯皙紧致聚光奢润精萃液,20ml,美妆护肤-面部护肤-精华,2450,564.0,564.0,2400,2160.0,买3件 低至￥2160/件,9999,True,0,,,serum,564.0,2450.0
694cc2d2f52aff00011247bc,20112546,4873761,莱珀妮,LA PRAIRIE,盈润手霜,100ml,个护家清-身体护理-手部护理,650,569.0,569.0,600,,,9999,True,0,,,pvg,569.0,650.0
694cc35df52aff0001125d3a,20115560,4876412,海蓝之谜,LA MER,焕活保湿喷雾,100ml,美妆护肤-面部护肤-精华,570,690.0,690.0,570,,,9999,True,0,,,serum,570.0,690.0
694cc35df52aff0001125cfe,20115322,4876396,悦木之源,ORIGINS,榆绿木提拉紧致淡纹精华  A肽精华 ,48ml,美妆护肤-面部护肤-精华,570,676.0,676.0,570,,,9999,True,0,,,serum,570.0,676.0
694cc2fb9cc20b00019bf27d,20113767,4874625,纪梵希,GIVENCHY,心无禁忌香氛,80ml,美妆护肤-香水香氛-香水,695,570.0,570.0,570,,,9999,True,0,,,pvg,570.0,695.0
694cc3ccf52aff0001127072,20117751,4878614,雅诗兰黛,ESTÉE LAUDER,智妍白胶原乳液  ,100ml,美妆护肤-面部护肤-乳液面霜,571,830.0,830.0,571,,,9999,True,0,,,cream,571.0,830.0
698b3e2600116300016c974b,20187857,5193713,圣罗兰,YSL,悦享青春眼霜,15ml,美妆护肤-面部护肤-眼霜/眼部精华,580,730.0,730.0,580,,,9999,True,0,,,eye,580.0,730.0
694cc3f69cc20b00019c1981,20118563,4879501,肌肤之钥,CLE DE PEAU BEAUTE,光采焕颜防护日乳,125ml,美妆护肤-面部护肤-乳液面霜,580,,580.0,580,,,9999,True,0,,,pvg,580.0,580.0
694cc3535b103b0001df271c,20115297,4876270,雅诗兰黛,ESTÉE LAUDER,鲜活亮采红石榴二合一面霜 两瓶装,50ml*2,美妆护肤-面部护肤-乳液面霜,1048,1047.0,1047.0,588,,,9999,True,0,,,cream,588.0,1048.0
694cc29bf52aff0001123e76,20111498,4872665,祖·玛珑,JO MALONE LONDON,青柠罗勒与柑橘满室幽香香薰-预包装版,165ml,美妆护肤-香水香氛-家居香氛,593,697.0,697.0,593,,,9999,True,0,,,fragrance,593.0,697.0
694cc20ef52aff0001122888,20108801,4869862,祖·玛珑,JO MALONE LONDON,青柠罗勒与柑橘满室幽香香薰,165ml,美妆护肤-香水香氛-家居香氛,593,697.0,697.0,593,,,9999,True,0,,,fragrance,593.0,697.0
694cc3b15b103b0001df3213,20117093,4878078,祖·玛珑,JO MALONE LONDON,鼠尾草与海盐满室幽香香薰（预包装）,165ml,美妆护肤-香水香氛-家居香氛,593,697.0,697.0,593,,,9999,True,0,,,fragrance,593.0,697.0
694cc39b9cc20b00019c0b94,20116850,4877648,祖·玛珑,JO MALONE LONDON,鼠尾草与海盐满室幽香香薰,165ml,美妆护肤-香水香氛-家居香氛,593,697.0,697.0,593,,,9999,True,0,,,fragrance,593.0,697.0
694cc2b456e4f1000101b953,20111965,4873174,祖·玛珑,JO MALONE LONDON,黑莓与月桂叶满室幽香香薰,165ml,美妆护肤-香水香氛-家居香氛,593,697.0,697.0,593,,,9999,True,0,,,fragrance,593.0,697.0
694cc2139cc20b00019bc816,20108791,4869984,祖·玛珑,JO MALONE LONDON,红玫瑰满室幽香香薰,165ml,美妆护肤-香水香氛-家居香氛,593,697.0,697.0,593,,,9999,True,0,,,fragrance,593.0,697.0
694cc29556e4f1000101b548,20111481,4872539,黛珂,DECORTÉ,肌源修护精华液,75ml,美妆护肤-面部护肤-精华,595,824.0,824.0,595,,,9999,True,0,,,serum,595.0,824.0
694cc34af52aff0001125af2,20115154,4876066,朗仕,LAB SERIES,保湿焕亮精华乳液双支装  充能保湿乳,,美妆护肤-男士护肤-男士护肤套装,599,704.0,704.0,599,,,9999,True,0,,,pvg,599.0,704.0
694cc3c0f52aff0001126eaf,20117702,4878445,欧舒丹,L'OCCITANE,焕活舒缓微囊精华液两件装,50ml*2,美妆护肤-面部护肤-精华,854,,854.0,600,,,9999,True,0,,,serum,600.0,854.0
694cc3c49cc20b00019c129d,20117556,4878493,莱珀妮,LA PRAIRIE,鱼子精华眼部啫喱,15ml,美妆护肤-面部护肤-眼霜/眼部精华,711,,711.0,600,,,9999,True,0,,,pvg,600.0,711.0
694cc2e456e4f1000101bf0e,20112999,4874080,修丽可,SkinCeuticals,B5密集保湿凝胶,55ml,美妆护肤-面部护肤-精华,1039,999.0,999.0,600,,,9999,True,0,,,serum,600.0,1039.0
694cc3215b103b0001df1e34,20114274,4875316,SK-II,,致臻赋能焕采精华霜大红瓶面霜,50g,美妆护肤-面部护肤-乳液面霜,695,928.0,928.0,600,,,9999,True,0,,,cream,600.0,928.0
694cc39856e4f1000101e17c,20116753,4877559,兰蔻,LANCOME,全新菁纯眼霜,20ml,美妆护肤-面部护肤-眼霜/眼部精华,690,1092.0,1092.0,600,,,9999,True,0,,,eye,600.0,1092.0
694cc2d05b103b0001aea98c,20112742,4873720,黛珂,DECORTÉ,肌源修护面霜两支装,50ml*2,美妆护肤-面部护肤-乳液面霜,958,603.0,603.0,603,,,9999,True,0,,,pvg,603.0,958.0
694cc4095b103b0001df439e,20118824,4879892,科颜氏,KIEHLS,高保湿霜两件装,,美妆护肤-面部护肤-乳液面霜,604,,604.0,604,,,9999,True,0,,,cream,604.0,604.0
694cc2cf9cc20b00019beb42,20112755,4873697,兰蔻,LANCOME,【塑颜三管精华】三重紧致焕白精华,50ml,美妆护肤-面部护肤-精华,641,1055.0,1055.0,610,,,9999,True,0,,,serum,610.0,1055.0
694cc35556e4f1000101d4e0,20115441,4876323,雅诗兰黛,ESTÉE LAUDER,智妍夜胶原晚霜 紧致 修护 淡纹,75ml,美妆护肤-面部护肤-乳液面霜,675,1089.0,1089.0,618,,,9999,True,0,,,cream,618.0,1089.0
694cc27556e4f1000101aeb5,20110872,4871897,雅诗兰黛,ESTÉE LAUDER,白金眼霜 淡纹 紧致 保湿 （滋润版 ）,15ml,美妆护肤-面部护肤-眼霜/眼部精华,930,970.0,970.0,618,,,9999,True,0,,,eye,618.0,970.0
694cc3e55b103b0001df3c36,20118120,4879109,高美蓝,TAKAMI,黄金C精华小蓝瓶,,美妆护肤-面部护肤-精华,790,622.0,622.0,741,,,9999,True,0,,,serum,622.0,790.0
69dda8fb95777300010b0e8c,20203250,5340686,莱珀妮,LA PRAIRIE,纯皙紧致聚光微囊精华液,30ml,美妆护肤-面部护肤-精华,3200,622.0,622.0,2800,2520.0,买3件 低至￥2520/件,9999,True,0,,,serum,622.0,3200.0
694cc37f5b103b0001df2c1b,20116138,4877081,黛珂,DECORTÉ,莹润粹白澄亮菁华液,60ml,美妆护肤-面部护肤-乳液面霜,624,848.0,848.0,624,,,9999,True,0,,,cream,624.0,848.0
694cc3ef5b103b0001df3f27,20118342,4879347,雪花秀,Sulwhasoo,第六代润致焕活肌底精华液,120ml,美妆护肤-面部护肤-精华,627,,627.0,627,,,9999,True,0,,,pvg,627.0,627.0
694cc3fd5b103b0001df415b,20118562,4879600,肌肤之钥,CLE DE PEAU BEAUTE,光采紧致防护日霜,50ml,美妆护肤-面部护肤-乳液面霜,638,856.0,856.0,638,,,9999,True,0,,,cream,638.0,856.0
694cc3ed9cc20b00019c17ef,20118537,4879296,修丽可,SkinCeuticals,胶原蛋白多肽精华液,30ml,美妆护肤-面部护肤-精华,640,907.0,907.0,640,,,9999,True,0,,,serum,640.0,907.0
694cc3c8f52aff0001126fa6,20117554,4878530,资生堂,SHISEIDO,红妍肌活精华露,100ml,美妆护肤-面部护肤-精华,764,1228.0,1228.0,659,,,9999,True,0,,,serum,659.0,1228.0
698b39fa96a4df0001f1d8c1,20163962,5161135,莱珀妮,LA PRAIRIE,纯皙紧致聚光面霜,50ml,美妆护肤-面部护肤-乳液面霜,2800,668.0,668.0,2500,2250.0,买3件 低至￥2250/件,9999,True,0,,,cream,668.0,2800.0
694cc2125b103b0001abd1cb,20108789,4869959,祖·玛珑,JO MALONE LONDON,英国橡树与榛子香水,100ml,美妆护肤-香水香氛-香水,1190,,1190.0,668,,,9999,True,0,,,pvg,668.0,1190.0
694cc1f956e4f10001019996,20108183,4869458,祖·玛珑,JO MALONE LONDON,蓝风铃香水,100ml,美妆护肤-香水香氛-香水,1190,,1190.0,668,,,9999,True,0,,,pvg,668.0,1190.0
6972e79bab782600011c3c11,20108197,5038662,祖·玛珑,JO MALONE LONDON,鼠尾草与海盐香水,100ml,美妆护肤-香水香氛-香水,698,1190.0,1190.0,668,,,9999,True,0,,,pvg,668.0,1190.0
694cc2249cc20b00019bca70,20109037,4870273,祖·玛珑,JO MALONE LONDON,蓝风铃香水 ,100ml,美妆护肤-香水香氛-香水,1012,1190.0,1190.0,668,,,9999,True,0,,,pvg,668.0,1190.0
694cc1f4f52aff0001122226,20108182,4869353,祖·玛珑,JO MALONE LONDON,英国梨与小苍兰香水,100ml,美妆护肤-香水香氛-香水,698,1190.0,1190.0,668,,,9999,True,0,,,pvg,668.0,1190.0
694cc27356e4f1000101adff,20110611,4871849,伊丽莎白雅顿,Elizabeth Arden,新铂粹御肤精华,50ml,美妆护肤-面部护肤-精华,674,903.0,903.0,674,,,9999,True,0,,,serum,674.0,903.0
694cc3d1f52aff000112714d,20118077,4878751,娇韵诗,CLARINS, 焕颜紧塑弹力面霜,50ml,美妆护肤-面部护肤-乳液面霜,750,725.0,725.0,750,675.0,买8件 低至￥675/件,9999,True,0,,,pvg,675.0,750.0
694cc2d29cc20b00019bebd0,20112569,4873750,雅诗兰黛,ESTÉE LAUDER,小棕瓶精华与眼霜套装,,美妆护肤-面部护肤-面部护理套装,675,1187.0,1187.0,675,,,9999,True,0,,,pvg,675.0,1187.0
694cc40556e4f1000101f3e6,20118777,4879787,肌肤之钥,CLE DE PEAU BEAUTE,光采焕颜修护夜乳,125ml,美妆护肤-面部护肤-乳液面霜,675,,675.0,675,,,9999,True,0,,,pvg,675.0,675.0
694cc3e6f52aff0001127493,20118181,4879146,修丽可,SkinCeuticals,【AGE面霜】全新紧致提升精华霜,48ml,美妆护肤-面部护肤-乳液面霜,1599,1680.0,1680.0,750,675.0,买8件 低至￥675/件,9999,True,0,,,cream,675.0,1680.0
694cc31456e4f1000101c7d6,20114330,4875022,娇兰,GUERLAIN,法国帝皇蜂姿蜜护日霜,50ml,美妆护肤-面部护肤-乳液面霜,750,1160.0,1160.0,750,675.0,买8件 低至￥675/件,9999,True,0,,,cream,675.0,1160.0
694cc3929cc20b00019c09fd,20116409,4877434,娇兰,GUERLAIN,法国帝皇蜂姿蜜护日霜（滋润型） ,50ml,美妆护肤-面部护肤-乳液面霜,750,1150.0,1150.0,750,675.0,买8件 低至￥675/件,9999,True,0,,,cream,675.0,1150.0
698b3e0f00116300016c957d,20186877,5193033,雅诗兰黛,ESTÉE LAUDER,轻透持妆粉底液双支装  第二代DW持妆粉底液,1W1/30ml*2,美妆护肤-面部彩妆-粉底液/霜,750,749.0,749.0,750,675.0,买8件 低至￥675/件,9999,True,0,,,pvg,675.0,750.0
694cc1f15b103b0001abcdb2,20108092,4869286,伊丽莎白雅顿,Elizabeth Arden,金胶精华油次抛胶囊维稳精华神经酰胺套组 约180粒,14ml*6,美妆护肤-面部护肤-精华,854,1275.0,1275.0,683,,,9999,True,0,,,pvg,683.0,1275.0
694cc40af52aff0001127a69,20119028,4879927,纪梵希,GIVENCHY,修颜紧致精华,30ml,美妆护肤-面部护肤-精华,759,1070.0,1070.0,759,684.0,买8件 低至￥684/件,9999,True,0,,,serum,684.0,1070.0
694cc3fd5b103b0001df4148,20118560,4879585,肌肤之钥,CLE DE PEAU BEAUTE,光采紧致修护夜霜,50ml,美妆护肤-面部护肤-乳液面霜,684,,684.0,684,,,9999,True,0,,,pvg,684.0,684.0
694cc27f5b103b0001abe4e0,20110851,4872124,伊丽莎白雅顿,Elizabeth Arden,180粒【二代粉胶】次抛A醇精华套组,42ml*2 约180粒,美妆护肤-面部护肤-精华,1025,1375.0,1375.0,765,689.0,买8件 低至￥689/件,9999,True,0,,,serum,689.0,1375.0
694cc31c56e4f1000101c9bd,20114467,4875203,宝丽,POLA,POLA 碧艾精华泡沫乳液,84g,美妆护肤-面部护肤-乳液面霜,689,725.0,725.0,689,,,9999,True,0,,,cream,689.0,725.0
698b39dcb25b840001279c38,20163834,5159780,娇韵诗,CLARINS,莹亮丝滑身体精华露套组,200ml*2,个护家清-身体护理-润肤乳,768,990.0,990.0,768,692.0,买8件 低至￥692/件,9999,True,0,,,bodylotion,692.0,990.0
694cc32956e4f1000101cb6b,20114269,4875398,SK-II,,致臻赋能焕采精华霜大红瓶面霜 轻盈型,50g,美妆护肤-面部护肤-乳液面霜,695,928.0,928.0,695,,,9999,True,0,,,cream,695.0,928.0
694cc21ef52aff0001122b75,20109023,4870141,祖·玛珑,JO MALONE LONDON,鼠尾草与海盐香水 -预包装,100ml,美妆护肤-香水香氛-香水,1190,698.0,698.0,1190,1071.0,买6件 低至￥1071/件,9999,True,0,,,pvg,698.0,1190.0
694cc2469cc20b00019bd0c9,20109958,4870997,雅诗兰黛,ESTÉE LAUDER,第七代小棕瓶精华 修护淡纹,100ml,美妆护肤-面部护肤-精华,1345,1344.0,1344.0,699,,,9999,True,0,,,serum,699.0,1345.0
694cc33456e4f1000101cddb,20114587,4875662,娇兰,GUERLAIN,帝皇蜂姿蜜护日霜（补充装） ,50ml,美妆护肤-面部护肤-乳液面霜,700,,700.0,700,,,9999,True,0,,,cream,700.0,700.0
69f202e3229c8000013744f6,20199096,5384508,海蓝之谜,LA MER,精华防晒隔离乳SPF50+ ,50ml,美妆护肤-面部护肤-防晒,778,915.0,915.0,708,,,9999,True,0,,,pvg,708.0,915.0
694cc37e5b103b0001df2bfb,20116150,4877066,娇韵诗,CLARINS,多维塑颜焕采日霜,50ml,美妆护肤-面部护肤-乳液面霜,713,,713.0,713,,,9999,True,0,,,cream,713.0,713.0
694cc2ef56e4f1000101c111,20113259,4874370,祖·玛珑,JO MALONE LONDON,丝绒玫瑰与乌木满室幽香香薰,165ml,美妆护肤-香水香氛-家居香氛,714,840.0,840.0,714,,,9999,True,0,,,fragrance,714.0,840.0
694cc3679cc20b00019c0347,20115557,4876636,海蓝之谜,LA MER,沁润焕肤水,200ml,美妆护肤-面部护肤-爽肤水/化妆水,718,875.0,875.0,718,,,9999,True,0,,,pvg,718.0,875.0
694cc3e75b103b0001df3cc6,20118233,4879151,海蓝之谜,LA MER,平衡修护精萃水,150ml,美妆护肤-面部护肤-爽肤水/化妆水,1199,1344.0,1344.0,800,720.0,买8件 低至￥720/件,9999,True,0,,,pvg,720.0,1344.0
694cc3015b103b0001df19d9,20113867,4874685,宝丽,POLA,POLA 碧艾重塑紧致眼霜（经典版） ,26g,美妆护肤-面部护肤-眼霜/眼部精华,1045,,1045.0,799,720.0,买8件 低至￥720/件,9999,True,0,,,eye,720.0,1045.0
694cc2b0f52aff00011242bf,20111983,4873067,雅诗兰黛,ESTÉE LAUDER,经典版微精华露双支装 第二代原生液,200ml*2,美妆护肤-面部护肤-爽肤水/化妆水,950,1526.0,1526.0,799,720.0,买8件 低至￥720/件,9999,True,0,,,pvg,720.0,1526.0
694cc2cef52aff0001124713,20112451,4873689,兰蔻,LANCOME,全新眼部肌底精华液「小黑瓶」家族大眼精华,,美妆护肤-面部护肤-眼霜/眼部精华,903,1168.0,1168.0,800,720.0,买8件 低至￥720/件,9999,True,0,,,eye,720.0,1168.0
694cc339f52aff00011258f5,20114777,4875777,娇兰,GUERLAIN, 帝皇蜂姿蜜护晚霜（补充装）,50ml,美妆护肤-面部护肤-乳液面霜,808,1099.0,1099.0,808,728.0,买8件 低至￥728/件,9999,True,0,,,cream,728.0,1099.0
694cc2965b103b0001abe925,20111482,4872548,黛珂,DECORTÉ,肌源修护精华液,100ml,美妆护肤-面部护肤-精华,736,995.0,995.0,736,,,9999,True,0,,,serum,736.0,995.0
694cc3b6f52aff0001126cdf,20117274,4878195,雅诗兰黛,ESTÉE LAUDER,【全新】大棕罐封愈膜霜 淡纹 修护 抗老,65ml,美妆护肤-面部护肤-乳液面霜,738,868.0,868.0,738,,,9999,True,0,,,cream,738.0,868.0
694cc3a55b103b0001df30b1,20117010,4877897,海蓝之谜,LA MER,修护焕新精萃水,200ml,美妆护肤-面部护肤-爽肤水/化妆水,1550,917.0,917.0,825,743.0,买8件 低至￥743/件,9999,True,0,,,pvg,743.0,1550.0
694cc27656e4f1000101aefb,20110809,4871918,宝丽,POLA,POLA 碧艾乳液 （经典版）,80ml,美妆护肤-面部护肤-乳液面霜,1197,1260.0,1260.0,838,755.0,买8件 低至￥755/件,9999,True,0,,,cream,755.0,1260.0
694cc39556e4f1000101e0d4,20116751,4877499,兰蔻,LANCOME,全新菁纯眼霜,双支装 20ml*2,美妆护肤-面部护肤-眼霜/眼部精华,1865,2016.0,2016.0,850,765.0,买8件 低至￥765/件,9999,True,0,,,eye,765.0,2016.0
694cc2ca5b103b0001aea846,20112545,4873586,莱珀妮,LA PRAIRIE,瑞士轻盈防晒乳液 SPF50/PA+++,50ml,美妆护肤-面部护肤-防晒,1044,,1044.0,850,765.0,买8件 低至￥765/件,9999,True,0,,,pvg,765.0,1044.0
694cc3cff52aff00011270d4,20117750,4878679,雅诗兰黛,ESTÉE LAUDER,白金级蕴能黑钻光璨眼霜  白金6D黑钻眼霜,15ml,美妆护肤-面部护肤-眼霜/眼部精华,1150,1094.0,1094.0,875,788.0,买7件 低至￥788/件,9999,True,0,,,eye,788.0,1150.0
694cc25d9cc20b00019bd5cb,20110239,4871424,雅诗兰黛,ESTÉE LAUDER,白金级蕴能黑钻奢华眼部精华 黑松露眼精华 色提因,15ml,美妆护肤-面部护肤-眼霜/眼部精华,950,1400.0,1400.0,880,792.0,买7件 低至￥792/件,9999,True,0,,,eye,792.0,1400.0
694cc3dc5b103b0001df3a78,20118066,4879002,娇韵诗,CLARINS,透亮焕白淡斑匀净专研精华,50ml,美妆护肤-面部护肤-精华,885,856.0,856.0,885,797.0,买7件 低至￥797/件,9999,True,0,,,serum,797.0,885.0
698b39f3b25b840001279e32,20163886,5160739,莱珀妮,LA PRAIRIE,鱼子精华琼贵眼霜双件套装,,美妆护肤-面部护肤-眼霜/眼部精华,3600,805.2,805.2,3000,,,9999,True,0,,,eye,805.2,3600.0
694cc31df52aff0001125524,20114266,4875230,SK-II,,致臻赋能焕采精华霜大红瓶面霜 轻盈型,80g,美妆护肤-面部护肤-乳液面霜,1355,,1355.0,900,810.0,买7件 低至￥810/件,9999,True,0,,,cream,810.0,1355.0
694cc382f52aff000112650d,20116326,4877178,修丽可,SkinCeuticals,臻白焕亮日间精华液 30ml,30ml,美妆护肤-面部护肤-精华,941,,941.0,900,810.0,买7件 低至￥810/件,9999,True,0,,,serum,810.0,941.0
694cc2cd5b103b0001aea8dc,20112541,4873650,娇兰,GUERLAIN,帝皇蜂姿双效焕新紧塑精华露,50ml,美妆护肤-面部护肤-精华,899,1499.0,1499.0,899,810.0,买7件 低至￥810/件,9999,True,0,,,serum,810.0,1499.0
694cc20e56e4f10001019dfa,20108778,4869866,海蓝之谜,LA MER,沁润精萃面膜,27.5g*6片,美妆护肤-面部护肤-面膜,1280,1323.0,1323.0,907,817.0,买7件 低至￥817/件,9999,True,0,,,pvg,817.0,1323.0
694cc1e45b103b0001abcad2,20107791,4868989,海蓝之谜,LA MER,经典型精华面霜,30ml,美妆护肤-面部护肤-乳液面霜,1073,1628.0,1628.0,949,855.0,买7件 低至￥855/件,9999,True,0,,,pvg,855.0,1628.0
694cc3889cc20b00019c08df,20116173,4877316,娇韵诗,CLARINS,双萃焕活修护精华,50ml,美妆护肤-面部护肤-精华,855,900.0,900.0,855,,,9999,True,0,,,serum,855.0,900.0
694cc3d29cc20b00019c146a,20118069,4878767,娇韵诗,CLARINS,双萃焕活修护精华-轻盈版,50ml,美妆护肤-面部护肤-精华,900,855.0,855.0,900,,,9999,True,0,,,pvg,855.0,900.0
694cc3db5b103b0001df3a6a,20118287,4878991,汤姆福特,TOM FORD,璀璨流光淡香水,100ml,美妆护肤-香水香氛-香水,956,931.0,931.0,956,861.0,买7件 低至￥861/件,9999,True,0,,,pvg,861.0,956.0
694cc2415b103b0001abdaf5,20109668,4870862,海蓝之谜,LA MER,浓缩修护眼霜,15ml,美妆护肤-面部护肤-眼霜/眼部精华,1248,1876.0,1876.0,980,882.0,买7件 低至￥882/件,9999,True,0,,,eye,882.0,1876.0
694cc1f8f52aff00011222f2,20108236,4869441,SK-II,,肌因光蕴祛斑精华露【匀净透白 绽现清透肌肤】淡斑提亮,50ml,美妆护肤-面部护肤-精华,1283,1350.0,1350.0,990,891.0,买7件 低至￥891/件,9999,True,0,,,serum,891.0,1350.0
694cc4055b103b0001df42ea,20119038,4879788,莱珀妮,LA PRAIRIE,紧致粉底液连遮瑕膏(SPF 15) ,粉嫩象牙色 TENDER IVORY/30ml+2g,美妆护肤-面部彩妆-粉底液/霜,1200,1291.0,1291.0,990,891.0,买7件 低至￥891/件,9999,True,0,,,pvg,891.0,1291.0
694cc41956e4f1000101f7cc,20119047,4880176,莱珀妮,LA PRAIRIE,紧致粉底液连遮瑕膏(SPF 15) ,娇柔花瓣色 PETALE/30ml+2g,美妆护肤-面部彩妆-粉底液/霜,1200,1291.0,1291.0,990,891.0,买7件 低至￥891/件,9999,True,0,,,pvg,891.0,1291.0
694cc37656e4f1000101db1f,20115926,4876895,娇韵诗,CLARINS,双萃焕活修护精华,100ml,美妆护肤-面部护肤-精华,1500,,1500.0,898,,,9999,True,0,,,serum,898.0,1500.0
694cc3cc5b103b0001df3745,20117827,4878621,迪奥,DIOR,克丽丝汀肌活蕴能日霜,50ml,美妆护肤-面部护肤-乳液面霜,920,,920.0,920,,,9999,True,0,,,cream,920.0,920.0
694cc2ae56e4f1000101b887,20111982,4873024,雅诗兰黛,ESTÉE LAUDER,白金级蕴能黑钻光璨肌活精华液 黑钻松露精华 ,30ml,美妆护肤-面部护肤-精华,1247,,1247.0,1040,936.0,买6件 低至￥936/件,9999,True,0,,,serum,936.0,1247.0
694cc2cd9cc20b00019beac5,20112556,4873642,雅诗兰黛,ESTÉE LAUDER,白金养肤粉底液两支装,2C0#21  COOL VANILLA 自然肤色/30ml*2,美妆护肤-面部彩妆-粉底液/霜,1064,1561.0,1561.0,1064,958.0,买6件 低至￥958/件,9999,True,0,,,pvg,958.0,1561.0
694cc3299cc20b00019bf9e2,20114347,4875387,迪奥,DIOR,花秘瑰萃微凝珠精华水,150ml,美妆护肤-面部护肤-精华,960,1040.0,1040.0,960,,,9999,True,0,,,serum,960.0,1040.0
694cc3d556e4f1000101ec30,20118173,4878833,娇兰,GUERLAIN,【全新第四代复原蜜】帝皇蜂姿复原蜜精华双套装,复原蜜50ml*2,美妆护肤-面部护肤-精华,1780,1110.0,1110.0,960,,,9999,True,0,,,serum,960.0,1780.0
698b39f300116300016c3688,20163412,5160711,娇韵诗,CLARINS,多维塑颜焕采晚霜,50ml,美妆护肤-面部护肤-乳液面霜,1130,972.0,972.0,1130,1017.0,买6件 低至￥1017/件,9999,True,0,,,cream,972.0,1130.0
694cc4129cc20b00019c1d97,20119318,4880083,兰蔻,LANCOME,塑颜三重紧致焕颜视黄醇精华乳,50ml,美妆护肤-面部护肤-乳液面霜,1088,1368.0,1368.0,1088,980.0,买6件 低至￥980/件,9999,True,0,,,cream,980.0,1368.0
6972e7e9891e960001519645,20119447,5039704,SK-II,,光蕴恒璨焕亮精华露,50ml,美妆护肤-面部护肤-精华,1855,1605.0,1605.0,1100,990.0,买6件 低至￥990/件,9999,True,0,,,serum,990.0,1855.0
694cc381f52aff00011264bc,20116156,4877152,莱珀妮,LA PRAIRIE,鱼子精华气垫粉底 SPF 40/PA+++,NW-10 粉嫩象牙色 Tender Ivory/（1正1替）15ml*2,美妆护肤-面部彩妆-气垫,1199,1140.0,1140.0,1099,990.0,买6件 低至￥990/件,9999,True,0,,,pvg,990.0,1199.0
694cc2f39cc20b00019bf0e8,20113579,4874461,赫莲娜,HR,悦活强韧青春眼部精华乳套装,15ml*2,美妆护肤-面部护肤-眼霜/眼部精华,1398,998.0,998.0,1398,1259.0,买5件 低至￥1259/件,9999,True,0,,,eye,998.0,1398.0
694cc34bf52aff0001125b1b,20115214,4876084,海蓝之谜,LA MER,修护身体乳,160ml,个护家清-身体护理-润肤乳,1148,1400.0,1400.0,1148,1034.0,买6件 低至￥1034/件,9999,True,0,,,bodylotion,1034.0,1400.0
694cc3c65b103b0001df35b8,20117736,4878504,倩碧,CLINIQUE,【302光子镭射瓶】美白祛斑精华露双支装套装,100ml*2,美妆护肤-面部护肤-精华,2238,2237.0,2237.0,1158,1043.0,买6件 低至￥1043/件,9999,True,0,,,pvg,1043.0,2238.0
694cc3505b103b0001df262d,20115296,4876193,雅诗兰黛,ESTÉE LAUDER,全新红石榴  纯净三部曲套装 ,,美妆护肤-面部护肤-面部护理套装,1160,1162.0,1162.0,1160,1044.0,买6件 低至￥1044/件,9999,True,0,,,pvg,1044.0,1162.0
694cc376f52aff0001126147,20115924,4876893,肌肤之钥,CLE DE PEAU BEAUTE,紧致御纹精华眼霜,15ml,美妆护肤-面部护肤-眼霜/眼部精华,1161,1688.0,1688.0,1161,1045.0,买6件 低至￥1045/件,9999,True,0,,,eye,1045.0,1688.0
698b39ec4e0c690001ded9ef,20163999,5160318,雅诗兰黛,ESTÉE LAUDER, 智妍胶原精华,50ml,美妆护肤-面部护肤-精华,1173,,1173.0,1173,1056.0,买6件 低至￥1056/件,9999,True,0,,,pvg,1056.0,1173.0
694cc3525b103b0001df26bf,20115391,4876244,海蓝之谜,LA MER,沁润型精华凝霜,30ml,美妆护肤-面部护肤-精华,1187,1083.0,1083.0,1187,1069.0,买6件 低至￥1069/件,9999,True,0,,,serum,1069.0,1187.0
694cc2399cc20b00019bcdb9,20109456,4870672,莱珀妮,LA PRAIRIE,鱼子精华紧致精粹露,150ml,美妆护肤-面部护肤-爽肤水/化妆水,1300,1294.0,1294.0,1200,1080.0,买5件 低至￥1080/件,9999,True,0,,,pvg,1080.0,1300.0
694cc25256e4f1000101a851,20109956,4871156,雅诗兰黛,ESTÉE LAUDER,第七代小棕瓶精华双支装 修护淡纹,100ml*2,美妆护肤-面部护肤-精华,2418,1359.0,1359.0,1199,1080.0,买6件 低至￥1080/件,9999,True,0,,,serum,1080.0,2418.0
694cc1e09cc20b00019bc12d,20107789,4868907,海蓝之谜,LA MER,紧塑焕采眼霜,15ml,美妆护肤-面部护肤-眼霜/眼部精华,1745,1796.0,1796.0,1200,1080.0,买5件 低至￥1080/件,9999,True,0,,,eye,1080.0,1796.0
694cc27e9cc20b00019bdc36,20110870,4872117,海蓝之谜,LA MER,修护精萃乳,125ml,美妆护肤-面部护肤-乳液面霜,2100,2188.0,2188.0,1231,1108.0,买5件 低至￥1108/件,9999,True,0,,,pvg,1108.0,2188.0
694cc33956e4f1000101cf12,20114858,4875767,馥蕾诗,FRESH,古源传奇面部精华油,30ml,美妆护肤-面部护肤-精华,1290,1800.0,1800.0,1290,1161.0,买5件 低至￥1161/件,9999,True,0,,,serum,1161.0,1800.0
694cc26bf52aff0001123814,20110487,4871660,资生堂,SHISEIDO,百优全新精纯乳霜两件套组,75ml*2,美妆护肤-面部护肤-乳液面霜,1308,,1308.0,1308,1178.0,买5件 低至￥1178/件,9999,True,0,,,cream,1178.0,1308.0
694cc3e6f52aff0001127489,20118180,4879143,兰蔻,LANCOME,全新菁纯臻颜乳霜 轻盈型,60ml,美妆护肤-面部护肤-乳液面霜,1490,1729.0,1729.0,1341,1207.0,买5件 低至￥1207/件,9999,True,0,,,cream,1207.0,1729.0
694cc3a35b103b0001df3051,20117008,4877836,海蓝之谜,LA MER,紧致焕颜奇迹晚霜,30ml,美妆护肤-面部护肤-乳液面霜,1406,1754.0,1754.0,1350,1215.0,买5件 低至￥1215/件,9999,True,0,,,pvg,1215.0,1754.0
694cc3ba9cc20b00019c10eb,20117555,4878295,资生堂,SHISEIDO,红妍肌活精华露组合,,美妆护肤-面部护肤-精华,1349,2222.0,2222.0,1349,1215.0,买5件 低至￥1215/件,9999,True,0,,,serum,1215.0,2222.0
694cc1f8f52aff00011222e5,20108237,4869437,SK-II,,肌因光蕴祛斑精华露【匀净透白 绽现清透肌肤】淡斑提亮,75ml,美妆护肤-面部护肤-精华,1762,1855.0,1855.0,1350,1215.0,买5件 低至￥1215/件,9999,True,0,,,serum,1215.0,1855.0
694cc2b8f52aff0001124428,20111978,4873239,雅诗兰黛,ESTÉE LAUDER,赋活修护滋润套装,,美妆护肤-面部护肤-面部护理套装,2408,,2408.0,1360,1224.0,买5件 低至￥1224/件,9999,True,0,,,pvg,1224.0,2408.0
694cc31d56e4f1000101c9f1,20114263,4875222,海蓝之谜,LA MER,焕活精华油,30ml,美妆护肤-面部护肤-精华,1510,2258.0,2258.0,1359,1224.0,买5件 低至￥1224/件,9999,True,0,,,serum,1224.0,2258.0
694cc3709cc20b00019c0544,20115845,4876829,迪奥,DIOR,克丽丝汀花秘瑰萃光皙焕润精萃露,150ml,美妆护肤-面部护肤-精华,1232,1240.0,1240.0,1232,,,9999,True,0,,,serum,1232.0,1240.0
694cc25d5b103b0001abdfe9,20110245,4871428,雅诗兰黛,ESTÉE LAUDER,白金面霜  紧致提拉 修护淡纹 改善暗沉 （经典版）,50ml,美妆护肤-面部护肤-乳液面霜,1625,2489.0,2489.0,1380,1242.0,买5件 低至￥1242/件,9999,True,0,,,cream,1242.0,2489.0
694cc39ef52aff00011269bd,20116858,4877714,资生堂,SHISEIDO,时光琉璃丰盈日霜,50ml,美妆护肤-面部护肤-乳液面霜,1386,1779.0,1779.0,1386,1248.0,买5件 低至￥1248/件,9999,True,0,,,cream,1248.0,1779.0
698b3a0ab25b840001279ff3,20163937,5162025,资生堂,SHISEIDO,悦薇智感视黄醇抗皱霜两件套套装,20ml*2,美妆护肤-面部护肤-眼霜/眼部精华,1470,1419.0,1419.0,1470,1323.0,买5件 低至￥1323/件,9999,True,0,,,eye,1323.0,1470.0
69bbd27c63cc6b0001adf0d3,20187289,5276781,SK-II,,肌因光蕴祛斑精华露,50ml,美妆护肤-面部护肤-精华,1631,1350.0,1350.0,1631,1468.0,买4件 低至￥1468/件,9999,True,0,,,serum,1350.0,1631.0
694cc317f52aff00011253a8,20113979,4875091,馥蕾诗,FRESH,古源白松露面部精华乳,30ml,美妆护肤-面部护肤-精华,1685,2530.0,2530.0,1500,1350.0,买4件 低至￥1350/件,9999,True,0,,,serum,1350.0,2530.0
694cc1e65b103b0001abcb06,20107792,4869016,海蓝之谜,LA MER,经典型精华面霜  ,60ml,美妆护肤-面部护肤-乳液面霜,2875,2993.0,2993.0,1510,1359.0,买4件 低至￥1359/件,9999,True,0,,,cream,1359.0,2993.0
694cc2e156e4f1000101be96,20113121,4874025,莱珀妮,LA PRAIRIE,鱼子精华琼贵眼霜,20ml,美妆护肤-面部护肤-眼霜/眼部精华,1973,,1973.0,1400,,,9999,True,0,,,pvg,1400.0,1973.0
694cc2cd5b103b0001aea8cf,20112557,4873647,雅诗兰黛,ESTÉE LAUDER,白金养肤粉底液两支装 ,1C0#19 COOL PORCELAIN白皙肤色/30ml*2,美妆护肤-面部彩妆-粉底液/霜,1560,1561.0,1561.0,1560,1404.0,买4件 低至￥1404/件,9999,True,0,,,pvg,1404.0,1561.0
69f20299d9e7f2000102c2aa,20197805,5384365,海蓝之谜,LA MER,紧致焕颜精华眼霜 ,15 ml,美妆护肤-面部护肤-眼霜/眼部精华,1685,1755.0,1755.0,1567,1411.0,买4件 低至￥1411/件,9999,True,0,,,eye,1411.0,1755.0
6972e7ee3ae2ea0001906223,20114011,5039754,赫莲娜,HR,悦活强韧青春精华露,100ml,美妆护肤-面部护肤-精华,2779,,2779.0,1570,1413.0,买4件 低至￥1413/件,9999,True,0,,,serum,1413.0,2779.0
694cc3d95b103b0001df39c8,20118074,4878928,娇韵诗,CLARINS,双萃焕活修护精华-轻盈版,100ml,美妆护肤-面部护肤-精华,1500,1425.0,1425.0,1500,,,9999,True,0,,,pvg,1425.0,1500.0
694cc3f55b103b0001df40c3,20118436,4879486,莱珀妮,LA PRAIRIE,鱼子精华紧颜精萃乳,70ml,美妆护肤-面部护肤-乳液面霜,1900,2317.0,2317.0,1600,1440.0,买4件 低至￥1440/件,9999,True,0,,,cream,1440.0,2317.0
694cc27c56e4f1000101b132,20110884,4872065,雅诗兰黛,ESTÉE LAUDER,白金面霜  紧致提拉 修护淡纹 改善暗沉 （滋润版）,50ml,美妆护肤-面部护肤-乳液面霜,1672,2489.0,2489.0,1600,1440.0,买4件 低至￥1440/件,9999,True,0,,,cream,1440.0,2489.0
694cc35c9cc20b00019c0139,20115298,4876376,雅诗兰黛,ESTÉE LAUDER,全新白金黑钻面霜 紧致美白,50ml,美妆护肤-面部护肤-乳液面霜,1793,2639.0,2639.0,1613,1452.0,买4件 低至￥1452/件,9999,True,0,,,pvg,1452.0,2639.0
69f2029e229c80000137447e,20197825,5384374,赫莲娜,HR,至美琉光恒采密集焕颜精华油,30ml,美妆护肤-面部护肤-精华,1685,1909.0,1909.0,1685,1517.0,买4件 低至￥1517/件,9999,True,0,,,serum,1517.0,1909.0
694cc2925b103b0001abe849,20111292,4872458,莱珀妮,LA PRAIRIE,鱼子精华紧致精粹露,250ml,美妆护肤-面部护肤-爽肤水/化妆水,1942,,1942.0,1700,1530.0,买4件 低至￥1530/件,9999,True,0,,,pvg,1530.0,1942.0
694cc40e5b103b0001df4437,20119244,4880026,海蓝之谜,LA MER,夜间焕肤精华油,30ml,美妆护肤-面部护肤-精华,2200,2300.0,2300.0,1725,1553.0,买4件 低至￥1553/件,9999,True,0,,,pvg,1553.0,2300.0
694cc32a9cc20b00019bfa1a,20114262,4875417,海蓝之谜,LA MER,提升紧致精华露,30ml,美妆护肤-面部护肤-精华,2700,2797.0,2797.0,1728,1556.0,买4件 低至￥1556/件,9999,True,0,,,serum,1556.0,2797.0
694cc2e4f52aff0001124af7,20112872,4874081,莱珀妮,LA PRAIRIE,鱼子精华琼贵睡眠型面膜,50ml,美妆护肤-面部护肤-面膜,2157,,2157.0,1750,1575.0,买4件 低至￥1575/件,9999,True,0,,,pvg,1575.0,2157.0
694cc29f56e4f1000101b6e4,20111483,4872708,黛珂,DECORTÉ,肌源修护精华液双支装,100ml*2,美妆护肤-面部护肤-精华,1790,1793.0,1793.0,1790,1611.0,买4件 低至￥1611/件,9999,True,0,,,pvg,1611.0,1793.0
694cc36056e4f1000101d6d2,20115390,4876477,海蓝之谜,LA MER,沁润型精华凝霜,60ml,美妆护肤-面部护肤-精华,2875,2993.0,2993.0,1796,1617.0,买4件 低至￥1617/件,9999,True,0,,,serum,1617.0,2993.0
694cc25756e4f1000101a8ae,20110243,4871268,雅诗兰黛,ESTÉE LAUDER,白金级花菁萃紧颜精华蜜露 高端冻龄 淡褪纹路 色提因,30ml,美妆护肤-面部护肤-精华,1993,2814.0,2814.0,1893,1704.0,买4件 低至￥1704/件,9999,True,0,,,serum,1704.0,2814.0
694cc20bf52aff00011227a2,20108513,4869793,海蓝之谜,LA MER,鎏金焕颜精华眼霜,15ml,美妆护肤-面部护肤-眼霜/眼部精华,3358,3497.0,3497.0,1900,1710.0,买4件 低至￥1710/件,9999,True,0,,,eye,1710.0,3497.0
694cc366f52aff0001125f09,20115604,4876606,兰蔻,LANCOME,全新黑金臻宠眼霜,15ml,美妆护肤-面部护肤-眼霜/眼部精华,2000,1900.0,1900.0,2000,1800.0,买3件 低至￥1800/件,9999,True,0,,,eye,1800.0,2000.0
694cc35f9cc20b00019c01ad,20115372,4876441,莱珀妮,LA PRAIRIE,鱼子精华琼贵眼部紧颜液,20ml,美妆护肤-面部护肤-眼霜/眼部精华,2439,,2439.0,2100,1890.0,买3件 低至￥1890/件,9999,True,0,,,eye,1890.0,2439.0
694cc1eaf52aff00011220ee,20107912,4869114,SK-II,,金钻臻致凝润修护精华液【滋润紧致】补水修护,50ml,美妆护肤-面部护肤-精华,2183,2465.0,2465.0,2183,1965.0,买3件 低至￥1965/件,9999,True,0,,,serum,1965.0,2465.0
694cc2f09cc20b00019bf071,20113269,4874388,海蓝之谜,LA MER,轻盈型精华乳霜,60ml,美妆护肤-面部护肤-乳液面霜,2185,2993.0,2993.0,2185,1967.0,买3件 低至￥1967/件,9999,True,0,,,cream,1967.0,2993.0
694cc2119cc20b00019bc7ea,20108746,4869941,汤姆福特,TOM FORD,新珍华乌木香水,100ml,美妆护肤-香水香氛-香水,3018,2345.0,2345.0,2200,1980.0,买3件 低至￥1980/件,9999,True,0,,,pvg,1980.0,3018.0
694cc39a56e4f1000101e211,20116740,4877620,SK-II,,金缮匠心眼霜,15g,美妆护肤-面部护肤-眼霜/眼部精华,2242,2360.0,2360.0,2242,2018.0,买3件 低至￥2018/件,9999,True,0,,,eye,2018.0,2360.0
698b3eb396a4df0001f246d5,20190770,5198141,乔治·阿玛尼,GIORGIO ARMANI,黑钥匙丝润焕颜面霜 ,50ml,美妆护肤-面部护肤-乳液面霜,2300,2985.0,2985.0,2300,2070.0,买3件 低至￥2070/件,9999,True,0,,,cream,2070.0,2985.0
694cc3a456e4f1000101e54e,20117009,4877880,海蓝之谜,LA MER,紧致焕颜精华晚霜,60ml,美妆护肤-面部护肤-乳液面霜,3380,3451.0,3451.0,2326,2094.0,买3件 低至￥2094/件,9999,True,0,,,cream,2094.0,3451.0
698b3f8fb25b84000128182f,20197083,5204358,娇韵诗,CLARINS,至臻凝时焕白精华,30ml,美妆护肤-面部护肤-精华,2375,,2375.0,2375,2138.0,买3件 低至￥2138/件,9999,True,0,,,serum,2138.0,2375.0
694cc1e5f52aff000112208f,20107793,4869012,海蓝之谜,LA MER,经典型精华面霜,100ml,美妆护肤-面部护肤-乳液面霜,4240,4417.0,4417.0,2388,2150.0,买3件 低至￥2150/件,9999,True,0,,,cream,2150.0,4417.0
694cc207f52aff0001122692,20108534,4869705,海蓝之谜,LA MER,鎏金焕颜精华液,150ml,美妆护肤-面部护肤-爽肤水/化妆水,2508,2611.0,2611.0,2508,2258.0,买3件 低至￥2258/件,9999,True,0,,,pvg,2258.0,2611.0
694cc3e49cc20b00019c16c4,20118392,4879102,兰蔻,LANCOME,全新菁纯臻颜乳霜 轻盈型,100ml,美妆护肤-面部护肤-乳液面霜,3349,2337.0,2337.0,3349,3015.0,买2件 低至￥3015/件,9999,True,0,,,cream,2337.0,3349.0
694cc3305b103b0001df200c,20114401,4875549,莱珀妮,LA PRAIRIE,鱼子精华琼贵紧致乳霜,50ml,美妆护肤-面部护肤-乳液面霜,2900,2907.0,2907.0,2600,2340.0,买3件 低至￥2340/件,9999,True,0,,,cream,2340.0,2907.0
694cc3ebf52aff0001127570,20118312,4879249,莱珀妮,LA PRAIRIE,鱼子精华琼贵新升紧颜液3.0,50ml,美妆护肤-面部护肤-精华,3345,,3345.0,2400,,,9999,True,0,,,pvg,2400.0,3345.0
694cc3879cc20b00019c08c7,20116443,4877300,迪奥,DIOR,克丽丝汀花秘瑰萃玫瑰微凝珠焕活精华,50ml,美妆护肤-面部护肤-精华,2470,2600.0,2600.0,2470,,,9999,True,0,,,serum,2470.0,2600.0
694cc2eef52aff0001124d2d,20113120,4874336,莱珀妮,LA PRAIRIE,鱼子精华充盈面霜,60ml,美妆护肤-面部护肤-乳液面霜,3325,,3325.0,2800,2520.0,买3件 低至￥2520/件,9999,True,0,,,cream,2520.0,3325.0
694cc3fef52aff0001127876,20118847,4879608,伊菲丹,EVIDENS DE BEAUTE,多效焕肤面膜,50ml*2,美妆护肤-面部护肤-面膜,2610,2940.0,2940.0,2610,,,9999,True,0,,,pvg,2610.0,2940.0
694cc22456e4f1000101a1c4,20109075,4870282,赫莲娜,HR,至美琉光恒彩精华乳,100ml,美妆护肤-面部护肤-精华,2910,3868.0,3868.0,2910,2619.0,买3件 低至￥2619/件,9999,True,0,,,serum,2619.0,3868.0
694cc3cf56e4f1000101eb2f,20117737,4878690,海蓝之谜,LA MER,浓缩修护精华膏,50ml,美妆护肤-面部护肤-精华,4418,4186.0,4186.0,2920,2628.0,买3件 低至￥2628/件,9999,True,0,,,serum,2628.0,4418.0
694cc36656e4f1000101d8a4,20115568,4876614,莱珀妮,LA PRAIRIE,臻爱铂金尊宠焕颜精粹露,115ml,美妆护肤-面部护肤-精华,3669,5345.0,5345.0,3000,2700.0,买2件 低至￥2700/件,9999,True,0,,,serum,2700.0,5345.0
698b39f696a4df0001f1d811,20163973,5160883,赫莲娜,HR,活颜至浓修护晚霜,100ml,美妆护肤-面部护肤-乳液面霜,5420,5494.0,5494.0,3200,2880.0,买2件 低至￥2880/件,9999,True,0,,,cream,2880.0,5494.0
69f2029a84016900015867f1,20197806,5384367,海蓝之谜,LA MER,日夜新生两件套装,,美妆护肤-面部护肤-面部护理套装,3500,5478.0,5478.0,3450,3105.0,买2件 低至￥3105/件,9999,True,0,,,pvg,3105.0,5478.0
694cc333f52aff000112582c,20114615,4875628,肌肤之钥,CLE DE PEAU BEAUTE,金致乳霜,50ml,美妆护肤-面部护肤-乳液面霜,3658,,3658.0,3658,3293.0,买2件 低至￥3293/件,9999,True,0,,,cream,3293.0,3658.0
694cc3a25b103b0001df3048,20117007,4877833,海蓝之谜,LA MER,紧致焕颜精华晚霜,100ml,美妆护肤-面部护肤-乳液面霜,5050,5124.0,5124.0,3700,3330.0,买2件 低至￥3330/件,9999,True,0,,,cream,3330.0,5124.0
694cc2e3f52aff0001124ae9,20112871,4874077,莱珀妮,LA PRAIRIE,臻爱铂金尊宠眼霜,20ml,美妆护肤-面部护肤-眼霜/眼部精华,4300,7600.0,7600.0,3900,3510.0,买2件 低至￥3510/件,9999,True,0,,,eye,3510.0,7600.0
694cc2e69cc20b00019beec3,20113166,4874142,娇兰,GUERLAIN,御廷兰花臻兰眼唇霜,20ml,美妆护肤-面部护肤-眼霜/眼部精华,4200,5035.0,5035.0,4200,3780.0,买2件 低至￥3780/件,9999,True,0,,,eye,3780.0,5035.0
694cc39af52aff000112690f,20116741,4877618,SK-II,,金缮匠心眼霜双支装,金缮匠心眼霜15g*2,美妆护肤-面部护肤-眼霜/眼部精华,4200,4261.0,4261.0,4200,3780.0,买2件 低至￥3780/件,9999,True,0,,,eye,3780.0,4261.0
698b312dde05310001a004b1,20113271,5118917,海蓝之谜,LA MER,轻盈型精华乳霜,100ml,美妆护肤-面部护肤-乳液面霜,4245,4417.0,4417.0,4245,3821.0,买2件 低至￥3821/件,9999,True,0,,,cream,3821.0,4417.0
694cc2e49cc20b00019bee77,20113117,4874082,莱珀妮,LA PRAIRIE,臻爱铂金尊宠面霜,30ml,美妆护肤-面部护肤-乳液面霜,5400,5396.0,5396.0,4500,4050.0,买2件 低至￥4050/件,9999,True,0,,,cream,4050.0,5400.0
694cc352f52aff0001125c12,20115218,4876254,娇兰,GUERLAIN,御廷兰花金致焕采面霜,50ml,美妆护肤-面部护肤-乳液面霜,4646,,4646.0,4646,4182.0,买2件 低至￥4182/件,9999,True,0,,,cream,4182.0,4646.0
694cc25d9cc20b00019bd5b0,20110197,4871410,海蓝之谜,LA MER,鎏金焕颜夜间修护霜,50ml,美妆护肤-面部护肤-乳液面霜,4840,5929.0,5929.0,4760,4284.0,买2件 低至￥4284/件,9999,True,0,,,cream,4284.0,5929.0
694cc35f56e4f1000101d697,20115597,4876456,海蓝之谜,LA MER, 鎏金焕颜密集赋活精华露,30ml,美妆护肤-面部护肤-精华,4985,6108.0,6108.0,4888,4400.0,买2件 低至￥4400/件,9999,True,0,,,serum,4400.0,6108.0
6a1f8eda213c280001fb23a3,20212564,5490589,海蓝之谜,LA MER,日夜愈颜套装,,美妆护肤-面部护肤-面部护理套装,5181,,5181.0,5181,4663.0,买2件 低至￥4663/件,9999,True,0,,,pvg,4663.0,5181.0
6972e7113ae2ea00019051a0,20116439,5036798,迪奥,DIOR,花秘瑰萃微凝珠焕活精华套组,,美妆护肤-面部护肤-精华,5045,5310.0,5310.0,5045,,,9999,True,0,,,serum,5045.0,5310.0
694cc2e4f52aff0001124b1b,20113122,4874097,莱珀妮,LA PRAIRIE,臻爱铂金尊宠夜间精华露,20ml,美妆护肤-面部护肤-精华,6648,,6648.0,5800,5220.0,买2件 低至￥5220/件,9999,True,0,,,serum,5220.0,6648.0
694cc2e1f52aff0001124a62,20113116,4874027,莱珀妮,LA PRAIRIE,臻爱铂金尊宠精华露,30ml,美妆护肤-面部护肤-精华,6648,9845.0,9845.0,5900,5310.0,买2件 低至￥5310/件,9999,True,0,,,serum,5310.0,9845.0
698b312039f57c0001b662e5,20113119,5118636,莱珀妮,LA PRAIRIE,臻爱铂金尊宠面霜,50ml,美妆护肤-面部护肤-乳液面霜,7500,8419.0,8419.0,6800,,,9999,True,0,,,cream,6800.0,8419.0
