productId,sku,brandName,brandEnName,productName,price,originalPrice,discount,reducePrice,futurePrice,activityStock,stock,sellNum,limitNum,validStart,exchangePrice,hiddenPrice,specialSale,vipPrice,priceType
p15735719,C047320,茵芙莎,IPSA,IPSA茵芙莎化妝棉120片,33,,,,,0,508,4000+,0,2024-09-29 15:36:20,51.26,,False,,2
p15737109,C049894,肌膚之鑰,CLE DE PEAU BEAUTE,CPB肌膚之鑰光凝妝前霜 （長管隔離）37ml,425,500.0,8.5,75.0,,27,27,1000+,20,2026-09-15 00:00:00,396.07,,False,300.0,2
p15875288,C057370,奧碧虹,ALBION,Elegance極致定妝蜜粉餅8.8g(精巧盒裝版)【每日限購2件】,720,,,,,0,38,3000+,2,2025-05-28 12:29:19,838.73,,False,,2
p15806918,C101346,歐緹麗,CAUDALIE,CAUDALIE歐緹麗大葡萄籽護唇膏 4.5g,33,,,,,0,153,1000+,5,2024-10-22 17:03:42,51.26,,False,,2
p15874901,C057379,奧碧虹,ALBION,Elegance極致定妝蜜粉餅27g【每日限購2件】,1080,,,,,0,40,3000+,2,2025-05-28 13:33:19,1258.1,,False,,2
p15739457,F013848,余仁生,Eu Yan Sang,余仁生特靈芝「破壁」孢子專方(保質期至：2028.5.1),438,,,,,0,120,500+,4,2026-07-23 17:02:15,408.18,,False,,0
p15865842,C113803,肌膚之鑰,CLE DE PEAU BEAUTE,CPB肌膚之鑰光盈粉餅（粉芯）Ⅱ,638,750.0,8.5,112.0,,26,26,400+,0,2026-09-15 00:00:00,594.57,,False,488.0,2
p15865826,C112067,嬌韻詩,CLARINS,CLARINS嬌韻詩雙萃煥活修護精華100ML,1300,,,,,0,329,400+,0,2024-10-24 09:44:14,1519.04,,False,,2
p15874422,C113571,納斯,NARS,NARS納斯腮紅 4.8g,330,,,,,0,17,300+,0,2025-03-11 10:54:14,307.54,,False,,0
p15898287,C118951,CPB肌肤之钥,CLE DE PEAU BEAUTE,CPB肌膚之鑰精萃化妝棉 II,81,95.0,8.5,14.0,,137,137,600+,0,2026-09-15 00:00:00,75.49,,False,62.0,2
p15846146,C057393,奧碧虹,ALBION,Elegance粉撲 1pcs,40,,,,,0,32,200+,0,2024-09-20 10:23:04,46.6,,False,,2
p15874425,C048204,納斯,NARS,NARS納斯流光美肌輕透蜜粉餅-10G,390,,,,,0,49,500+,0,2025-11-03 11:43:52,363.45,,False,,0
p15885453,C114472,海藍之謎,LA MER,La Mer海藍之謎修護煥新精萃水200ML,1800,,,,,0,27,300+,0,2025-04-16 12:08:05,1677.47,,False,,0
p15884964,C118162,肌膚之鑰,CLE DE PEAU BEAUTE,CPB肌膚之鑰蜜粉餅5g,723,850.0,8.5,127.0,,7,7,200+,0,2026-09-15 00:00:00,673.78,,False,553.0,2
p15820487,C106500,肌膚之鑰,CLE DE PEAU BEAUTE,CPB肌膚之鑰防曬乳霜50ml（版）,680,800.0,8.5,120.0,,26,26,300+,0,2026-09-15 00:00:00,633.71,,False,520.0,2
p15764900,C101737,馥蕾詩,FRESH,fresh馥蕾詩大豆精萃卸妝潔面凝露 400ml,680,,,,,0,24,600+,0,2024-08-14 10:19:04,633.71,,False,,0
p15874420,C101726,納斯,NARS,NARS納斯流光美肌粉底液 30ML,485,,,,,0,79,300+,0,2024-11-26 11:30:21,451.98,,False,,0
p15742828,C053750,肌膚之鑰,CLE DE PEAU BEAUTE,CPB肌膚之鑰隱飾毛孔妝前乳 38ml（柔霧）,425,500.0,8.5,75.0,,1,1,200+,20,2026-09-15 00:00:00,396.07,,False,325.0,2
p15846151,C057392,奧碧虹,ALBION,Elegance粉撲(精巧便攜裝)1pcs,28,,,,,0,36,400+,0,2025-12-01 15:03:07,32.62,,False,,2
p15865834,C113806,肌膚之鑰,CLE DE PEAU BEAUTE,CPB肌膚之鑰海綿 （光盈粉餅Ⅱ）,43,50.0,8.6,7.0,,31,31,300+,0,2026-09-15 00:00:00,40.07,,False,33.0,2
p15897819,C118952,肌膚之鑰,CLE DE PEAU BEAUTE,CPB肌膚之鑰光采蜜粉M1 Light  24g,833,980.0,8.5,147.0,,3,3,100+,0,2026-09-15 00:00:00,776.29,,False,637.0,2
p15810473,C105535,海藍之謎,LA MER,LA MER海藍之謎柔潤奇蹟面霜,1840,1840.0,1840.0,,,34,34,300+,5,2026-09-15 00:00:00,1714.74,,False,0.0,0
p15873674,IN100100,可复美,可复美,可复美重組膠原蛋白修護貼,108,179.0,108.0,71.0,,145,145,800+,0,2026-09-15 00:00:00,100.65,,False,0.0,3
p15742738,C051983,雪肌精,SEKKISEI,SEKKISEI雪肌精逸透洗顏泡沫/洗面奶160ml,135,,,,,0,28,100+,0,2024-07-31 11:36:56,125.81,,False,,0
p15742724,C035904,馥蕾詩,FRESH,fresh馥蕾詩黃糖清香止汗劑 75ml,220,,,,,0,4,500+,30,2024-09-29 15:36:21,205.02,,False,,0
p15874421,C045904,納斯,NARS,NARS納斯亮采柔滑遮瑕膏-6ML,310,,,,,0,24,200+,0,2024-11-26 11:17:23,288.9,,False,,0
p15797269,C103369,肌膚之鑰,CLE DE PEAU BEAUTE,CPB肌膚之鑰淨采潔顏油 200ml,407,480.0,8.5,73.0,,9,9,200+,0,2026-09-15 00:00:00,379.29,,False,311.0,2
p15866143,C108588,黛珂,DECORTE,DECORTE黛珂肌源修護精華液 100ML,1279,1279.0,1279.0,,,2,2,100+,0,2026-09-15 00:00:00,1191.93,,False,0.0,0
p15792890,C102132,肌膚之鑰,CLE DE PEAU BEAUTE,CPB肌膚之鑰無瑕遮瑕膏5g,468,550.0,8.5,82.0,,2,2,200+,0,2026-09-15 00:00:00,436.14,,False,358.0,2
p15738969,C049218,肌膚之鑰,CLE DE PEAU BEAUTE,CPB 肌膚之鑰瑩采豐潤唇膏 2.8g,281,330.0,8.5,49.0,,18,18,200+,0,2026-09-15 00:00:00,261.87,,False,215.0,2
p15869966,C114470,海藍之謎,LA MER,LA MER海藍之謎緊致煥顏精華晚霜,1955,1955.0,7.5,488.0,,26,26,300+,0,2026-09-15 00:00:00,1367.14,,False,0.0,0
p15781816,C102347,馥蕾詩,FRESH,fresh  馥蕾詩大馬士革玫瑰保濕噴霧 100ml,144,240.0,144.0,96.0,,42,42,400+,0,2026-09-15 00:00:00,134.2,,False,0.0,3
p15895896,C119599,奧碧虹 澳尔滨,ALBION,ALBION澳爾濱高級綿柔化妝棉,26,,,,,0,57,200+,0,2025-07-30 11:04:15,37.28,,False,,2
p15864414,C113963,黛珂,DECORTE,DECORTE黛珂-心悅容光幻紗蜜粉,360,,,,,0,17,100+,0,2024-07-31 11:17:38,335.49,,False,,0
p15823792,C106591,雪花秀,SULWHASOO,Sulwhasoo雪花秀順行柔和潔顏泡沫兩件套裝200ml*2,504,,,,,0,2,100+,0,2024-08-07 14:21:28,469.69,,False,,0
p15735450,C033578,肌膚之鑰,CLE DE PEAU BEAUTE,CPB肌膚之鑰奢謎馥純菁華油 75ML,935,1100.0,8.5,165.0,,2,2,400+,0,2026-09-15 00:00:00,871.35,,False,715.0,2
p16071739,C123311,黛珂,DECORTE,DECORTE黛珂 多重亮護素顏乳 10 30ML,265,,,,,0,26,82,0,2026-06-10 09:39:31,246.96,,False,,0
p15866247,C111836,資生堂,SHISEIDO,SHISEIDO資生堂安熱沙金燦倍護防曬乳 90ML,131,280.0,4.7,149.0,,77,77,1000+,0,2026-09-15 00:00:00,122.08,,False,0.0,3
p15739648,C057551,肌膚之鑰,CLE DE PEAU BEAUTE,CPB肌膚之鑰光紗柔霧蜜粉撲,85,100.0,8.5,15.0,,14,14,400+,20,2026-09-15 00:00:00,79.21,,False,65.0,2
p15875287,C057387,奧碧虹,ALBION,Elegance極致定妝蜜粉餅27g(補充裝)【每日限購2件】,976,,,,,0,10,500+,2,2025-05-28 13:34:07,1136.95,,False,,2
p16072094,C123306,黛珂,DECORTE,DECORTE黛珂 多重亮護素顏乳 01 30ML,265,,,,,0,31,96,0,2026-06-10 09:39:50,246.96,,False,,0
p15873676,IN100168,可复美,可复美,可复美透明質酸鈉修護貼,129,,,,,0,37,500+,0,2024-12-17 10:55:01,120.22,,False,,0
p15948952,C121654,海藍之謎,LA MER,La Mer海藍之謎緊致煥顏精華眼霜 15ML,1940,,,,,0,13,82,0,2026-03-31 15:47:41,1807.94,,False,,0
p15897814,C118472,CPB肌肤之钥,CLE DE PEAU BEAUTE,CPB肌膚之鑰光采煥顏精華水 濕潤型 170ml,867,1020.0,8.5,153.0,,13,13,200+,0,2026-09-15 00:00:00,807.98,,False,663.0,2
p15833406,C051598,卡詩,KERASTASE,KERASTASE卡詩黑鑽鑰源洗髮水 250ml,320,,,,,0,10,200+,0,2024-07-31 11:56:22,298.22,,False,,0
p15736088,C024675,肌膚之鑰,CLE DE PEAU BEAUTE,CPB 肌膚之鑰集中護理面膜組 6片,935,1100.0,8.5,165.0,,24,24,200+,50,2026-09-15 00:00:00,871.35,,False,715.0,2
p15869992,C114158,黛珂,DECORTE,DECORTE黛珂 AQ 舒活凝光洗顏霜,415,,,,,0,2,82,0,2024-09-27 17:29:59,386.75,,False,,0
p16038767,C121921,歐舒丹,L'OCCITANE,L’occitane歐舒丹乳木果舒緩保濕身體潤膚乳240ml,186,,,,,0,8,46,0,2026-09-15 15:03:38,288.9,,False,,2
p15764818,C101503,肌膚之鑰,CLE DE PEAU BEAUTE,CPB肌膚之鑰光透白煥采妝前乳 30ml,425,500.0,8.5,75.0,,2,2,300+,20,2026-09-15 00:00:00,396.07,,False,325.0,2
p16082432,C125988,柏瑞美,PRAMY,PRAMY柏瑞美保濕定妝噴霧（水光亮面）100ml+30ml,65,,,,,0,11,34,0,2026-09-15 15:03:49,60.58,,False,,0
p15891096,C118380,卡詩,KERASTASE,KERASTASE卡詩黑鑽極萃逆時 75毫升修護精華 ＋ 補充裝,985,,,,,0,8,100+,0,2025-05-29 11:55:52,917.95,,False,,0
p15946989,C120927,歐舒丹,L'OCCITANE,L’occitane歐舒丹乳木果味指甲護理油7.5ml,93,,,,,0,11,73,0,2026-09-15 15:03:27,144.45,,False,,2
p15874424,C101748,納斯,NARS,NARS納斯流光美肌輕透蜜粉-11G,390,,,,,0,17,100+,0,2024-11-26 11:30:23,363.45,,False,,0
p15865838,C113810,肌膚之鑰,CLE DE PEAU BEAUTE,CPB肌膚之鑰粉餅盒 （光盈粉餅Ⅱ）,187,220.0,8.5,33.0,,3,3,200+,0,2026-09-15 00:00:00,174.27,,False,143.0,2
p15865491,C112722,歐舒丹,L'OCCITANE,L'OCCITANE歐舒丹防脫髮護理精華 50ML,234,,,,,0,3,100+,0,2024-07-31 11:17:11,363.45,,False,,2
p15869478,C115144,聖羅蘭,YSL,YSL聖羅蘭黑管鏡面唇釉-610 （5.5ml）,390,,,,,0,31,200+,0,2024-10-24 15:44:19,363.45,,False,,0
p15739470,C056555,肌膚之鑰,CLE DE PEAU BEAUTE,CPB 肌膚之鑰淨采潔面膏（清爽型） 125ml,408,480.0,8.5,72.0,,16,16,200+,20,2026-09-15 00:00:00,380.23,,False,312.0,2
p15839471,C107854,海藍之謎,LA MER,LA MER海藍之謎再生活膚精華油30ml,1525,2540.0,1525.0,1015.0,,28,28,200+,0,2026-09-15 00:00:00,1421.19,,False,0.0,3
p15865493,C111818,肌膚之鑰,CLE DE PEAU BEAUTE,CPB肌膚之鑰光潤凝萃氣墊精華水粉底盒（適用方形粉芯）,196,230.0,8.5,34.0,,22,22,200+,0,2026-09-15 00:00:00,182.66,,False,150.0,2
p15884720,C116177,芭比布朗,BOBBI BROWN,Bobbi Brown芭比波朗羽柔輕透蜜粉餅,395,,,,,0,4,100+,0,2026-08-11 16:58:27,368.11,,False,,0
p16070204,C121925,歐舒丹,L'OCCITANE,L’occitane歐舒丹甜扁桃味緊致美膚油100ml,261,,,,,0,20,58,0,2026-09-15 15:03:46,405.39,,False,,2
p15793252,C101627,嬌韻詩,CLARINS,CLARINS嬌韻詩三檀面部護理油 30ml,319,,,,,0,7,61,5,2024-07-31 11:45:28,456.64,,False,,2
p15902886,C118944,資生堂,SHISEIDO,Shiseido資生堂悅薇智感緊致抗皺眼霜15ml,670,,,,,0,11,76,0,2026-09-15 15:03:03,624.39,,False,,0
p15865821,C112566,嬌韻詩,CLARINS,CLARINS嬌韻詩緊致煥顏彈力精華水200ml,306,,,,,0,33,93,0,2026-09-15 15:02:26,438.01,,False,,2
p15738299,C051317,嬌蘭,GUERLAIN,GUERLAIN嬌蘭帝皇蜂姿蜜潤修護精粹水,670,,,,,0,2,89,10,2026-09-15 15:42:34,624.39,,False,,0
p15738953,C050467,資生堂,SHISEIDO,SHISEIDO 資生堂豔陽夏臻效水動力防護乳液組合 50ML*2,680,,,,,0,47,400+,30,2024-08-13 16:39:41,633.71,,False,,0
p15739481,C057295,肌膚之鑰,CLE DE PEAU BEAUTE,CPB 肌膚之鑰光緞盈潤粉霜 O20 21ml,893,1050.0,8.5,157.0,,5,5,100+,0,2026-09-15 00:00:00,832.21,,False,683.0,2
p15742885,F013640,同仁堂,TRT,同仁堂安宮牛黃丸 單粒3克-清熱解毒/鎮靜開竅/保護心腦血管(有效期至：2030.6.19),1240,1280.0,9.7,40.0,,159,159,600+,5,2026-09-15 00:00:00,1155.59,,False,1220.0,2
p15875289,C057377,奧碧虹,ALBION,Elegance極致定妝蜜粉餅精巧盒装版装8.8g(補充裝)【每日限購2件】,648,,,,,0,15,300+,2,2026-07-22 10:19:08,754.86,,False,,2
p15849743,C111497,馥蕾詩,FRESH,fresh馥蕾詩玫瑰潤澤密集保濕霜雙支裝50ml*2,471,785.0,471.0,314.0,,6,6,100+,5,2026-09-15 00:00:00,438.94,,False,0.0,3
p15883657,C115844,茵芙莎,IPSA,IPSA茵芙莎-生肌補濕精華棒9.2g,162,,,,,0,42,100+,0,2025-06-20 12:27:10,251.62,,False,,2
p15825219,C105661,嬌韻詩,CLARINS,CLARINS嬌韻詩天然調和身體護理油-100ML,384,,,,,0,18,83,0,2024-07-31 11:55:40,549.84,,False,,2
p15742089,C051716,資生堂,SHISEIDO,SHISEIDO 資生堂悅薇智感緊塑煥白眼膜2片*12袋,620,,,,,0,41,100+,30,2024-08-13 16:39:43,577.79,,False,,0
p15822816,C106600,雪花秀,SULWHASOO,Sulwhasoo雪花秀順行柔和潔顏油-200ML,300,,,,,0,30,100+,0,2024-07-31 11:53:42,279.58,,False,,0
p15888609,C115472,儀式,RITUALS,RITUALS櫻花儀式發泡沐浴露 200ML,115,,,,,0,5,300+,0,2026-07-07 11:49:05,107.17,,False,,0
p15846163,C105089,奧碧虹,ALBION,ALBION健康化妝水 N 330ml,490,,,,,0,15,400+,0,2025-10-22 11:22:53,652.35,,False,,2
p15946061,C117389,黛珂,DECORTE,DECORTE黛珂-草本植萃精華水-300ML,530,,,,,0,5,34,0,2026-01-12 09:57:41,493.92,,False,,0
p15742444,C028038,科顏氏,KIEHL'S,Kiehl's 科顏氏金盞花潔面啫喱/洗面奶230ml,320,,,,,0,13,100+,0,2024-09-12 15:07:51,298.22,,False,,0
p15735743,C040187,理膚泉,LA ROCHE-POSAY,LA ROCHE POSAY理膚泉B5多效修復霜兩只裝 100ml*2,267,445.0,6.0,178.0,,21,21,300+,5,2026-09-15 00:00:00,248.82,,False,0.0,3
p15942914,C121497,赫蓮娜,HELENA RUBINSTEIN,【全新 黑绷带[50PX]面霜】HR赫蓮娜活顏至濃修護晚霜 100ML,5950,,,,,0,5,48,0,2026-01-20 15:26:10,5544.96,,False,,0
p15876841,C113808,肌膚之鑰,CLE DE PEAU BEAUTE,CPB肌膚之鑰晶致煥采精華露 100ML,2992,3520.0,8.5,528.0,,17,17,94,0,2026-09-15 00:00:00,2788.32,,False,2288.0,2
p15871371,C101491,AHC,AHC,AHC愛和純微孔親膚提拉面膜33ml*5片,57,95.0,57.0,38.0,,7,7,100+,0,2026-09-15 00:00:00,53.12,,False,0.0,3
p15796946,C101058,聖羅蘭,YSL BEAUTY,YSL聖羅蘭明彩粉光輕墊粉底液B10,670,,,,,0,24,400+,0,2024-07-31 11:50:29,624.39,,False,,0
p15866273,C113800,肌膚之鑰,CLE DE PEAU BEAUTE,CPB肌膚之鑰光盈粉餅刷,153,180.0,8.5,27.0,,12,12,200+,0,2026-09-15 00:00:00,142.58,,False,117.0,2
p15739066,C050863,茵芙莎,IPSA,IPSA茵芙莎舒緩淨潤潔面乳/洗面奶125g,144,,,,,0,20,200+,0,2025-06-20 13:46:15,223.66,,False,,2
p15900810,C118805,雅詩蘭黛,ESTEE LAUDER,Estee Lauder雅詩蘭黛眼霜（緊致提拉）15ml,680,,,,,0,5,38,0,2026-09-15 15:02:59,633.71,,False,,0
p15893120,C116817,肌膚之鑰,CLE DE PEAU BEAUTE,CPB肌膚之鑰光顏粉蜜撲,51,60.0,8.5,9.0,,7,7,81,0,2026-09-15 00:00:00,47.53,,False,39.0,2
p15781817,C101370,祖瑪瓏,JO MALONE LONDON,JO MALONE London祖瑪瓏維他命E護唇膏+護手霜套裝30ml+15ml,351,520.0,351.0,169.0,,1,1,100+,3,2026-09-15 00:00:00,327.11,,False,0.0,3
p15848032,C111308,海藍之謎,LA MER,LA MER海藍之謎醒膚水-200ML,576,970.0,5.9,394.0,,10,10,100+,0,2026-09-15 00:00:00,536.79,,False,0.0,3
p15737061,C044413,肌膚之鑰,CLE DE PEAU BEAUTE,CPB肌膚之鑰沁肌調理精華露170ml,450,750.0,6.0,300.0,,10,10,100+,0,2026-09-15 00:00:00,419.37,,False,0.0,3
p15866263,C112547,嬌韻詩,CLARINS,CLARINS嬌韻詩雙萃煥活修護精華50ml,816,,,,,0,8,52,0,2024-09-05 12:09:02,950.56,,False,,2
p15882667,C114710,歐緹麗,CAUDALIE,Caudalie歐緹麗葡萄籽保濕修復面膜-75ML,144,,,,,0,40,58,0,2025-03-03 17:32:41,223.66,,False,,2
p15738684,C016734,希思黎,SISLEY PARIS,sisley希思黎緊致修護眼膜 30ml,683,,,,,0,50,100+,0,2024-08-07 14:21:19,1043.76,,False,,2
p15833283,C106636,馥蕾詩,FRESH,fresh 馥蕾詩清西柚果香身體乳 300ml,295,,,,,0,8,79,0,2025-02-20 12:53:37,274.92,,False,,0
p15736447,C049424,海藍之謎,LA MER,LA MER海藍之謎濃縮密集修護眼霜  15ml 淡褪黑眼圈,2195,,,,,0,44,300+,0,2025-12-18 11:24:11,2045.58,,False,,0
p15736837,C044838,海藍之謎,LA MER,LA MER海藍之謎修護唇部精華7ml 奢潤柔滑點亮雙唇【有效期至：2027年6月】,443,870.0,5.1,427.0,,29,29,100+,0,2026-09-15 00:00:00,412.84,,False,0.0,3
p15782301,C102584,聖羅蘭,YSL,YSL  聖羅蘭恒顏無瑕粉底液 25ml  SPF40,388,650.0,388.0,262.0,,44,44,200+,0,2026-09-18 00:00:00,361.59,,False,0.0,3
p15743631,C044738,海藍之謎,LA MER,LA MER海藍之謎修護唇霜9g 舒緩乾燥 淡化唇紋保濕,645,,,,,0,28,200+,0,2025-11-03 11:43:45,601.09,,False,,0
p16081944,C125989,柏瑞美,PRAMY,PRAMY柏瑞美化妝師持久定妝噴霧100ml+30ml,130,,,,,0,53,24,0,2026-09-15 15:03:51,121.15,,False,,0
p15823783,C101350,歐緹麗,CAUDALIE,CAUDALIE 歐緹麗大葡萄籽護手霜 75ml（隨機發貨）,66,,,,,0,10,100+,0,2024-08-07 14:21:30,102.51,,False,,2
p15885936,C117120,嬌韻詩,CLARINS,Clarins嬌韻詩雙萃煥活修護精華-輕盈版50ml,816,,,,,0,7,43,0,2025-10-09 12:17:53,950.56,,False,,2
p15871558,C114204,資生堂,SHISEIDO,SHISEIDO資生堂時光琉璃豐潤潔顏乳125ml,550,,,,,0,30,200+,0,2026-09-15 15:02:33,512.56,,False,,0
p15884171,C112141,茵芙莎,IPSA,IPSA茵芙莎柔潤潔面泡沫（幹性肌）125ml,144,,,,,0,59,200+,0,2025-06-20 13:44:03,223.66,,False,,2
p15735471,C024330,悦木之源,ORIGINS,ORIGINS悅木之源淨痘凝膠10毫升,102,170.0,102.0,68.0,,79,79,200+,0,2026-09-18 00:00:00,95.06,,False,0.0,3
p15742810,C016696,海藍之謎,LA MER,LA MER海藍之謎精華面霜 100ml 補水保濕 深澈滋潤 柔嫩潤澤,4890,,,,,0,27,200+,5,2025-12-18 11:26:16,4557.12,,False,,0
p15840171,C049058,蔻依,Chloe,Chloe蔻依仙境花園系列濃香氛-木蘭詩語,719,,,,,0,7,80,0,2026-09-15 15:42:34,1029.78,,False,,2
p15885458,C116232,雅詩蘭黛,ESTEE LAUDER,Estée Lauder雅詩蘭黛白金級蘊能黑鑽光璨眼霜15ml,1275,,,,,0,11,100+,0,2025-04-16 10:26:08,1188.21,,False,,0
p16071735,C123312,黛珂,DECORTE,DECORTE黛珂亮顏防曬30ml,275,,,,,0,2,27,0,2026-09-15 15:03:46,256.28,,False,,0
p15845300,C110013,芭比布朗,BOBBI BROWN,BOBBI BROWN芭比波朗清透舒盈潔膚油,390,520.0,390.0,130.0,,41,41,100+,0,2026-09-18 00:00:00,363.45,,False,0.0,3
p15884162,C115846,茵芙莎,IPSA,IPSA茵芙莎-水亮淨肌海泥磨砂面膜-雙盒裝（100g +100g）,387,,,,,0,14,100+,0,2025-06-20 13:42:10,601.09,,False,,2
p15891801,C119063,AHC,AHC,A.H.C 愛和純第三代臻致舒潤保濕面膜-27ml*10片,99,165.0,99.0,66.0,,40,40,100+,0,2026-09-15 00:00:00,92.26,,False,0.0,3
p15741864,C051261,雅詩蘭黛,ESTEE LAUDER,ESTEE LAUDER  雅詩蘭黛 Advanced Night Repair 特潤修護肌活精華露 100ml兩支裝   100ml x 2,1626,2710.0,1626.0,1084.0,,35,35,300+,0,2026-09-15 00:00:00,1515.31,,False,0.0,3
p15876396,C115517,卡詩,KERASTASE,KERASTASE 卡詩山茶花經典香氛護髪油75ml*2,850,,,,,0,4,88,0,2026-09-15 15:02:30,792.14,,False,,0
p15828357,C107658,肌膚之鑰,CLE DE PEAU BEAUTE,CPB肌膚之鑰立體緊顏精華乳-N-40ml,1955,2300.0,8.5,345.0,,6,6,95,0,2026-09-15 00:00:00,1821.92,,False,1495.0,2
p16096614,C125568,肌膚之鑰,CLE DE PEAU BEAUTE,CPB肌膚之鑰基礎護理修護霜及緊致禦紋精華眼霜套裝170ml+50ml+50ml+15ml,3987,4690.0,8.5,703.0,,8,8,15,0,2026-09-15 00:00:00,3715.59,,False,3049.0,2
p15846569,C108813,奧碧虹,ALBION,ALBION全方位基因修復防曬面霜 50g,540,,,,,0,2,80,5,2024-09-20 10:22:46,773.5,,False,,2
p15894456,C118078,歐舒丹,L'OCCITANE,L'OCCITANE歐舒丹甜扁桃味身體套裝200ml+500ml,440,800.0,5.5,360.0,,6,6,74,0,2026-09-15 00:00:00,410.05,,False,0.0,3
p15829874,C108530,黛珂,DECORTE,COSME DECORTE黛珂AQ舒活凝光乳液,690,,,,,0,9,76,0,2026-09-15 15:42:35,643.03,,False,,0
p15867671,C114025,蘭蔻,LANCOME,LANCOME蘭蔻全新菁純眼霜 20ml 兩件套,1390,2230.0,1390.0,840.0,,24,24,200+,0,2026-09-15 00:00:00,1295.38,,False,0.0,3
p16039233,C120930,歐舒丹,L'OCCITANE,L’occitane歐舒丹乳木果綿密護手霜150ml,174,,,,,0,3,40,0,2026-04-02 17:41:45,270.26,,False,,2
p15864419,C113657,博柏利,BURBERRY,BURBERRY博柏利英倫小姐水漾唇膏,192,,,,,0,16,100+,0,2025-01-07 18:50:37,298.22,,False,,2
p15846931,C111312,海藍之謎,LA MER,LA MER海藍之謎璀璨泡沫潔面乳-125ML,880,,,,,0,30,100+,0,2025-02-20 12:53:36,820.09,,False,,0
p15875983,C108579,黛珂,DECORTE,DECORTE 黛珂AQ珍萃精顏臻悅洗顏露兩支裝200ml*2,1275,,,,,0,16,73,0,2026-09-15 15:02:30,1188.21,,False,,0
p15740113,C051719,肌膚之鑰,CLE DE PEAU BEAUTE,CPB肌膚之鑰光透水漾妝前乳 30ml,425,500.0,8.5,75.0,,7,7,100+,0,2026-09-15 00:00:00,396.07,,False,325.0,2
p15875982,C101056,聖羅蘭,YSL,YSL聖羅蘭明彩粉光輕墊粉底液B10-12G,425,,,,,0,70,200+,0,2024-12-17 13:44:55,396.07,,False,,0
p15876844,C108199,茵芙莎,IPSA,IPSA茵芙莎清盈倍護防曬乳30ml,198,,,,,0,8,100+,0,2025-06-20 13:45:52,307.54,,False,,2
p15843594,C107204,馥蕾詩,FRESH,fresh馥蕾詩晨間玫瑰香沐浴露 300ml,270,,,,,0,5,62,0,2024-08-13 16:39:49,251.62,,False,,0
p15743024,C053719,馥蕾詩,FRESH,fresh馥蕾詩大馬士革玫瑰花瓣水 400ml,560,,,,,0,15,200+,0,2025-02-20 12:53:36,521.88,,False,,0
p15900807,C117539,海藍之謎,LA MER,La Mer海藍之謎 全新煥透肌底修護液 150ML,969,1500.0,969.0,531.0,,6,6,45,0,2026-09-15 00:00:00,903.04,,False,0.0,3
p16067718,C123232,聖羅蘭,YSL,YSL聖羅蘭敢裸柔霧唇膏 03,289,385.0,7.5,96.0,,9,9,23,0,2026-09-15 00:00:00,269.33,,False,0.0,3
p15886466,C117126,嬌韻詩,CLARINS,Clarins嬌韻詩雙萃煥活修護精華-輕盈版100ml,1300,,,,,0,31,64,0,2025-04-27 10:10:16,1519.04,,False,,2
p15849356,C111601,馥蕾詩,FRESH,fresh馥蕾詩鈴蘭茉莉香沐浴露-300ML,270,,,,,0,6,68,0,2026-03-27 11:37:53,251.62,,False,,0
p15942689,C122158,儀式,RITUALS,RITUALS靜儀式小號禮盒,148,295.0,5.0,147.0,,4,4,62,0,2026-09-15 00:00:00,137.93,,False,0.0,3
p15942690,C122163,儀式,RITUALS,RITUALS櫻花儀式小號禮盒,133,295.0,4.5,162.0,,12,12,74,0,2026-09-15 00:00:00,123.95,,False,0.0,3
p15737336,C050165,茵芙莎,IPSA,IPSA茵芙莎 清潤卸妝油EX 196ml,174,,,,,0,9,100+,0,2025-06-20 12:22:19,270.26,,False,,2
p15829473,C108533,黛珂,DECORTE,COSME DECORTE黛珂AQ舒活凝光化妝水,690,,,,,0,10,55,0,2026-09-15 15:42:35,643.03,,False,,0
p15874085,IN100104,可复美,可复美,可复美Human-like膠原蛋白舒護亮澤面膜,102,169.0,102.0,67.0,,4,4,100+,0,2026-09-15 00:00:00,95.06,,False,0.0,3
p15889834,C117824,雪花秀,SULWHASOO,Sulwhasoo雪花秀第六代潤致煥活肌底精華液120ML,1020,,,,,0,8,85,0,2025-05-27 17:12:23,950.56,,False,,0
p15846934,C111255,芭比布朗,BOBBI BROWN,BOBBI BROWN芭比波朗校色修飾遮瑕棒 3G,315,,,,,0,2,50,0,2024-07-31 11:34:12,293.56,,False,,0
p15742698,C021623,科顏氏,KIEHL'S,Kiehl's 科顏氏高保濕面霜 50ml【有效期至：2027年6月】,197,340.0,5.8,143.0,,13,13,100+,5,2026-09-15 00:00:00,183.59,,False,0.0,3
p16079234,C122916,歐舒丹,L'OCCITANE,L’occitane歐舒丹幸運潤手霜八支裝30ml*8,408,,,,,0,47,24,0,2026-09-15 15:03:33,633.71,,False,,2
p15833790,C107809,卡詩,KERASTASE,KERASTASE卡詩賦源芯絲沁透洗髮水 500ml,273,420.0,273.0,147.0,,113,113,300+,0,2026-09-18 00:00:00,254.42,,False,0.0,3
p15949224,C122381,嬌韻詩,CLARINS,Clarins嬌韻詩輕透養膚防曬乳（潤粉色）雙瓶裝50ml*2,624,,,,,0,3,29,0,2026-09-15 15:03:46,894.65,,False,,2
p15793253,C101648,嬌韻詩,CLARINS,CLARINS嬌韻詩蓮花面部護理油 30ml,319,,,,,0,9,56,5,2024-07-31 11:45:39,456.64,,False,,2
p15735821,C037344,海藍之謎,LA MER,LA MER海藍之謎鎏金煥顏精華液 150ml 質地奢潤保濕滋潤,1763,2935.0,6.0,1172.0,,20,20,100+,0,2026-09-15 00:00:00,1642.99,,False,0.0,3
p15741370,C017549,海蓝之谜,LA MER,LA MER海藍之謎手部修護霜 100ml 滋潤修護 柔嫩細滑,925,,,,,0,10,80,0,2024-08-13 16:39:41,862.03,,False,,0
p15764375,C101504,肌膚之鑰,CLE DE PEAU BEAUTE,CPB肌膚之鑰瑩采豐潤唇膏 Neutral Pink 2.8g,281,330.0,8.5,49.0,,3,3,95,0,2026-09-15 00:00:00,261.87,,False,215.0,2
p15871379,C115403,聖羅蘭,YSL,YSL聖羅蘭黑管鏡面唇釉5.5ml,234,390.0,234.0,156.0,,70,70,200+,0,2026-09-18 00:00:00,218.07,,False,0.0,3
p16096613,C121307,肌膚之鑰,CLE DE PEAU BEAUTE,CPB肌膚之鑰光采煥顏系列霜套裝50ml+170ml+125ml+125ml,3974,4675.0,8.5,701.0,,11,11,11,0,2026-09-15 00:00:00,3703.47,,False,3039.0,2
p15797357,C101057,聖羅蘭,YSL BEAUTY,YSL 聖羅蘭明彩粉光輕墊粉底液 B20 12g,670,,,,,0,3,100+,0,2024-08-07 14:21:27,624.39,,False,,0
p15872187,C112562,嬌韻詩,CLARINS,CLARINS嬌韻詩青春賦活透亮精華水 200ml,247,,,,,0,10,54,0,2026-08-11 10:16:45,354.13,,False,,2
p15895894,C118462,資生堂,SHISEIDO,SHISEIDO資生堂新豔陽夏臻效水動力防曬乳液（敏感肌膚適用）50ml,345,,,,,0,8,96,0,2026-09-15 15:02:42,321.51,,False,,0
p15795050,C102342,馥蕾詩,FRESH,fresh馥蕾詩經典滋潤護唇膏 4.3g,105,220.0,105.0,115.0,,43,43,300+,0,2026-09-18 00:00:00,97.85,,False,0.0,3
p15826133,C107285,科顏氏,KIEHL'S,Kiehl's科顏氏高保濕啫喱霜-50ML,340,,,,,0,10,60,5,2024-07-31 11:54:58,316.85,,False,,0
p15782309,C102358,馥蕾詩,FRESH,fresh 馥蕾詩意大利白泥控油淨顏面膜 100ml,510,,,,,0,4,81,0,2024-08-14 10:19:05,475.28,,False,,0
p15742213,C025028,科顏氏,KIEHL'S,Kiehl's 科顏氏男士保濕乳液125ml,410,,,,,0,5,73,0,2025-11-26 10:28:15,382.09,,False,,0
p15943009,C122167,儀式,RITUALS,RITUALS櫻花儀式中號禮盒,205,410.0,5.0,205.0,,3,3,67,0,2026-09-15 00:00:00,191.04,,False,0.0,3
p15866271,C112334,艾梵達,AVEDA,AVEDA 艾梵達豐盈強韌賦活洗髮露,290,,,,,0,17,200+,0,2026-09-15 15:42:37,270.26,,False,,0
p16082433,C125990,柏瑞美,PRAMY,PRAMY柏瑞美保濕定妝噴霧（柔焦霧面）100ml+30ml,65,,,,,0,9,31,0,2026-09-15 15:03:32,60.58,,False,,0
p15874766,C114371,雪花秀,SULWHASOO,SULWHASOO雪花秀禦時參養眼霜15ml,800,,,,,0,6,61,0,2026-05-11 16:33:45,745.54,,False,,0
p15859408,C110110,肌膚之鑰,CLE DE PEAU BEAUTE,CPB肌膚之鑰光柔水凝氣墊精華粉底膏 14G（替換芯）,485,570.0,8.5,85.0,,1,1,100+,0,2026-09-15 00:00:00,451.98,,False,371.0,2
p15870448,C115374,雪花秀,SULWHASOO,SULWHASOO雪花秀氣墊粉底輕薄 15G*2,580,,,,,0,1,33,0,2025-01-21 17:22:56,540.52,,False,,0
p15865832,C111817,肌膚之鑰,CLE DE PEAU BEAUTE,CPB肌膚之鑰光潤凝萃氣墊精華水粉底 B00 15G（替換芯）,485,570.0,8.5,85.0,,8,8,50,0,2026-09-15 00:00:00,451.98,,False,371.0,2
p15830193,C108612,博柏利,BURBERRY,BURBERRY博柏利精緻勾勒蜜粉餅 11g,350,,,,,0,1,53,0,2025-10-06 13:57:41,465.96,,False,,2
p15884801,C118036,歐緹麗,CAUDALIE,Caudalie歐緹麗白藜蘆醇提拉緊塑眼霜-15ML,258,,,,,0,3,43,0,2025-04-03 10:33:16,400.73,,False,,2
p16071738,C123308,黛珂,DECORTE,DECORTE黛珂 多重亮護素顏乳 02 30ML,265,,,,,0,22,28,0,2026-06-10 09:39:42,246.96,,False,,0
p15735742,C047327,茵芙莎,IPSA,IPSA茵芙莎水潤清潔面泡沫/洗面奶 125ML,144,,,,,0,18,92,0,2025-06-20 12:23:40,223.66,,False,,2
p15860873,F109975,余仁生,Eu Yan Sang,余仁生全效Cs-4蟲草菌絲體膠囊(加強配方)50粒裝(有效期至：2027.5.1),338,,,,,0,50,100+,0,2025-12-24 13:50:16,314.99,,False,,0
p15864118,C111160,魅可,MAC,MAC魅可啞光迷你口紅 1.7G,115,,,,,0,9,100+,0,2026-03-27 11:37:54,107.17,,False,,0
p15943005,C122165,儀式,RITUALS,RITUALS梵心儀式小號禮盒,133,295.0,4.5,162.0,,17,17,43,0,2026-09-15 00:00:00,123.95,,False,0.0,3
p15874429,C045929,納斯,NARS,NARS納斯柔啞淨瑕遮瑕膏-香草粉色-6.2G,310,,,,,0,9,63,0,2024-11-26 11:17:20,288.9,,False,,0
p15782317,C102069,植村秀,SHU UEMURA,shu uemura植村秀自動砍刀眉筆替換裝  0.3g,114,185.0,114.0,71.0,,79,79,400+,0,2026-09-18 00:00:00,106.24,,False,0.0,3
p15869855,C110113,肌膚之鑰,CLE DE PEAU BEAUTE,CPB肌膚之鑰光透白密集煥采精華液-40ML,1190,1400.0,8.5,210.0,,8,8,79,0,2026-09-15 00:00:00,1108.99,,False,910.0,2
p16109178,C118464,資生堂,SHISEIDO,Shiseido資生堂悅薇智感基礎護膚組合（滋潤型）150ml+100ml,1355,,,,,0,4,22,0,2026-09-15 15:03:45,1262.76,,False,,0
p15824134,C103666,紀梵希,Givenchy,GIVENCHY紀梵希高定香榭甜潤唇膏N001 2.8g,330,,,,,0,5,83,0,2025-02-20 12:53:36,307.54,,False,,0
p15871380,C101488,AHC,AHC,AHC愛和純微孔親膚保濕面膜33ml*5片,57,95.0,57.0,38.0,,32,32,100+,0,2026-09-15 00:00:00,53.12,,False,0.0,3
p15824012,C105092,歐緹麗,CAUDALIE,CAUDALIE歐緹麗大葡萄籽系列護膚套裝,63,,,,,0,22,300+,0,2024-07-31 11:53:26,97.85,,False,,2
p15922066,C117221,嬌韻詩,CLARINS,Clarins嬌韻詩煥顏彈力緊塑護膚套組200ml+50ml+50ml,1226,,,,,0,17,55,0,2026-09-15 15:03:14,1756.68,,False,,2
p16096259,C125173,赫蓮娜,HELENA RUBINSTEIN,HR赫蓮娜全新50PX黑白繃帶面霜套組50ml*2,4819,6425.0,7.5,1606.0,,6,6,10,0,2026-09-15 00:00:00,4490.95,,False,0.0,3
p15873344,C115483,蘭蔻,LANCOME,LANCOME蘭蔻全新清瀅保濕柔膚水400ml,490,,,,,0,11,100+,0,2024-11-13 10:50:34,456.64,,False,,0
p15742610,C016597,科顏氏,KIEHL'S,Kiehl's 科顏氏高保濕面霜125ml,364,610.0,6.0,246.0,,16,16,200+,5,2026-09-15 00:00:00,339.22,,False,0.0,3
p15942688,C120651,歐舒丹,L'OCCITANE,L’occitane歐舒丹臘菊賦顏禦齡緊致精華面霜兩件裝套裝100ml,1065,,,,,0,2,26,0,2026-09-15 15:03:14,1654.17,,False,,2
p15832459,C106633,馥蕾詩,FRESH,fresh馥蕾詩沁甜荔枝香身體乳 300ml,177,295.0,177.0,118.0,,7,7,53,0,2026-09-15 00:00:00,164.95,,False,0.0,3
p15821469,C106550,紀梵希,Givenchy,GIVENCHY紀梵希明星柔光調色霜 11ml 藍色,345,,,,,0,3,54,0,2025-02-25 15:56:07,321.51,,False,,0
p15839232,C109579,植村秀,SHU UEMURA,shu uemura 植村秀琥珀臻萃潔顏油套裝450ml*2,1725,,,,,0,3,200+,0,2026-09-15 15:02:23,1607.57,,False,,0
p15843160,C110693,馥蕾詩,FRESH,fresh馥蕾詩蓮花青春保濕霜 50ml,330,550.0,330.0,220.0,,8,8,98,5,2026-09-15 00:00:00,307.54,,False,0.0,3
p16089560,C123042,儀式,RITUALS,RITUALS皇家清茶車載香氛6g,260,,,,,0,1,16,0,2026-09-09 14:13:53,242.3,,False,,0
p15894217,C117128,嬌韻詩,CLARINS,CLARINS嬌韻詩多維密集提拉眼霜15ml,472,,,,,0,4,40,0,2026-09-15 15:02:38,675.65,,False,,2
p15942675,C120977,歐舒丹,L'OCCITANE,L’occitane歐舒丹親親護唇套裝12ml*3（每日限購2件）,180,,,,,0,1,58,2,2026-09-15 15:03:17,279.58,,False,,2
p15743200,C055282,植村秀,SHU UEMURA,shu uemura植村秀羽紗持妝保濕噴霧 100ml,285,,,,,0,31,300+,0,2025-12-24 17:07:31,265.6,,False,,0
p15849737,C111439,植村秀,SHU UEMURA,SHU UEMURA植村秀臻萃養膚潔顏油限定版,360,,,,,0,2,71,0,2026-09-15 15:42:36,335.49,,False,,0
p15849346,C108622,肌膚之鑰,CLE DE PEAU BEAUTE,CPB肌膚之鑰金致乳霜-50ML,5100,6000.0,8.5,900.0,,8,8,45,5,2026-09-15 00:00:00,4752.82,,False,3900.0,2
p15742930,C048569,魅可,MAC,MAC魅可24小時持久眼線筆-黑色,205,,,,,0,4,67,0,2024-07-31 11:40:41,191.04,,False,,0
p15738904,C030121,肌膚之鑰,CLE DE PEAU BEAUTE,CPB 肌膚之鑰唇部精華乳 15ml,553,650.0,8.5,97.0,,8,8,59,0,2026-09-15 00:00:00,515.36,,False,423.0,2
p15787534,C055292,歐緹麗,CAUDALIE,CAUDALIE 歐緹麗葡萄籽輕柔去角質霜 75ml,132,,,,,0,33,47,0,2024-08-07 14:21:26,205.02,,False,,2
p15825222,C105203,魅可,MAC,MAC魅可定制無瑕輕盈散粉,186,310.0,186.0,124.0,,51,51,200+,0,2026-09-18 00:00:00,173.34,,False,0.0,3
p15881359,C117300,嬌蘭,GUERLAIN,GUERLAIN嬌蘭帝皇蜂姿煥活復原蜜雙效組合50ml+50ml,2750,,,,,0,2,35,0,2026-09-15 15:02:43,2562.8,,False,,0
p15867668,C114027,蘭蔻,LANCOME,LANCOME蘭蔻全新菁純眼霜 20ml,1210,,,,,0,13,65,0,2024-11-14 09:34:33,1127.63,,False,,0
p15891800,C117138,嬌韻詩,CLARINS,Clarins嬌韻詩煥顏緊致日夜保養套組(50ML*2),1014,,,,,0,8,28,0,2025-05-28 11:33:52,1453.8,,False,,2
p15876408,C115939,聖羅蘭,YSL,YSL聖羅蘭新明彩柔霧輕墊粉底液(14g),670,,,,,0,32,100+,0,2025-10-31 16:44:19,624.39,,False,,0
p15846581,C108816,奧碧虹,ALBION,ALBION健康化妝水 N 165ml,287,,,,,0,6,30,0,2025-02-13 12:22:31,382.09,,False,,2
p15743113,C016695,海藍之謎,LA MER,LA MER海藍之謎精華面霜 60ml 補水保濕 深澈滋潤 柔嫩潤澤,1998,3325.0,6.0,1327.0,,33,33,100+,5,2026-09-15 00:00:00,1861.99,,False,0.0,3
p15936511,C119704,歐緹麗,CAUDALIE,Caudalie歐緹麗細緻平衡保濕啞光乳液-60ML,156,,,,,0,20,21,0,2025-12-16 16:20:46,242.3,,False,,2
p15742741,C025152,科顏氏,KIEHL'S,Kiehl's 科顏氏一號潤唇膏15ML,120,,,,,0,6,200+,0,2026-08-31 17:16:40,111.83,,False,,0
p15942671,C117159,卡詩,KERASTASE,KERASTASE卡詩賦源芯絲沁透洗髮水500ml*2,730,,,,,0,1,49,0,2026-09-15 15:03:03,680.31,,False,,0
p15848014,C111541,蘭蔻,LANCOME,LANCOME蘭蔻持妝輕透粉底液 30ml,286,465.0,286.0,179.0,,20,20,200+,0,2026-09-18 00:00:00,266.53,,False,0.0,3
p15765167,C101764,馥蕾詩,FRESH,fresh馥蕾詩大豆精萃卸妝潔顏凝露 50ml,150,,,,,0,21,100+,0,2024-08-14 10:19:04,139.79,,False,,0
p15946060,C118542,黛珂,DECORTE,黛珂草本植萃精華水 兩支裝,573,954.0,573.0,381.0,,31,31,24,0,2026-09-15 00:00:00,533.99,,False,0.0,3
p15943251,C121498,赫蓮娜,HELENA RUBINSTEIN,【全新 黑绷带[50PX]面霜】HR赫蓮娜活顏至濃修護晚霜 50ML,3700,,,,,0,1,39,0,2026-01-20 15:27:15,3448.13,,False,,0
p15849357,C111496,馥蕾詩,FRESH,fresh馥蕾詩玫瑰潤澤保濕舒緩面膜雙支裝100ml*2,627,1045.0,627.0,418.0,,12,12,88,0,2026-09-15 00:00:00,584.32,,False,0.0,3
p15833404,C102596,卡詩,KERASTASE,KERASTASE卡詩頭皮系列雙重功能洗髮水 500ml,420,,,,,0,46,200+,0,2024-12-12 09:38:01,391.41,,False,,0
p15741057,C051263,雅詩蘭黛,ESTEE LAUDER,Estée Lauder雅詩蘭黛 Advanced Night Repair 特潤修護肌活精華露 100ml,1505,,,,,0,5,200+,0,2026-08-31 17:16:44,1402.55,,False,,0
p15742974,C037848,理膚泉,LA ROCHE-POSAY,LA ROCHE POSAY理膚泉B5多效修復霜 100ML,144,240.0,6.0,96.0,,19,19,100+,5,2026-09-15 00:00:00,134.2,,False,0.0,3
p15833792,C051596,卡詩,KERASTASE,KERASTASE卡詩黑鑽鑰源髮膜 200ml,570,,,,,0,63,100+,0,2024-08-13 16:39:49,531.2,,False,,0
p15892317,C118137,馥蕾詩,FRESH,FRESH馥蕾詩紅茶凝時煥顏面膜-100ML,488,,,,,0,8,33,0,2025-10-14 15:01:57,782.82,,False,,2
p15821718,C106669,馥蕾詩,FRESH,fresh馥蕾詩紅茶酵母酵萃精華液 250ml,735,,,,,0,13,100+,0,2025-02-20 12:53:37,1053.08,,False,,2
p15782303,C102065,植村秀,SHU UEMURA,shu uemura植村秀自動砍刀眉筆  0.3g,310,,,,,0,3,100+,0,2024-10-09 17:57:25,288.9,,False,,0
p15874419,C112217,納斯,NARS,NARS納斯水光絢色細管唇膏1.5G,180,300.0,180.0,120.0,,28,28,100+,0,2026-09-18 00:00:00,167.75,,False,0.0,3
p15739186,C020956,倩碧,CLINIQUE,CLINIQUE倩碧基礎潤膚組合125ml x 2,281,465.0,6.0,184.0,,17,17,41,100,2026-09-15 00:00:00,261.87,,False,0.0,3
p15738614,C025433,希思黎,SISLEY PARIS,sisley希思黎黑玫瑰珍寵滋養精華油 25ml,1118,,,,,0,18,100+,0,2024-08-13 16:39:41,1677.47,,False,,2
p15781830,C102484,蘭蔻,LANCOME,LANCOME蘭蔻亮眼青春活膚濃縮液 20ml,460,770.0,6.0,310.0,,20,20,97,0,2026-09-15 00:00:00,428.69,,False,0.0,3
p15846932,C111075,湯姆福特,TOM FORD,TOM FORD湯姆福特湯姆福特鏡面唇蜜 5.5ML,490,,,,,0,6,100+,0,2024-07-31 11:35:16,456.64,,False,,0
p15866472,C113449,嬌蘭,GUERLAIN,Guerlain嬌蘭帝皇蜂姿淨澈護膚泡沫潔顏露 175ML,515,,,,,0,1,41,0,2025-01-21 11:50:42,479.94,,False,,0
p15867669,C114245,植村秀,SHU UEMURA,SHU UEMURA植村秀羽紗潤養流光精華粉底液35 ml,332,565.0,332.0,233.0,,27,27,100+,0,2026-09-18 00:00:00,309.4,,False,0.0,3
p15742205,C016689,海蓝之谜,LA MER,LA MER海藍之謎緊致煥采眼霜 15ml  淡褪熊貓眼,1204,1990.0,6.1,786.0,,10,10,84,0,2026-09-15 00:00:00,1122.04,,False,0.0,3
p16086747,C114726,雪肌精,SEKKISEI,SEKKISEI雪肌精 多效潤亮BB霜 01 26ML,160,,,,,0,3,16,0,2026-06-02 12:09:55,149.11,,False,,0
p15737041,C041195,資生堂,SHISEIDO,SHISEIDO資生堂肌活淨顏潔面膏/洗面奶 125ml-外包裝輕微折損介意慎拍,350,,,,,0,5,100+,0,2024-08-13 16:39:40,326.17,,False,,0
p15894218,C117823,雪花秀,SULWHASOO,Sulwhasoo雪花秀第六代潤致煥活肌底精華液2件套裝 90ML*2,908,1512.0,908.0,604.0,,28,28,71,0,2026-09-15 00:00:00,846.19,,False,0.0,3
p15883650,C115845,茵芙莎,IPSA,IPSA茵芙莎-水亮淨肌海泥磨砂面膜100g,216,,,,,0,14,89,0,2025-06-20 13:46:37,335.49,,False,,2
p15735853,C047211,AVEDA,AVEDA (Hair Care),AVEDA艾凡達梳髮刷1pcs,240,,,,,0,12,100+,50,2024-09-12 15:57:59,223.66,,False,,0
p15840166,C050688,蔻依,Chloe,Chloe蔻依仙境花園系列濃香氛-大馬士革玫瑰,1105,,,,,0,1,35,0,2026-09-15 15:42:36,1029.78,,False,,0
p15899058,F119374,名古屋,名古屋,名古屋噴鼻之水 30ml,90,,,,,0,2,28,0,2025-10-24 15:53:14,83.87,,False,,0
p15868941,C113443,嬌蘭,GUERLAIN,Guerlain嬌蘭金鑽修顏鑽石輕柔蜜粉01透明色 35g,770,,,,,0,1,22,0,2024-09-14 09:43:05,717.58,,False,,0
p15896326,C118946,CPB肌肤之钥,CLE DE PEAU BEAUTE,CPB肌膚之鑰精萃光采眼唇卸妝液170ml,323,380.0,8.5,57.0,,15,15,79,0,2026-09-15 00:00:00,301.01,,False,247.0,2
p15870455,C109165,雪花秀,SULWHASOO,SULWHASOO雪花秀菁典臻秀眼霜 20ML,1680,,,,,0,3,15,0,2025-01-21 17:22:56,1565.64,,False,,0
p15884165,C053075,卡詩,KERASTASE,KERASTASE卡詩賦活舒盈洗髪水500ML,420,,,,,0,11,82,0,2025-03-14 12:13:30,391.41,,False,,0
p16067726,C123305,植村秀,SHU UEMURA,shu uemura植村秀羽紗持妝煥亮定妝噴霧100ml,285,,,,,0,31,39,0,2026-09-15 15:03:45,265.6,,False,,0
p15899060,F119375,BWB,BWB,BWB視目之敏15ml,65,,,,,0,24,75,0,2026-05-12 14:34:16,60.58,,False,,0
p15793235,C101273,雅诗兰黛,ESTEE LAUDER,ESTEE LAUDER雅詩蘭黛智妍緊塑精華眼霜 15ml,359,650.0,5.5,291.0,,2,2,100+,0,2026-09-15 00:00:00,334.56,,False,0.0,3
p15871925,C111555,倩碧,CLINIQUE,CLINIQUE倩碧小雛菊花形腮紅21 3.5G,160,,,,,0,27,200+,0,2024-10-28 16:47:26,149.11,,False,,0
p16069833,C120952,歐舒丹,L'OCCITANE,L’occitane歐舒丹快樂手霜套裝30ml*6,312,,,,,0,7,16,0,2026-09-15 15:03:39,484.6,,False,,2
p15869865,C114166,歐緹麗,CAUDALIE,CAUDALIE歐緹麗深層補水面霜-60ML,156,,,,,0,32,92,5,2024-10-08 15:02:26,242.3,,False,,2
p15898293,C118473,CPB肌肤之钥,CLE DE PEAU BEAUTE,CPB肌膚之鑰光采煥顏精華水 清爽型	170ml,867,1020.0,8.5,153.0,,4,4,38,0,2026-09-15 00:00:00,807.98,,False,663.0,2
p15742893,C008817,倩碧,CLINIQUE,CLINIQUE倩碧面部及眼部卸粧霜125ml,310,,,,,0,2,45,0,2026-08-31 17:16:52,288.9,,False,,0
p15893764,C117114,嬌韻詩,CLARINS,CLARINS嬌韻詩透亮煥白淡斑勻淨專研精華 50ML,663,,,,,0,6,31,0,2026-05-04 11:48:43,950.56,,False,,2
p15890119,C117948,嬌蘭,GUERLAIN,Guerlain法國嬌蘭禦廷蘭花養膚泡沫潔顏乳150ML,980,,,,,0,2,16,0,2025-07-15 09:54:15,913.29,,False,,0
p15824801,C048745,雅诗兰黛,ESTEE LAUDER,ESTEE LAUDER雅詩蘭黛白金級奢寵光璨精華粉底液30ml,527,960.0,527.0,433.0,,32,32,100+,0,2026-09-18 00:00:00,491.13,,False,0.0,3
p15738579,C028811,肌膚之鑰,CLE DE PEAU BEAUTE,CPB肌膚之鑰光盈 粉餅盒,132,220.0,6.0,88.0,,1,1,18,0,2026-09-15 00:00:00,123.01,,False,0.0,3
p15889826,C112475,儀式,RITUALS,RITUALS白色羅勒車載香氛-3g*2,260,,,,,0,7,83,0,2025-06-20 11:11:29,242.3,,False,,0
p15868250,C114575,嬌韻詩,CLARINS,CLARINS嬌韻詩植萃精油護唇膏,144,,,,,0,4,78,0,2026-08-31 17:16:42,223.66,,False,,2
p15811717,C103257,聖羅蘭,YSL,YSL聖羅蘭明彩粉光輕墊粉底液BR20號 12g（替換裝）,425,,,,,0,47,100+,0,2024-07-31 16:25:14,396.07,,False,,0
p15867673,C114055,蘭蔻,LANCOME,LANCOME蘭蔻菁純臻顏精華柔膚水-150ml,1040,,,,,0,4,65,0,2024-11-14 09:36:09,969.2,,False,,0
p15742319,C033317,雪肌精,SEKKISEI,SEKKISEI雪肌精淨透洗顏霜/洗面奶 130g,130,,,,,0,8,72,50,2024-07-31 11:36:20,121.15,,False,,0
p15889096,C118940,肌膚之鑰,CLE DE PEAU BEAUTE,CPB肌膚之鑰24K黃金精華40ml,1615,1900.0,8.5,285.0,,21,21,58,0,2026-09-15 00:00:00,1505.06,,False,1235.0,2
p15874761,C114378,雪花秀,SULWHASOO,SULWHASOO雪花秀禦時參養乳125ml,462,770.0,462.0,308.0,,32,32,80,0,2026-09-15 00:00:00,430.55,,False,0.0,3
p15899062,F119380,蛇仔標,蛇仔標,蛇仔標腰頸椎脊骨靈油 50ml,60,,,,,0,10,86,0,2026-05-12 14:36:05,55.92,,False,,0
p15896328,C119255,蘭蔻,LANCOME,Lancome蘭蔻肌底煥活修護眼霜-兩件套20ml *2,960,,,,,0,2,50,0,2026-09-15 15:02:42,894.65,,False,,0
p15849732,C111600,馥蕾詩,FRESH,fresh馥蕾詩鈴蘭茉莉香身體乳-300ML,295,,,,,0,1,32,0,2024-08-14 10:19:06,274.92,,False,,0
p15936509,C121483,黛珂,DECORTE,DECORTE黛珂AQ舒活毛孔淨澈精華油40ml,575,,,,,0,2,21,0,2026-09-15 15:03:05,535.86,,False,,0
p15880962,C117403,理膚泉,LA ROCHE-POSAY,LA ROCHE-POSAY理膚泉MELAU00A0B3精華液30ML,315,525.0,315.0,210.0,,36,36,200+,0,2026-09-15 00:00:00,293.56,,False,0.0,3
p15889832,C116902,蔻依,Chloe,Chloe蔻依仙境花園系列北國雪松香氛身體乳300 ML,410,,,,,0,1,36,0,2026-05-06 17:08:06,587.11,,False,,2
p15742492,C047987,海藍之謎,LA MER,LA MER海藍之謎活顏煥膚精華露 30ml 柔滑細膩緊致肌膚,1888,3095.0,6.1,1207.0,,2,2,61,100,2026-09-15 00:00:00,1759.48,,False,0.0,3
p15874765,C114374,雪花秀,SULWHASOO,雪花秀滋盈生人参密集修护精华液20g,555,880.0,555.0,325.0,,16,16,63,0,2026-09-15 00:00:00,517.22,,False,0.0,3
p15831404,C107853,海藍之謎,LA MER,LA MER 海藍之謎提升緊致精華露 30ml  提升緊緻精華,1935,3225.0,1935.0,1290.0,,6,6,88,0,2026-09-15 00:00:00,1803.28,,False,0.0,3
p15889036,C117847,儀式,RITUALS,RITUALS阿姆斯特丹系列香薰蠟燭,435,,,,,0,5,39,0,2025-05-29 09:51:51,405.39,,False,,0
p15843969,C111016,聖羅蘭,YSL,YSL聖羅蘭悅享青春夜間煥膚精華液,900,,,,,0,21,100+,0,2026-09-15 15:42:35,838.73,,False,,0
p15743288,C055854,希思黎,SISLEY PARIS,sisley希思黎煥白亮采隔離防護乳SPF50+PA+++ 40ml,1560,,,,,0,17,100+,0,2025-02-20 12:53:36,2404.37,,False,,2
p15737466,C100294,黛珂,DECORTE,COSME DECORTE黛珂肌源修護精華液 75ml,1050,,,,,0,5,60,0,2024-08-07 14:21:17,978.52,,False,,0
p16119451,C121292,肌膚之鑰,CLE DE PEAU BEAUTE,CPB肌膚之鑰立體充盈面霜50ml,2465,2900.0,8.5,435.0,,3,3,7,0,2026-09-15 00:00:00,2297.2,,False,1885.0,2
p15897822,C118479,CPB肌肤之钥,CLE DE PEAU BEAUTE,CPB肌膚之鑰光采煥顏防護日乳 125ml,927,1090.0,8.5,163.0,,3,3,29,0,2026-09-15 00:00:00,863.9,,False,709.0,2
p15797610,C103935,科顏氏,KIEHL'S,Kiehl's 科顏氏高保濕霜補充裝 150ml,364,610.0,6.0,246.0,,20,20,200+,5,2026-09-15 00:00:00,339.22,,False,0.0,3
p16078792,C121929,歐舒丹,L'OCCITANE,L’occitane歐舒丹甜扁桃味護手霜 150ML,147,,,,,0,13,12,0,2026-05-14 09:46:04,228.32,,False,,2
p15792876,C101271,雅詩蘭黛,ESTEE LAUDER,ESTEE LAUDER雅詩蘭黛智妍緊塑精華乳霜+精華眼霜套裝75ml+15ml,910,1565.0,5.8,655.0,,22,22,100+,0,2026-09-15 00:00:00,848.05,,False,0.0,3
p15941383,F119387,蛇仔標,蛇仔標,蛇仔標-刺骨靈油 50ml,60,,,,,0,15,29,0,2026-05-12 14:36:33,55.92,,False,,0
p15942677,C120950,歐舒丹,L'OCCITANE,L’occitane歐舒丹普羅旺斯花園潤手霜套裝75ml*3,324,,,,,0,36,39,2,2026-09-15 15:03:17,503.24,,False,,2
p15892318,C118138,馥蕾詩,FRESH,FRESH馥蕾詩紅茶緊致潤養日夜面膜套裝（100ml + 100ml）,982,,,,,0,8,30,0,2025-05-30 15:54:47,1407.21,,False,,2
p15738690,C035550,理膚泉,LA ROCHE-POSAY,LA ROCHE POSAY理膚泉溫泉淨顏修護卸妝液 400ml,195,,,,,0,5,100+,0,2024-08-13 16:39:40,181.73,,False,,0
p15735467,C036821,海藍之謎,LA MER,LA MER海藍之謎鎏金煥顏精華眼霜 15ml 褪淡紋路眼紋,3915,,,,,0,7,54,0,2025-12-18 11:23:45,3648.49,,False,,0
p15936345,C119701,歐緹麗,CAUDALIE,Caudalie歐緹麗細緻平衡美膚淡斑液-15ML,72,,,,,0,17,38,0,2025-12-16 16:20:45,111.83,,False,,2
p15946988,C120955,歐舒丹,L'OCCITANE,L’occitane歐舒丹乳木果經典潤手霜四支裝30ml*4,216,,,,,0,22,50,0,2026-09-15 15:03:25,335.49,,False,,2
p15764371,C101259,雅詩蘭黛,ESTEE LAUDER,Estee Lauder 雅詩蘭黛經典版微精華露雙支裝200ml*2,1735,,,,,0,3,70,0,2026-09-15 15:02:08,1616.89,,False,,0
p15839239,C107293,巴黎歐萊雅,L'OREAL PARIS,L'OREAL歐萊雅複顏水光充盈柔膚水三支裝200ml*3【有效期至：2027年2月】,93,310.0,3.0,217.0,,2,2,29,0,2026-09-15 00:00:00,86.67,,False,0.0,3
p16089428,C112455,儀式,RITUALS,RITUALS麂絨香草車載香氛 3g*2,260,,,,,0,4,12,0,2026-06-09 15:23:04,242.3,,False,,0
p15742681,C053731,資生堂,SHISEIDO,SHISEIDO 資生堂百優精純乳霜組合 75ml*2,879,1465.0,879.0,586.0,,9,9,200+,5,2026-09-15 00:00:00,819.16,,False,0.0,3
p15945745,C121291,資生堂,SHISEIDO,Shiseido資生堂悅薇智感視黃醇抗皺霜組合20ml+20ml,1745,,,,,0,4,21,0,2026-09-15 15:03:22,1626.21,,False,,0
p15844738,C106685,希思黎,SISLEY PARIS,sisley希思黎全能乳液 125ml,1352,,,,,0,36,95,2,2026-05-27 14:28:15,1938.41,,False,,2
p15764374,C100951,魅可,MAC,MAC魅可修容高光雙色盤 3.5g,360,,,,,0,13,100+,0,2024-07-31 11:45:25,335.49,,False,,0
p15738096,C044252,資生堂,SHISEIDO,SHISEIDO資生堂盼麗風姿智感撫痕日乳SPF30PA+++75ml,283,560.0,5.1,277.0,,7,7,100+,0,2026-09-15 00:00:00,263.74,,False,0.0,3
p16089561,C120072,儀式,RITUALS,RITUALS夜櫻儀式粉糖身體磨砂膏 250g,195,,,,,0,8,8,0,2026-06-08 11:29:58,181.73,,False,,0
p15865180,C111162,魅可,MAC,MAC魅可經典啞光唇膏 3.5G,122,190.0,122.0,68.0,,14,14,53,0,2026-09-18 00:00:00,113.69,,False,0.0,3
p15781809,C102354,馥蕾詩,FRESH,fresh馥蕾詩古源密集滋養乳霜 100ml,2392,,,,,0,7,60,5,2024-08-14 10:19:05,3429.49,,False,,2
p15876834,C114205,資生堂,SHISEIDO,"Shiseido 資生堂 悅薇智感
緊彈亮豐潤霜50ml",708,1180.0,708.0,472.0,,14,14,100+,0,2026-09-15 00:00:00,659.8,,False,0.0,3
p15867667,C114026,蘭蔻,LANCOME,LANCOME蘭蔻輕透水漾防曬乳-兩件組50ml*2,867,1445.0,6.0,578.0,,9,9,100+,0,2026-09-15 00:00:00,807.98,,False,0.0,3
p15946069,C104972,雪肌精,SEKKISEI,SEKKISEI雪肌精逸透致護夜間修護霜,270,,,,,0,1,11,0,2026-01-12 09:57:55,251.62,,False,,0
p15795049,C102339,馥蕾詩,FRESH,fresh馥蕾詩 大馬士革玫瑰密集保濕面霜 100ml,695,,,,,0,1,100+,10,2024-12-02 15:41:30,647.69,,False,,0
p15915905,C120635,歐舒丹,L'OCCITANE,L’occitane歐舒丹格拉斯橙花香美膚乳250ml,174,,,,,0,7,12,0,2026-09-15 15:03:01,270.26,,False,,2
p15865837,C112327,艾梵達,AVEDA,Aveda升級版強效豐盈防掉護髮素,340,,,,,0,7,100+,0,2026-09-15 15:42:36,316.85,,False,,0
p15885162,C117399,湯姆福特,TOM FORD,TOM FORD幻魅亮澤唇膏152 過癮,370,,,,,0,2,28,0,2025-08-12 12:30:10,344.81,,False,,0
p15793236,C101275,雅詩蘭黛,ESTEE LAUDER,ESTEE LAUDER雅詩蘭黛智妍緊塑精華面霜 75ml,1090,,,,,0,16,100+,5,2024-08-07 14:21:27,1015.8,,False,,0
p15883154,C118044,歐緹麗,CAUDALIE,Caudalie歐緹麗尊貴璀璨時光修護眼霜15ML,324,,,,,0,22,34,0,2025-03-03 17:32:58,503.24,,False,,2
p15809822,C105976,黛珂,DECORTE,DECORTE黛珂牛油果植萃乳液 150ml（版）,142,315.0,4.5,173.0,,6,6,54,0,2026-09-15 00:00:00,132.33,,False,0.0,3
p15823782,C106601,雪花秀,SULWHASOO,Sulwhasoo雪花秀玉璨淨顏面膜兩只裝120mL*2（版）,576,,,,,0,6,51,0,2024-07-31 11:54:36,536.79,,False,,0
p15874088,IN100146,可复美,可复美,可复美煥能舒潤柔膚水500ml,159,,,,,0,2,100+,0,2026-09-15 15:02:21,148.18,,False,,0
p15901186,C119471,博柏利 精品,BURBERRY,Burberry博柏利卓越持妝煥亮妝前乳30ml,255,,,,,0,1,13,0,2026-09-15 15:02:51,456.64,,False,,2
p15896076,C118470,資生堂,SHISEIDO,SHISEIDO資生堂時光琉璃臻采防曬隔離乳-50ML,790,,,,,0,3,35,0,2025-07-29 12:11:42,736.22,,False,,0
p15849347,C111603,馥蕾詩,FRESH,fresh馥蕾詩紅茶凝時煥活面霜-100ML,894,,,,,0,4,39,5,2024-08-14 10:19:06,1281.4,,False,,2
p15941554,F119391,月兔牌,月兔牌,月兔牌-痱滋膏 10g,66,,,,,0,1,24,0,2026-05-12 14:38:19,61.51,,False,,0
p15809821,C105869,博柏利,BURBERRY,BURBERRY博柏利卓越持妝柔霧粉底液 30ml,324,,,,,0,2,59,0,2025-02-25 15:56:08,503.24,,False,,2
p15787232,C102402,理膚泉,LA ROCHE-POSAY,LA ROCHE-POSAY理膚泉 舒緩調理溫泉水噴霧 300ml*2,305,,,,,0,9,100+,0,2026-02-25 16:48:19,284.24,,False,,0
p15885455,C116212,海藍之謎,LA MER,La Mer海藍之謎全新極緻修護晚間精華霜50ML,2921,4635.0,6.3,1714.0,,2,2,46,0,2026-09-15 00:00:00,2722.16,,False,0.0,3
p15741874,C052345,海藍之謎,LA MER,LA MER海藍之謎鎏金煥顏夜間修護霜 50ml 強韌緊致飽滿,3939,6655.0,5.9,2716.0,,11,11,29,5,2026-09-15 00:00:00,3670.86,,False,0.0,3
p15915119,C118947,資生堂,SHISEIDO,Shiseido資生堂全天候感肌抗禦防曬棒-SPF50--PA----,295,,,,,0,20,50,0,2025-11-21 10:00:16,274.92,,False,,0
p15941555,F119372,BWB,BWB,BWB-大和菊之目 15ml,65,,,,,0,11,34,0,2026-05-12 14:33:27,60.58,,False,,0
p15849733,C111533,馥蕾詩,FRESH,fresh馥蕾詩大豆精萃卸妝潔顏雙支裝150ml*2,620,,,,,0,12,100+,0,2026-09-15 15:02:30,577.79,,False,,0
p15915902,C120921,歐舒丹,L'OCCITANE,L’occitane歐舒丹格拉斯橙花香沐浴啫喱250ml,117,,,,,0,2,15,0,2026-09-15 15:03:09,181.73,,False,,2
p15873677,C115031,嬌韻詩,CLARINS,CLARINS嬌韻詩新生之美套組100ml+175ml,702,,,,,0,14,39,0,2026-09-15 15:02:30,1006.48,,False,,2
p15739003,C048854,嬌韻詩,CLARINS,CLARINS嬌韻詩緞光水漾精華粉底液 30ml,246,,,,,0,10,36,0,2026-08-31 17:16:42,382.09,,False,,2
p16078795,C121923,歐舒丹,L'OCCITANE,L’occitane歐舒丹甜扁桃味緊致彈潤美膚乳200ml,297,,,,,0,3,11,0,2026-09-15 15:03:48,461.3,,False,,2
p15897820,C118475,CPB肌肤之钥,CLE DE PEAU BEAUTE,CPB肌膚之鑰精萃光采修護精華霜 II 50ml,1071,1260.0,8.5,189.0,,7,7,28,0,2026-09-15 00:00:00,998.09,,False,819.0,2
p15737359,C044254,資生堂,SHISEIDO,SHISEIDO資生堂盼麗風姿智感撫痕霜（滋潤型） 50ml,690,,,,,0,13,100+,5,2025-05-28 10:45:47,643.03,,False,,0
p15821475,C106466,科顏氏,KIEHL'S,Kiehl's科顏氏牛油果眼霜 28ml,590,,,,,0,5,14,0,2024-08-01 10:13:54,549.84,,False,,0
p15865820,C112545,嬌韻詩,CLARINS,CLARINS嬌韻詩緊致輕盈身體精華露,403,,,,,0,9,53,0,2026-09-15 15:42:36,577.79,,False,,2
p15876394,C110643,嬌韻詩,CLARINS,CLARINS嬌韻詩沁潤奇肌保濕舒緩精華 30ml,345,,,,,0,5,21,0,2024-12-17 13:44:53,493.92,,False,,2
p15743197,C018564,科顏氏,KIEHL'S,Kiehl's 科顏氏金盞花爽膚水500ml,590,,,,,0,6,31,20,2026-03-26 16:09:23,549.84,,False,,0
p15866550,C113533,嬌蘭,GUERLAIN,Guerlain嬌蘭臻彩寶石緞光唇膏3.5g,320,,,,,0,4,25,0,2026-01-26 14:23:17,298.22,,False,,0
p15824798,C102811,雅詩蘭黛,ESTEE LAUDER,ESTEE LAUDER雅詩蘭黛沁水養膚粉底液30ml,287,520.0,287.0,233.0,,22,22,100+,0,2026-09-18 00:00:00,267.46,,False,0.0,3
p15870451,C114895,雪花秀,SULWHASOO,SULWHASOO雪花秀菁典臻秀精萃乳125ml,1030,,,,,0,4,34,0,2025-01-21 17:35:49,959.88,,False,,0
p15886460,IN100132,可复美,可复美,可复美重組膠原蛋白肌禦賦活修護精粹水120mL,176,319.0,5.5,143.0,,10,10,31,0,2026-09-15 00:00:00,164.02,,False,0.0,3
p15894449,C057650,祖瑪瓏,JO MALONE LONDON,JO MALONE LONDON祖瑪瓏滿室幽香香薰-英國梨與小蒼蘭-165ML,770,,,,,0,3,11,0,2026-02-02 10:22:16,717.58,,False,,0
p16096615,C125567,肌膚之鑰,CLE DE PEAU BEAUTE,CPB肌膚之鑰光采護膚乳液+眼霜套裝175ml+125ml+125ml+15ml,3906,4595.0,8.5,689.0,,15,15,6,0,2026-09-15 00:00:00,3640.1,,False,2987.0,2
p15864423,C113790,茵芙莎,IPSA,IPSA茵芙莎彈潤面霜50g,378,,,,,0,3,47,5,2025-06-20 13:44:38,587.11,,False,,2
p15799275,C043394,AHC,AHC,AHC愛和純第三代臻致B5玻尿酸補水面膜25片27ml*25,396,,,,,0,16,89,0,2026-09-15 15:02:17,369.04,,False,,0
p16108837,C118466,資生堂,SHISEIDO,Shiseido資生堂悅薇智感美白抗皺三件組150ml+100ml+50ml,2090,,,,,0,9,6,0,2026-09-15 15:03:49,1947.73,,False,,0
p15915911,C120918,歐舒丹,L'OCCITANE,L’occitane歐舒丹甜蜜櫻花香沐浴露 250ML,117,,,,,0,8,22,0,2025-12-01 09:45:39,181.73,,False,,2
p15743096,C056802,古馳,Gucci,GUCCI 古馳傾色琉光唇膏 1.8g,176,,,,,0,7,61,0,2026-08-31 17:16:43,349.47,,False,,2
p15738569,C016811,希思黎,SISLEY PARIS,sisley希思黎花香保濕面膜 60ml,683,,,,,0,20,100+,0,2025-02-20 12:53:35,1025.12,,False,,2
p15787242,C102068,植村秀,SHU UEMURA,shu uemura植村秀自動砍刀眉筆 灰棕 0.3g,191,310.0,191.0,119.0,,48,48,100+,0,2026-09-18 00:00:00,178.0,,False,0.0,3
p15872025,C115457,茵芙莎,IPSA,IPSA茵芙莎自律角質清理液-1  （142ml）,180,,,,,0,3,28,0,2025-06-20 13:43:15,279.58,,False,,2
p15872010,C114198,資生堂,SHISEIDO,SHISEIDO資生堂時光琉璃盈亮柔膚液170ml,612,970.0,612.0,358.0,,10,10,100+,0,2026-09-15 00:00:00,570.34,,False,0.0,3
p15899056,F119376,名古屋,名古屋,名古屋勞損貼 10片 大,90,,,,,0,5,61,0,2026-05-12 14:34:39,83.87,,False,,0
p15739573,C053749,肌膚之鑰,CLE DE PEAU BEAUTE,CPB 肌膚之鑰黃金面膜 75ml,1955,2300.0,8.5,345.0,,6,6,48,0,2026-09-15 00:00:00,1821.92,,False,1495.0,2
p15865805,C112781,魅可,MAC,MAC魅可保濕控妝噴霧套組100ml,265,,,,,0,1,30,0,2026-09-15 15:02:31,246.96,,False,,0
p15738881,C047701,黛珂,DECORTE,COSME DECORTE黛珂AQ珍萃精顏臻悅洗顏露/洗面奶 200ML,710,,,,,0,8,24,0,2024-07-31 11:21:57,661.67,,False,,0
p15877864,C115935,聖羅蘭,YSL,YSL聖羅蘭新明彩柔霧輕墊粉底液 #20(替換芯*2),785,,,,,0,7,83,0,2025-02-28 13:45:00,731.56,,False,,0
p15823785,C106597,雪花秀,SULWHASOO,Sulwhasoo雪花秀與潤夜間煥活面膜兩只裝120mL*2（版）,454,756.0,454.0,302.0,,10,10,53,0,2026-09-15 00:00:00,423.09,,False,0.0,3
p15866236,C112282,魅可,MAC,MAC魅可細緻雙頭眉筆,112,205.0,5.5,93.0,,6,6,63,0,2026-09-15 00:00:00,104.38,,False,0.0,3
p15859798,C110121,肌膚之鑰,CLE DE PEAU BEAUTE,CPB肌膚之鑰光柔水凝氣墊精華粉底膏盒（適用圓形粉芯）,196,230.0,8.5,34.0,,11,11,82,0,2026-09-15 00:00:00,182.66,,False,150.0,2
p15880958,C117401,植村秀,SHU UEMURA,SHU UEMURA植村秀瞬間亮膚保濕底霜-BEIGE 30ml,239,400.0,239.0,161.0,,14,14,100+,0,2026-09-15 00:00:00,222.73,,False,0.0,3
p16069826,C116158,歐舒丹,L'OCCITANE,L’occitane歐舒丹煥活微囊肌底精華液兩件裝50ml*2,960,,,,,0,9,15,0,2026-09-15 15:03:48,1491.08,,False,,2
p15902883,C119260,理膚泉,LA ROCHE-POSAY,LA ROCHE-POSAY理膚泉清痘啫喱霜40ml,235,,,,,0,2,33,0,2026-09-15 15:03:03,219.0,,False,,0
p15878317,C115776,蔻依,Chloe,Chloe蔻依仙境花園系列香氛北國雪松女士香水50ml,800,,,,,0,4,32,0,2026-04-24 17:09:57,1146.27,,False,,2
p15873678,C115029,嬌韻詩,CLARINS,CLARINS嬌韻詩保濕溫和泡沫潔面乳-普通至幹性皮膚125ml,182,,,,,0,5,33,0,2026-09-15 15:02:23,260.94,,False,,2
p15811356,C105972,黛珂,DECORTE,COSME DECORTE黛珂多重防曬乳(舒潤型) 56ml,290,,,,,0,8,400+,0,2024-08-13 16:39:47,270.26,,False,,0
p15742936,C025029,科顏氏,KIEHL'S,Kiehl's 科顏氏男士活力潔面啫喱/洗面奶  250ml,275,,,,,0,11,100+,0,2024-07-31 11:40:04,256.28,,False,,0
p15860874,F107894,余仁生,Eu Yan Sang,余仁生桑黃健肝專方 (60粒/盒)(有效期至2027.10.15),399,,,,,0,13,96,0,2025-10-11 11:47:12,371.84,,False,,0
p15821716,C106565,紀梵希,Givenchy,GIVENCHY紀梵希明星柔光調色霜 11ml 綠色,345,,,,,0,7,44,0,2024-07-31 11:54:13,321.51,,False,,0
p15890626,C118107,植村秀,SHU UEMURA,shu uemura 植村秀羽紗輕盈持妝粉底液574 35ml,485,,,,,0,2,30,0,2026-09-15 15:02:46,451.98,,False,,0
p15874767,C114379,雪花秀,SULWHASOO,SULWHASOO雪花秀禦時參養水150ml,438,730.0,438.0,292.0,,39,39,78,0,2026-09-15 00:00:00,408.18,,False,0.0,3
p16070198,C117540,海藍之謎,LA MER,La Mer海藍之謎水光修護旅行套裝60ml+125ml+150ml,4172,6160.0,4172.0,1988.0,,16,16,7,0,2026-09-18 00:00:00,3888.0,,False,0.0,3
p15737801,C055644,蘭芝,LANEIGE,LANEIGE蘭芝夜間保濕修護唇膜（莓果味）20g,150,,,,,0,3,93,0,2025-12-11 12:16:08,139.79,,False,,0
p15913738,C109785,艾哈佛,AHAVA,AHAVA死海泥清潔面膜 100ml,278,,,,,0,12,16,0,2025-10-20 17:04:25,259.08,,False,,0
p15851487,C111027,海藍之謎,LA MER,LA MER海藍之謎精華輕盈面霜​30ml,1123,1840.0,1123.0,717.0,,6,6,52,0,2026-09-15 00:00:00,1046.55,,False,0.0,3
p15866975,C111494,馥蕾詩,FRESH,fresh馥蕾詩澄糖莓莓面部磨砂啫喱125ml,330,,,,,0,16,200+,0,2024-08-13 16:39:36,307.54,,False,,0
p15942693,C120141,科顏氏,KIEHL'S,Kiehl’s科顏氏金盞花爽膚水 雙支裝500ml*2,1105,,,,,0,1,15,0,2026-09-15 15:03:19,1029.78,,False,,0
p15896493,C117560,祖瑪瓏,JO MALONE LONDON,JO MALONE祖瑪瓏護手霜（牡丹與胭紅麂絨香型）30ml,200,,,,,0,9,44,0,2026-09-15 15:02:43,186.39,,False,,0
p15741118,C051366,雅詩蘭黛,ESTEE LAUDER,ESTEE LAUDER  雅詩蘭黛 Futurist Aqua Brilliance  沁水光透妝前乳 40ml,425,,,,,0,6,71,0,2024-07-31 11:33:04,396.07,,False,,0
p15787538,C055293,歐緹麗,CAUDALIE,CAUDALIE 歐緹麗潔顏摩絲 50ml,54,,,,,0,4,86,0,2024-08-07 14:21:26,83.87,,False,,2
p15835898,C105607,資生堂,SHISEIDO,SHISEIDO資生堂鮮潤賦活透潤霜 50ml,570,,,,,0,10,100+,5,2024-08-13 16:39:49,531.2,,False,,0
p16072095,C123309,黛珂,DECORTE,DECORTE黛珂多重防曬（舒緩）50ml,360,,,,,0,11,14,0,2026-09-15 15:03:49,335.49,,False,,0
p15793916,C103085,聖羅蘭,YSL,YSL聖羅蘭恒顏無瑕粉底液LN4 25ml,650,,,,,0,5,49,0,2025-07-11 17:24:00,605.75,,False,,0
p15885935,C117124,嬌韻詩,CLARINS,Clarins嬌韻詩煥顏緊致彈力晚霜50ML,572,,,,,0,3,24,0,2025-04-25 17:26:37,820.09,,False,,2
p15947700,C118956,肌膚之鑰,CLE DE PEAU BEAUTE,CPB光采日常及逆齡防曬套裝170ml+125ml+50ml,2223,2615.0,8.5,392.0,,8,8,11,0,2026-09-15 00:00:00,2071.67,,False,1700.0,2
p15764561,C101385,植村秀,SHU UEMURA,shu uemura植村秀羽紗定妝蜜粉 15g,450,,,,,0,14,100+,10,2024-08-01 10:43:24,419.37,,False,,0
p15742937,C021953,植村秀,SHU UEMURA,shu uemura植村秀眉筆 02,230,,,,,0,4,100+,0,2024-07-31 11:38:20,214.34,,False,,0
p15739043,C050431,希思黎,SISLEY PARIS,sisley希思黎黑玫瑰煥采精華眼霜 14ml,728,,,,,0,6,75,0,2025-02-20 12:53:35,1099.67,,False,,2
p15898288,C118948,CPB肌肤之钥,CLE DE PEAU BEAUTE,CPB肌膚之鑰精萃光采修護精華乳 II 125ml,1020,1200.0,8.5,180.0,,3,3,27,0,2026-09-15 00:00:00,950.56,,False,780.0,2
p15864628,C111741,嬌蘭,GUERLAIN,Guerlain法國嬌蘭帝皇蜂姿亮白修護淡斑霜50ML,1450,,,,,0,3,20,5,2024-08-07 15:13:16,1351.29,,False,,0
p15870338,C114709,歐緹麗,CAUDALIE,CAUDALIE歐緹麗葡萄籽雪芭保濕面霜-60ML,156,,,,,0,22,63,5,2024-10-12 15:31:52,242.3,,False,,2
p16089566,C125603,儀式,RITUALS,RITUALS夜櫻儀式小號禮盒190ml,295,,,,,0,10,6,0,2026-09-15 15:03:54,274.92,,False,,0
p15739659,C056668,CLINIQUE,CLINIQUE (Beauty),CLINIQUE倩碧小雛菊腮紅15 3.5g CLINIQUE cheek pop Pansy Pop 3.5g,160,,,,,0,6,65,0,2024-09-20 10:21:42,149.11,,False,,0
p15737748,C044253,資生堂,SHISEIDO,SHISEIDO資生堂盼麗風姿智感撫痕乳霜 50ML,690,,,,,0,11,93,5,2024-07-31 11:18:41,643.03,,False,,0
p15874522,C114195,資生堂,SHISEIDO,SHISEIDO資生堂-悅薇智感緊彈亮乳霜50ml,950,,,,,0,2,100+,0,2024-12-31 12:16:59,885.33,,False,,0
p15898291,C118474,CPB肌肤之钥,CLE DE PEAU BEAUTE,CPB肌膚之鑰基礎保養精華乳套裝170ml+125ml+125ml,2529,2975.0,8.5,446.0,,6,6,43,0,2026-09-15 00:00:00,2356.84,,False,1934.0,2
p15915891,C118644,歐舒丹,L'OCCITANE,L’occitane歐舒丹臘菊賦顏禦齡套裝50ml+50ml+200ml,1194,,,,,0,6,16,0,2026-09-15 15:03:03,1854.53,,False,,2
p15885930,C117122,嬌韻詩,CLARINS,Clarins嬌韻詩煥顏緊致彈力乳液100ML,449,,,,,0,3,62,0,2026-09-16 15:42:31,643.03,,False,,2
p15823084,C106598,雪花秀,SULWHASOO,Sulwhasoo雪花秀與潤夜間煥活面膜-120ML（版）,410,,,,,0,12,56,0,2024-07-31 11:54:57,382.09,,False,,0
p15781911,C102719,雅詩蘭黛,ESTEE LAUDER,ESTEE LAUDER雅詩蘭黛 第五代升級再生基因修復眼霜15毫升,530,,,,,0,12,100+,0,2026-08-31 17:16:48,493.92,,False,,0
p15735840,C026881,海藍之謎,LA MER,LA MER海藍之謎煥活修護精華面膜 75ml淡褪皺紋,1132,1840.0,1132.0,708.0,,5,5,47,0,2026-09-15 00:00:00,1054.94,,False,0.0,3
p16089429,C125599,儀式,RITUALS,RITUALS夜櫻儀式中號禮盒300ml+265g,246,410.0,246.0,164.0,,16,16,6,0,2026-09-18 00:00:00,229.25,,False,0.0,3
p15833290,C106475,巴黎歐萊雅,L'OREAL PARIS,L'OREAL歐萊雅複顏保濕護膚套裝50ml+50ml+15ml【有效期至：2027年2月】,162,540.0,3.0,378.0,,8,8,61,0,2026-09-15 00:00:00,150.97,,False,0.0,3
p15952669,C123007,莉婕,Liese,Liese莉婕Blaune速效白髮補染棒–深棕色8ml*6,60,,,,,0,2,43,0,2026-09-15 15:03:36,55.92,,False,,0
p15886979,C118090,蘭蔻,LANCOME,Lancome蘭蔻肌底精華煥亮眼霜-20ML,520,,,,,0,4,36,0,2025-05-21 17:52:40,484.6,,False,,0
p15868257,C114293,蘭蔻,LANCOME,LANCOME蘭蔻肌底煥活修護精華液100ML,1058,1705.0,6.2,647.0,,26,26,83,0,2026-09-15 00:00:00,985.98,,False,0.0,3
p15846144,C111655,奧碧虹,ALBION,Elegance持久剔透防曬調色乳30g,266,,,,,0,29,200+,0,2024-09-20 10:23:04,354.13,,False,,2
p15832455,C107211,馥蕾詩,FRESH,fresh馥蕾詩清甜西柚果香沐浴露 300ml,270,,,,,0,7,66,0,2024-08-07 14:21:30,251.62,,False,,0
p15742416,C049734,古馳,Gucci,GUCCI 古馳柔焦凝光粉餅,323,,,,,0,1,20,20,2025-04-27 10:05:51,503.24,,False,,2
p15738289,C045371,庭潤,THANN,THANN庭潤米萃取護唇膏  10g,81,155.0,5.2,74.0,,10,10,15,0,2026-09-15 00:00:00,75.49,,False,0.0,3
p15736699,C024190,芭比布朗,BOBBI BROWN,BOBBI BROWN芭比波朗流雲隨心眼妝筆#1爵士黑0.35g,146,265.0,5.5,119.0,,15,15,30,0,2026-09-15 00:00:00,136.06,,False,0.0,3
p15865179,C111807,魅可,MAC,MAC魅可定制無瑕粉底液30ml,365,,,,,0,7,66,0,2026-09-15 15:02:21,340.15,,False,,0
p15945750,C121359,橘朵,JUDYDOLL,JUDYDOLL橘朵雙頭撕拉唇線豐潤唇油 01 2.4g+2g,89,,,,,0,3,7,0,2026-01-14 11:07:16,82.94,,False,,0
p15810016,C105978,黛珂,DECORTE,DECORTE黛珂多重防曬乳(耐水型) 55ml,130,290.0,4.5,160.0,,1,1,200+,0,2026-09-15 00:00:00,121.15,,False,0.0,3
p15883656,C117158,蘭蔻,LANCOME,Lancome蘭蔻菁純臻顏精華粉底液-110 35ml,995,,,,,0,3,23,0,2026-09-15 15:02:44,927.27,,False,,0
p15828760,C103598,古馳,Gucci,GUCCI古馳腮紅5.5g,294,,,,,0,4,53,0,2025-07-24 10:21:37,456.64,,False,,2
p15743579,C052983,博柏利,BURBERRY,BURBERRY博柏利之吻晶潤緞彩唇膏 3.3g,160,,,,,0,18,37,0,2026-08-31 17:16:45,293.56,,False,,2
p15740592,C047209,艾梵達,AVEDA,Aveda 迷你輕巧按摩木梳,111,185.0,111.0,74.0,,56,56,200+,0,2026-09-18 00:00:00,103.44,,False,0.0,3
p15738914,C047694,黛珂,DECORTE,COSME DECORTE黛珂AQ珍萃精顏綺甄眼霜 20g,1156,2150.0,5.4,994.0,,5,5,24,0,2026-09-15 00:00:00,1077.31,,False,0.0,3
p15866254,C111442,海藍之謎,LA MER,LA MER海藍之謎鎏金煥顏密集賦活精華露30ml,4124,6800.0,6.1,2676.0,,2,2,41,0,2026-09-15 00:00:00,3843.26,,False,0.0,3
p15833783,C055149,卡詩,KERASTASE,KERASTASE卡詩耀光凝色奢護精華霜 250ml,350,,,,,0,40,100+,0,2024-08-13 16:39:49,326.17,,False,,0
p15743010,C027429,理膚泉,LA ROCHE-POSAY,LA ROCHE POSAY理膚泉淨膚控油潔面泡沫 125ml,210,,,,,0,4,57,0,2024-07-31 11:40:04,195.7,,False,,0
p15736648,C044528,黛珂,DECORTE,COSME DECORTE黛珂植物欣韻蘊活精華霜 30g,420,,,,,0,3,17,5,2024-07-31 11:12:10,391.41,,False,,0
p15894357,C118038,歐緹麗,CAUDALIE,Caudalie歐緹麗葡萄籽深層清潔去角質霜-75mL,135,,,,,0,13,23,0,2025-06-24 12:18:35,209.68,,False,,2
p15737752,C050149,資生堂,SHISEIDO,SHISEIDO資生堂豔陽夏臻效水動力防護乳液 50ml,380,,,,,0,8,81,10,2024-08-13 16:39:40,354.13,,False,,0
p15900813,C117745,魅可,MAC,MAC魅可晶透沁潤防曬妝前乳30ml,218,290.0,7.5,72.0,,10,10,11,0,2026-09-15 00:00:00,203.16,,False,0.0,3
p15831784,C046656,芭比布朗,BOBBI BROWN,BOBBI BROWN芭比波朗持久滋潤細金管唇膏,192,350.0,5.5,158.0,,2,2,48,0,2026-09-15 00:00:00,178.93,,False,0.0,3
p15952261,C114725,雪肌精,SEKKISEI,SEKKISEI雪肌精美白黑面膜76ml,160,,,,,0,5,17,0,2026-09-15 15:03:35,149.11,,False,,0
p15876797,C115044,魅可,MAC,MAC魅可煥采元氣潤唇膏,180,,,,,0,5,37,0,2024-12-31 12:17:17,167.75,,False,,0
p15949231,C123043,儀式,RITUALS,RITUALS櫻花儀式藤條香薰250ml,355,,,,,0,3,7,0,2026-09-15 15:03:45,330.83,,False,,0
p15882451,C116209,倩碧,CLINIQUE,Clinique美白祛斑精華露 50ml,486,810.0,6.0,324.0,,5,5,32,0,2026-09-15 00:00:00,452.92,,False,0.0,3
p15892660,C115941,聖羅蘭,YSL,YSL聖羅蘭先鋒高定腮紅06 6g,480,,,,,0,3,32,0,2025-07-14 11:58:12,447.32,,False,,0
p15949085,C121858,雅詩蘭黛,ESTEE LAUDER,Estee Lauder雅詩蘭黛輕透持妝粉底液2C0 30ml,460,,,,,0,2,12,0,2026-09-15 15:03:32,428.69,,False,,0
p15738392,C053745,肌膚之鑰,CLE DE PEAU BEAUTE,CPB肌膚之鑰鑽光柔亮粉底液 B10號35ml,683,,,,,0,2,10,0,2026-01-26 14:23:17,978.52,,False,,2
p15899055,F119377,名古屋,名古屋,名古屋勞損貼 10片 小,60,,,,,0,3,62,0,2026-05-12 14:35:27,55.92,,False,,0
p15867675,C114050,聖羅蘭,YSL,YSL聖羅蘭敢愛光耀柔光唇膏,380,,,,,0,18,300+,0,2025-10-21 11:18:34,354.13,,False,,0
p15735263,C034869,喬治阿瑪尼,GIORGIO ARMANI,GIORGIO ARMANI  阿瑪尼晶柔光韻防曬凝乳（紫色）  30ml,354,590.0,354.0,236.0,,51,51,100+,0,2026-09-18 00:00:00,329.9,,False,0.0,3
p15946985,C121922,歐舒丹,L'OCCITANE,L’occitane歐舒丹潔膚皂-乳木果香,66,,,,,0,4,36,0,2026-02-05 17:00:40,102.51,,False,,2
p15919477,C118790,艾梵達,AVEDA,Aveda艾梵達滋潤護髮精油150ml,265,,,,,0,1,9,0,2026-09-15 15:03:01,246.96,,False,,0
p15742521,C052509,雅诗兰黛,ESTEE LAUDER,ESTEE LAUDER  雅詩蘭黛 Re-Nutriv Ultimate Lift Regenerating  Youth 白金級花菁萃緊顏精華面霜 50ml,1653,2755.0,1653.0,1102.0,,15,15,34,5,2026-09-15 00:00:00,1540.47,,False,0.0,3
p15743166,C032286,魅可,MAC,MAC魅可妝前底唇膏/口紅  1.7g,195,,,,,0,2,81,30,2024-07-31 11:41:29,181.73,,False,,0
p15884803,C118087,蘭蔻,LANCOME,LANCOME蘭蔻全新菁純臻顏乳霜-輕盈型100ML,3854,,,,,0,7,45,0,2025-05-14 09:43:53,3591.64,,False,,0
p15879657,C028034,科顏氏,KIEHL'S,Kiehl's 科顏氏嬰兒營養舒緩保濕霜 200ml,280,,,,,0,28,100+,0,2025-01-21 14:30:03,260.94,,False,,0
p16072098,C123307,黛珂,DECORTE,DECORTE黛珂多重防曬50ml,216,360.0,216.0,144.0,,35,35,10,0,2026-09-18 00:00:00,201.3,,False,0.0,3
p16095835,C125640,卡詩,KERASTASE,KERASTASE巴黎卡詩釉光玫瑰系列三部曲250ml*2+45ml,795,,,,,0,3,12,0,2026-09-15 15:03:56,740.88,,False,,0
p15883149,C102538,歐緹麗,CAUDALIE,Caudalie歐緹麗葡萄籽修復身體乳霜-250ML,150,,,,,0,13,11,0,2025-03-03 17:32:58,232.98,,False,,2
p16038768,C120925,歐舒丹,L'OCCITANE,L’occitane歐舒丹乳木果舒緩特潤身體潤膚霜200ml,240,,,,,0,13,17,0,2026-04-02 17:37:29,372.77,,False,,2
p15800454,C051698,AHC,AHC,AHC愛和純臻致玻尿酸面膜(黃金款)25g*10片,165,275.0,165.0,110.0,,34,34,40,0,2026-09-18 00:00:00,153.77,,False,0.0,3
p15741094,C049778,古馳,Gucci,GUCCI 古馳傾色絨霧唇膏,184,,,,,0,10,64,0,2026-06-24 10:54:12,349.47,,False,,2
p15764523,C100766,CLINIQUE,CLINIQUE (Beauty),CLINIQUE倩碧面部眼部卸妝霜雙支裝 125ml*2,495,,,,,0,3,72,0,2024-09-20 10:22:00,461.3,,False,,0
p15742856,C000952,伊麗莎白·雅頓,ELIZABETH ARDEN,Elizabeth Arden伊麗莎白雅頓綠茶蜜滴潤體霜,86,155.0,5.5,69.0,,6,6,34,0,2026-09-15 00:00:00,80.15,,False,0.0,3
p15869743,C107942,儀式,RITUALS,RITUALS梵心儀式身體磨砂膏-300G,195,,,,,0,4,100+,0,2024-09-10 17:05:10,181.73,,False,,0
p15865191,C112793,芭比布朗,BOBBI BROWN,BOBBI BROWN芭比波朗持久輕透霧鏡氣墊粉底12G,245,450.0,245.0,205.0,,8,8,92,0,2026-09-18 00:00:00,228.32,,False,0.0,3
p15899063,F119390,月兔牌,月兔牌,月兔牌皮膚濕疹膏(小童) 50ml,78,,,,,0,8,18,0,2025-08-22 11:08:42,72.69,,False,,0
p15830838,C107815,芭比波朗,BOBBI BROWN,BOBBI BROWN芭比波朗羽柔定妝蜜粉餅,395,,,,,0,8,70,0,2024-07-31 11:56:56,368.11,,False,,0
p15941385,F119396,義大利威斯汀,義大利威斯汀,義大利威斯汀-灰甲易 15ml,158,,,,,0,11,24,0,2026-05-12 14:02:15,147.24,,False,,0
p16071734,C123313,黛珂,DECORTE,DECORTE黛珂AQ防曬,610,,,,,0,3,8,0,2026-04-29 10:08:58,568.47,,False,,0
p15866140,C112108,蘭芝,LANEIGE,LANEIGE蘭芝膠原彈滑睡眠面膜-60ML,168,280.0,168.0,112.0,,23,23,100+,0,2026-09-15 00:00:00,156.56,,False,0.0,3
p15848010,C107272,蘭蔻,LANCOME,LANCOME蘭蔻菁純柔霧啞光唇釉 6ML,360,,,,,0,15,81,0,2024-07-31 11:35:17,335.49,,False,,0
p15881362,C117316,紀梵希,Givenchy,Givenchy紀梵希明星四宮格柔霧散粉0,565,,,,,0,2,32,0,2025-02-28 14:27:13,526.54,,False,,0
p15851482,C111026,海藍之謎,LA MER,LA MER海藍之謎沁潤型精華凝霜 60ml,1998,3325.0,6.0,1327.0,,20,20,79,0,2026-09-15 00:00:00,1861.99,,False,0.0,3
p16069838,C124011,卡詩,KERASTASE,KERASTASE卡詩釉光玫瑰防毛躁光澤牛奶噴霧190ml,263,350.0,7.5,87.0,,9,9,21,0,2026-09-15 00:00:00,245.1,,False,0.0,3
p16089563,C125596,儀式,RITUALS,RITUALS怡式夜櫻儀式香體噴霧50 ml,225,,,,,0,5,5,0,2026-06-08 11:30:22,209.68,,False,,0
p15737151,C030058,祖瑪瓏,JO MALONE LONDON,JO MALONE祖·瑪瓏柚子香水30毫升,348,640.0,5.4,292.0,,6,6,16,0,2026-09-15 00:00:00,324.31,,False,0.0,3
p15874518,C112587,資生堂,SHISEIDO,SHISEIDO資生堂盼麗風姿智感撫紋眼霜 15ML,550,,,,,0,4,100+,0,2024-11-26 11:30:15,512.56,,False,,0
p15764381,C101721,歐舒丹,L'OCCITANE,L'OCCITANE 歐舒丹煥活微囊眼部肌底精華液 15ml,330,,,,,0,6,62,0,2024-07-31 11:45:08,512.56,,False,,2
p15742439,C007959,伊麗莎白·雅頓,ELIZABETH ARDEN,Elizabeth Arden伊麗莎白雅頓8小時經典潤澤霜 50ml,171,,,,,0,2,29,0,2024-09-09 11:31:52,159.36,,False,,0
p15945744,C104028,雪肌精,SEKKISEI,SEKKISEI雪肌精逸透臻顏煥活眼霜-15G,350,,,,,0,2,8,0,2026-01-12 09:57:41,326.17,,False,,0
p15736004,C040448,湯姆福特,TOM FORD,TOM FORD 珍華烏木香水50ML（珍華烏木香型）,2400,,,,,0,1,24,0,2024-07-31 11:10:44,2236.62,,False,,0
p15890287,C117858,儀式,RITUALS,RITUALS皇家清茶藤條香薰450ml,357,625.0,5.7,268.0,,1,1,45,0,2026-09-15 00:00:00,332.7,,False,0.0,3
p15875172,C116379,雪花秀,SULWHASOO,SULWHASOO雪花秀禦時緊顏參養面霜50ml,1680,,,,,0,10,90,0,2025-07-07 10:17:07,1565.64,,False,,0
p15893779,C118352,嬌蘭,GUERLAIN,Guerlain嬌蘭禦廷蘭花油融卸妝凝露150ml,980,,,,,0,1,10,0,2026-09-15 15:02:48,913.29,,False,,0
p16086998,C121650,雅詩蘭黛,ESTEE LAUDER,Estee Lauder雅詩蘭黛智妍膠原精華 50ml,910,1300.0,910.0,390.0,,14,14,7,0,2026-09-15 00:00:00,848.05,,False,0.0,3
p15948959,C123038,儀式,RITUALS,RITUALS阿姆斯特丹系列小號藤條香薰70ml,195,,,,,0,3,32,0,2026-09-15 15:03:26,181.73,,False,,0
p15949233,C122375,嬌韻詩,CLARINS,Clarins嬌韻詩輕透養膚防曬乳（潤粉色）50ml,358,,,,,0,4,9,0,2026-09-15 15:03:36,512.56,,False,,2
p15913737,C119531,艾哈佛,AHAVA,AHAVA礦物水潤護手霜100ml,107,178.0,107.0,71.0,,11,11,8,0,2026-09-15 00:00:00,99.72,,False,0.0,3
p15894229,C117151,雪花秀,SULWHASOO,Sulwhasoo雪花秀滋盈琉光緊致霜-75ML-25AD,800,,,,,0,11,26,0,2025-07-08 10:54:56,745.54,,False,,0
p16078797,C121930,歐舒丹,L'OCCITANE,L’occitane歐舒丹乳木果臘菊手部緊致精華霜75ml,174,,,,,0,14,8,0,2026-09-15 15:03:50,270.26,,False,,2
p15894228,C117150,雪花秀,SULWHASOO,Sulwhasoo雪花秀滋盈琉光潤顏水-150ML-25AD,425,,,,,0,10,21,0,2025-07-08 10:54:56,396.07,,False,,0
p15743654,C016887,倩碧,CLINIQUE,CLINIQUE倩碧基礎潤膚組合125ml x 2,246,465.0,5.3,219.0,,13,13,74,0,2026-09-15 00:00:00,229.25,,False,0.0,3
p15742164,C054358,伊麗莎白·雅頓,ELIZABETH ARDEN,Elizabeth Arden伊麗莎白雅頓鉑粹禦膚精華液 50ml,1120,,,,,0,1,20,0,2024-09-12 15:01:46,1043.76,,False,,0
p15870915,C113420,嬌蘭,GUERLAIN,GUERLAIN嬌蘭禦廷蘭花精粹面膜-75ML,3300,,,,,0,2,18,0,2024-10-08 14:59:46,3075.36,,False,,0
p16095253,C124774,奧碧虹,ALBION,ELEGANCE 持久剔透防曬調色乳 30g (紫色),304,,,,,0,23,9,0,2026-07-06 15:22:45,354.13,,False,,2
p15946984,C121920,歐舒丹,L'OCCITANE,L’occitane歐舒丹乳木果綿潤護足霜-幹性足部肌膚適用150ml,156,,,,,0,8,7,0,2026-09-15 15:03:07,242.3,,False,,2
p15739855,C049602,倩碧,CLINIQUE,CLINIQUE倩碧勻淨卓研煥亮隔離露30ml SPF45 PA+++,240,,,,,0,2,10,0,2026-08-31 17:16:51,223.66,,False,,0
p15886471,C117129,嬌韻詩,CLARINS,Clarins嬌韻詩煥顏緊致彈力日霜50ML,559,,,,,0,16,26,0,2025-04-27 10:10:16,801.46,,False,,2
p15893778,C116490,庭潤,THANN,THANN庭潤東方精華護手霜40G,85,162.0,5.2,77.0,,6,6,12,0,2026-09-15 00:00:00,79.21,,False,0.0,3
p15949047,C116454,黛珂,DECORTE,DECORTE黛珂-絲滑多合一化妝水,248,330.0,7.5,82.0,,3,3,8,0,2026-09-15 00:00:00,231.12,,False,0.0,3
p16095831,F122502,家得路,CATALO,Catalo家得路兒童強腦護眼DHA+EPA&葉黃素100粒(保質期至：2028.11.1),498,,,,,0,7,14,0,2026-07-15 17:17:33,464.1,,False,,0
p15876833,C115940,聖羅蘭,YSL,YSL聖羅蘭新明彩柔霧輕墊粉底液#10 (替換芯),425,,,,,0,17,99,0,2025-02-28 13:46:21,396.07,,False,,0
p16039235,C122053,朋博灣,Bonpoint,Bonpoint朋博灣全新摯愛柔潤護唇膏,194,,,,,0,6,24,0,2026-03-23 16:22:51,180.79,,False,,0
p15947760,C123030,聖羅蘭,YSL,YSL聖羅蘭瑩亮純魅潤唇膏12B,380,,,,,0,1,15,0,2026-03-02 13:56:44,354.13,,False,,0
p16038771,C113723,朋博灣,Bonpoint,Bonpoint朋博灣全新摯愛小櫻桃身體乳霜150ml,659,,,,,0,8,18,0,2026-09-15 15:03:42,614.14,,False,,0
p15793922,C102617,聖羅蘭,YSL BEAUTY,YSL聖羅蘭明彩粉光輕墊粉底液 BR20號 12g,670,,,,,0,8,91,0,2024-07-31 11:49:08,624.39,,False,,0
p15736643,C100188,伊麗莎白·雅頓,ELIZABETH ARDEN,Elizabeth Arden伊麗莎白雅頓時空煥活塑顏緊致面霜 50ml,308,669.0,4.6,361.0,,1,1,13,5,2026-09-15 00:00:00,287.03,,False,0.0,3
p15886461,C117200,奧碧虹,ALBION,ALBION-全效植萃精華霜40g,429,,,,,0,11,87,0,2025-05-29 10:17:22,615.07,,False,,2
p15848004,C110785,雅詩蘭黛,ESTEE LAUDER,Estee Lauder雅詩蘭黛鮮活亮采二合一潔面乳兩支裝125ml*2,610,,,,,0,14,100+,0,2026-01-04 09:45:14,568.47,,False,,0
p15863603,C113067,聖羅蘭,YSL,YSL聖羅蘭恆時輕透保濕蜜粉 #UNIVERSAL,550,,,,,0,17,63,0,2024-11-14 09:28:45,512.56,,False,,0
p15884176,C117428,蘭蔻,LANCOME,Lancome蘭蔻全新菁純臻顏乳霜-輕盈型-60ML,2890,,,,,0,4,35,0,2025-04-15 18:19:01,2693.27,,False,,0
p15866248,C051957,魅可,MAC,MAC魅可定制遮瑕修容組301 6G,435,,,,,0,3,59,0,2024-08-07 15:01:35,405.39,,False,,0
p15738853,C047697,黛珂,DECORTE,COSME DECORTE黛珂AQ珍萃精顏煥采日用精華液套裝 30ml*2,3600,,,,,0,1,5,0,2024-07-31 11:23:01,3354.93,,False,,0
p15742351,C054597,博柏利,BURBERRY,BURBERRY博柏利鎏光煥彩恒顏氣墊粉底液 14g,312,,,,,0,3,34,0,2025-10-23 10:05:55,484.6,,False,,2
p15809683,C106137,艾梵達,AVEDA,AVEDA 艾凡達頭皮護理噴霧-100ML,179,395.0,4.5,216.0,,3,3,35,0,2026-09-15 00:00:00,166.81,,False,0.0,3
p15741922,C040690,海藍之謎,LA MER,LA MER海藍之謎修護精萃沁潤面膜套裝6片 27.5g 保濕修護面膜,1465,,,,,0,1,100+,0,2026-07-22 10:19:07,1365.27,,False,,0
p16095830,F120278,家得路,CATALO,Catalo家得路女士天然鐵配方 60粒(保質期至：2028.5.1),156,248.0,156.0,92.0,,40,40,6,0,2026-09-18 00:00:00,145.38,,False,0.0,3
p15864629,C111749,嬌蘭,GUERLAIN,Guerlain法國嬌蘭帝皇蜂姿雙效淨澈修護精華水150ML,1020,,,,,0,8,30,0,2026-01-27 16:09:22,950.56,,False,,0
p15742815,C055090,雪肌精,SEKKISEI,SEKKISEI雪肌精化妝水（瑩潤型） 360ml,435,,,,,0,1,15,0,2024-07-31 11:42:08,405.39,,False,,0
p15806506,C102355,馥蕾詩,FRESH,fresh  馥蕾詩紅茶凝時煥活面霜 50ml,559,,,,,0,15,79,5,2024-07-31 11:51:38,801.46,,False,,2
p15917620,C119185,嬌蘭,GUERLAIN,Guerlain嬌蘭禦廷蘭花日間護膚組合20ml+50ml,6310,,,,,0,1,8,0,2026-09-15 15:03:10,5880.45,,False,,0
p15916324,F120270,家得路,CATALO,Catalo兒童DHA活腦IQ葉黃素配方 50粒(保質期至：2027.7.1),248,,,,,0,28,100+,0,2026-07-06 15:18:08,231.12,,False,,0
p15736228,C042292,黛珂,DECORTE,COSME DECORTE黛珂AQ舒活植物菁萃油 40ml,1020,,,,,0,1,14,0,2024-07-31 11:11:58,950.56,,False,,0
p15809346,C105744,海藍之謎,LA MER,LA MER 海藍之謎調理煥膚液-100ML,762,1270.0,6.0,508.0,,8,8,75,0,2026-09-15 00:00:00,710.13,,False,0.0,3
p15898157,C119250,蘭蔻,LANCOME,Lancome蘭蔻菁純奢潤新生三件套20ml+150ml+60ml,2716,4525.0,2716.0,1809.0,,7,7,33,0,2026-09-15 00:00:00,2531.11,,False,0.0,3
p15742923,C044658,科顏氏,KIEHL'S,Kiehl's 科顏氏金盞花精華水活霜 100ml,670,,,,,0,5,80,5,2026-01-27 16:09:53,624.39,,False,,0
p15742328,C055352,海藍之謎,LA MER,LA MER海藍之謎水潤保濕乳液125ml 輕盈乳液 保濕沁潤奢養,1475,2420.0,6.1,945.0,,10,10,64,5,2026-09-15 00:00:00,1374.59,,False,0.0,3
p15743038,C054802,嬌韻詩,CLARINS,CLARINS嬌韻詩男士煥能保濕面霜 50ml,280,,,,,0,3,16,5,2024-07-31 11:40:11,400.73,,False,,2
p15833408,C102595,卡詩,KERASTASE,KERASTASE卡詩男士活力洗髮水 250ml,270,,,,,0,3,38,0,2024-07-31 11:57:13,251.62,,False,,0
p15825588,C106478,理膚泉,LA ROCHE-POSAY,LA ROCHE-POSAY理膚泉B5多效修復乳-40ML,315,,,,,0,12,100+,5,2024-08-13 16:39:47,293.56,,False,,0
p15788850,C101066,蘭芝,LANEIGE,LANEIGE蘭芝水酷透明質酸嘭潤修護眼霜  25ml,300,,,,,0,10,36,0,2024-07-31 11:48:45,279.58,,False,,0
p16096612,C125227,歐舒丹,L'OCCITANE,L’occitane歐舒丹清新馬鞭草香潤手霜75ml,114,,,,,0,2,5,0,2026-09-15 15:03:39,177.07,,False,,2
p15884166,C117426,卡詩,KERASTASE,KERASTASE卡詩新黑鑽鑰源香氛護髪油-75ML,399,620.0,6.4,221.0,,11,11,84,0,2026-09-15 00:00:00,371.84,,False,0.0,3
p15949088,C121863,雅詩蘭黛,ESTEE LAUDER,Estee Lauder雅詩蘭黛輕透持妝粉底液2W0 30ml,460,,,,,0,1,9,0,2026-09-15 15:03:43,428.69,,False,,0
p15843162,C107213,馥蕾詩,FRESH,fresh馥蕾詩晨間玫瑰香身體乳 300ml,295,,,,,0,1,41,0,2024-07-31 11:40:04,274.92,,False,,0
p15819754,C009277,CLINIQUE,CLINIQUE (Beauty),CLINIQUE倩碧眼部唇部卸妝水 125ml,220,,,,,0,3,41,0,2024-09-20 10:22:24,205.02,,False,,0
p15863600,C113078,植村秀,SHU UEMURA,SHU UEMURA植村秀絹感潤護水光唇釉,186,315.0,5.9,129.0,,4,4,21,0,2026-09-15 00:00:00,173.34,,False,0.0,3
p15843596,C110735,馥蕾詩,FRESH,fresh馥蕾詩蓮花青春晚霜 50ml,580,,,,,0,8,53,5,2024-07-31 11:39:48,540.52,,False,,0
p15833665,F113952,家得路,CATALO,Catalo家得路特強活視葉黃素配方60粒(保質期至：2029.3.1),388,,,,,0,23,18,0,2026-07-06 15:41:29,361.59,,False,,0
p15884160,C115855,資生堂,SHISEIDO,Shiseido資生堂-紅妍肌活美肌保濕三件組 100ml+145ml+50ml【新老版隨機發】,1404,2340.0,1404.0,936.0,,12,12,31,0,2026-09-15 00:00:00,1308.42,,False,0.0,3
p15849349,C107781,卡詩,KERASTASE,KERASTASE卡詩賦源芯絲沁透洗髮水 250ml,176,270.0,6.5,94.0,,14,14,65,0,2026-09-15 00:00:00,164.02,,False,0.0,3
p15822814,C105982,黛珂,DECORTE,DECORTE 黛珂牛油果植萃乳液-300ML,239,530.0,4.5,291.0,,7,7,61,0,2026-09-15 00:00:00,222.73,,False,0.0,3
p15741770,C053066,赫蓮娜,HELENA RUBINSTEIN,HR赫蓮娜綠寶瓶強韌修護精萃液 400ml,2030,,,,,0,1,42,0,2024-08-07 14:21:21,1891.81,,False,,0
p15919482,C119436,莫傑,MARC JACOBS,Marc Jacobs莫傑雛菊香水村上隆聯名款（藍色）50ml,950,,,,,0,14,33,0,2026-09-15 15:03:16,885.33,,False,,0
p15873342,C114282,卡詩,KERASTASE,KERASTASE卡詩精油75ml,345,530.0,6.5,185.0,,8,8,45,0,2026-09-15 00:00:00,321.51,,False,0.0,3
p15736048,C035935,伊麗莎白·雅頓,ELIZABETH ARDEN,Elizabeth Arden伊麗莎白雅頓白茶身體霜 400ML,259,,,,,0,3,49,0,2024-09-09 11:31:43,241.37,,False,,0
p15825605,C105768,雅詩蘭黛,ESTEE LAUDER,ESTEE LAUDER雅詩蘭黛絕色由我絨霧唇膏3.5g,182,360.0,5.1,178.0,,8,8,39,0,2026-09-15 00:00:00,169.61,,False,0.0,3
p15742146,C050554,理膚泉,LA ROCHE-POSAY,LA ROCHE POSAY理膚泉爽膚水(特安舒緩潤膚水）200ml,240,,,,,0,22,100+,100,2025-08-26 09:18:56,223.66,,False,,0
p15848003,C110786,雅詩蘭黛,ESTEE LAUDER,Estee Lauder雅詩蘭黛智妍緊塑精華乳霜 100ml,1375,,,,,0,2,100+,0,2024-07-31 11:34:38,1281.4,,False,,0
p15740799,C054175,古馳,Gucci,GUCCI 古馳唇筆,156,,,,,0,2,11,0,2025-08-28 11:35:47,223.66,,False,,2
p15885150,C117400,湯姆福特,TOM FORD,TOM FORD幻魅亮澤唇膏100 大秀裸棕,370,,,,,0,2,19,0,2025-08-12 12:29:59,344.81,,False,,0
p15738054,C040762,祖瑪瓏,JO MALONE LONDON,JO MALONE祖·瑪瓏香氛蠟燭(英國梨與小蒼蘭香型),555,,,,,0,1,40,0,2025-10-01 19:27:20,517.22,,False,,0
p15844302,C111326,魅可,MAC,MAC魅可定制鎏金粉底液30ml,220,385.0,220.0,165.0,,20,20,80,0,2026-09-18 00:00:00,205.02,,False,0.0,3
p15743104,C055972,古馳,Gucci,GUCCI  古馳傾色氣墊粉底液 15g,372,,,,,0,2,17,0,2025-12-24 17:07:31,577.79,,False,,2
p15914739,C119671,資生堂,SHISEIDO,Shiseido資生堂時光琉璃菲你莫屬琉光美肌組合125ml+170ml+50ml+50ml+17ml+55g,4038,6730.0,4038.0,2692.0,,6,6,8,0,2026-09-18 00:00:00,3763.12,,False,0.0,3
p15914175,C109784,艾哈佛,AHAVA,AHAVA精緻水潤保濕面膜 100ml,167,278.0,167.0,111.0,,10,10,5,0,2026-09-15 00:00:00,155.63,,False,0.0,3
p16096608,C122055,朋博灣,Bonpoint,Bonpoint朋博灣摯愛保濕舒緩潤體輕乳300ml,500,,,,,0,2,10,0,2026-09-15 15:03:48,465.96,,False,,0
p16070193,IN100909,自然堂,CHANDO,CHANDO自然堂小紫瓶肌源修護面膜27ml×5片,59,,,,,0,1,23,0,2026-04-15 12:24:03,54.98,,False,,0
p15900800,C117739,魅可,MAC,MAC魅可晶透沁潤防曬妝前乳30ml,218,290.0,7.5,72.0,,2,2,15,0,2026-09-15 00:00:00,203.16,,False,0.0,3
p15881358,C115852,資生堂,SHISEIDO,SHISEIDO資生堂 時光琉璃多效緊致組合170ml+17ml+50ml+50ml,3881,6345.0,3881.0,2464.0,,10,10,38,0,2026-09-18 00:00:00,3616.8,,False,0.0,3
p15825629,C105665,嬌韻詩,CLARINS,CLARINS嬌韻詩多重輕盈身體霜-200ML,403,,,,,0,2,50,0,2025-06-24 13:42:22,577.79,,False,,2
p15865815,C112563,嬌韻詩,CLARINS,CLARINS嬌韻詩眼部卸妝水 125ML,169,,,,,0,3,41,0,2026-08-11 10:20:09,242.3,,False,,2
p15840163,C050685,蔻依,Chloe,Chloe蔻依仙境花園系列濃香氛-煙雨茉莉,719,,,,,0,4,26,0,2026-09-15 15:42:35,1029.78,,False,,2
p15864124,C110806,湯姆福特,TOM FORD,TOM FORD湯姆福特奢金柔光妝前乳30ml,650,,,,,0,2,10,0,2026-09-15 15:02:23,605.75,,False,,0
p15892315,C114156,黛珂,DECORTE,DECORTE 黛珂-AQ-舒活耀白化妝水200ml,690,,,,,0,2,11,0,2025-05-29 10:17:22,643.03,,False,,0
p15742390,C020093,科顏氏,KIEHL'S,Kiehl's 科顏氏夜間修護精華液 50ml,406,680.0,6.0,274.0,,3,3,67,30,2026-09-15 00:00:00,378.36,,False,0.0,3
p15949069,C121637,雅詩蘭黛,ESTEE LAUDER,Estee Lauder雅詩蘭黛輕透持妝粉底液1W1雙支裝30ml*2,830,,,,,0,1,13,0,2026-09-15 15:03:31,773.5,,False,,0
p15948815,C121857,雅詩蘭黛,ESTEE LAUDER,Estee Lauder雅詩蘭黛輕透持妝粉底液1N1 30ml,460,,,,,0,1,6,0,2026-09-15 15:03:34,428.69,,False,,0
p15846573,C111657,奧碧虹,ALBION,ALBION奇肌修復露t,403,,,,,0,2,21,0,2026-09-15 15:42:36,577.79,,False,,2
p15735409,C047328,茵芙莎,IPSA,IPSA茵芙莎凝水保濕菁華露50g,228,,,,,0,9,25,5,2024-07-31 11:08:07,354.13,,False,,2
p15877251,C115171,芭比布朗,BOBBI BROWN,Bobbi Brown芭比波朗密集菁華氣墊粉底液 SPF40 PA++++  12g,640,,,,,0,3,26,0,2026-08-31 17:16:49,596.43,,False,,0
p15736824,C047703,黛珂,DECORTE,COSME DECORTE黛珂牛油果乳液面霜 39ml,315,,,,,0,3,40,5,2024-08-13 16:39:40,293.56,,False,,0
p16116456,C125141,嬌韻詩,CLARINS,Clarins嬌韻詩雙萃眼部煥亮精華20ml,520,,,,,0,31,6,0,2026-09-15 12:13:16,605.75,,False,,2
p15736540,C100383,馥蕾詩,FRESH,fresh馥蕾詩鮮花鎮定修復面膜 100ml,390,650.0,390.0,260.0,,8,8,85,0,2026-09-15 00:00:00,363.45,,False,0.0,3
p15740823,C050362,嬌韻詩,CLARINS,CLARINS嬌韻詩撫紋身體乳 175ml,397,,,,,0,3,44,5,2025-10-21 16:10:53,568.47,,False,,2
p16039238,C115290,歐舒丹,L'OCCITANE,L’occitane歐舒丹菁純修護護髮素500ml,252,,,,,0,1,9,0,2026-09-15 15:03:48,391.41,,False,,2
p15867854,C114548,蔻依,Chloe,CHLOE蔻依荒木玫瑰香調香水50ml,1190,,,,,0,1,18,0,2024-08-27 10:41:13,1108.99,,False,,0
p15835899,C109549,茵芙莎,IPSA,IPSA茵芙莎自律角質清理液2 E 150ml,180,,,,,0,3,35,0,2025-06-20 12:27:44,279.58,,False,,2
p15833662,C105257,嬌蘭,GUERLAIN,GUERLAIN嬌蘭禦廷蘭花精華粉底液01N 30ml,1700,,,,,0,1,10,0,2024-07-31 11:58:10,1584.27,,False,,0
p15833288,C108375,紀梵希,Givenchy,GIVENCHY紀梵希黑能臻萃精華粉底液 30ml,1115,,,,,0,1,20,0,2025-09-22 15:16:05,1039.1,,False,,0
p15894223,C116334,嬌韻詩,CLARINS,CLARINS MEN-深層磨砂潔面膏125ml,176,,,,,0,6,9,0,2026-09-15 15:02:55,251.62,,False,,2
p16086993,C123162,祖瑪瓏,JO MALONE LONDON,Jo Malone祖瑪瓏香水（英國梨與小蒼蘭香型） 100ml,1355,,,,,0,2,3,0,2026-07-30 16:20:23,1262.76,,False,,0
p15793924,C103091,巴黎歐萊雅,L'OREAL PARIS,L'OREAL歐萊雅複顏玻尿酸眼霜 65ml,565,1130.0,5.0,565.0,,41,41,64,0,2026-09-15 00:00:00,526.54,,False,0.0,3
p15942678,C106284,歐舒丹,L'OCCITANE,L’occitane歐舒丹臘菊香精萃活顏面霜50ml,360,,,,,0,2,23,0,2026-09-15 15:03:23,559.16,,False,,2
p15857268,C111530,馥蕾詩,FRESH,FRESH馥蕾詩古源眼霜 15g,865,,,,,0,2,23,0,2024-08-14 10:19:07,1239.46,,False,,2
p15828364,C107678,茵芙莎,IPSA,IPSA茵芙莎自律舒緩美肌液3（175ml）,282,,,,,0,27,81,0,2025-06-20 13:47:37,438.01,,False,,2
p15740918,C041755,馥蕾詩,FRESH,fresh馥蕾詩大馬士革玫瑰花瓣水,240,240.0,240.0,,,10,10,32,0,2026-09-15 00:00:00,223.66,,False,0.0,0
p15740282,C010274,蔻依,Chloe,Chloe蔻依女用濃香氛 50ml,1070,,,,,0,1,21,0,2024-07-31 11:32:01,997.16,,False,,0
p15737372,C034640,馥蕾詩,FRESH,fresh馥蕾詩睡蓮瑰麗香皂  250g,175,,,,,0,9,43,0,2024-08-14 10:19:03,163.09,,False,,0
p15914827,F119384,蛇仔標,蛇仔標,蛇仔標正紅花油 50ml,60,,,,,0,12,38,0,2025-10-24 15:58:35,55.92,,False,,0
p15830433,C107627,祖玛珑,JO MALONE LONDON,JO MALONE London祖瑪瓏沐浴露(英國梨與小蒼蘭香型) 500ml,595,,,,,0,5,100+,0,2024-08-13 16:39:48,554.5,,False,,0
p15915331,C119498,蘭芝,LANEIGE,Laneige蘭芝晶凍炫色精華唇蜜-肉桂糖味12g,140,,,,,0,2,3,0,2026-09-08 14:49:46,130.47,,False,,0
p15764815,C101251,雅詩蘭黛,ESTEE LAUDER,Estee Lauder 雅詩蘭黛櫻花版微精華露雙支裝200ml*2,1735,,,,,0,2,66,0,2026-09-15 15:02:02,1616.89,,False,,0
p15846924,C108608,卡詩,KERASTASE,KERASTASE卡詩賦源芯絲奢護精華霜-200ML,225,350.0,6.4,125.0,,8,8,87,0,2026-09-15 00:00:00,209.68,,False,0.0,3
p15881897,C116314,悦木之源,ORIGINS,Origins 悅木之源嫩滑煥膚淨透去角質面膜75ml,215,,,,,0,10,49,0,2025-04-15 17:40:21,200.36,,False,,0
p15915893,C115312,歐舒丹,L'OCCITANE,L’occitane歐舒丹賦顏禦齡臘菊緊致面部精華油30ml,594,,,,,0,23,30,0,2026-09-15 15:02:59,922.61,,False,,2
p15870453,C109166,雪花秀,SULWHASOO,SULWHASOO雪花秀菁典臻秀面霜 60ML,2980,,,,,0,3,12,5,2025-01-21 17:22:56,2777.14,,False,,0
p15921787,C115030,嬌韻詩,CLARINS,Clarins嬌韻詩煥采塑顏冰感面膜 75ML,416,,,,,0,3,7,0,2025-12-23 17:05:10,596.43,,False,,2
p15737079,C040466,湯姆福特,TOM FORD,TOM FORD 璀璨流光香水50ML/1.7FLOZ,2400,,,,,0,2,16,0,2024-07-31 11:13:06,2236.62,,False,,0
p15823075,C106594,雪花秀,SULWHASOO,Sulwhasoo雪花秀順行柔和潔顏泡沫-200ML,168,280.0,168.0,112.0,,17,17,63,0,2026-09-18 00:00:00,156.56,,False,0.0,3
p15871389,C113429,嬌蘭,GUERLAIN,GUERLAIN嬌蘭禦廷蘭花精粹油-30ML,3000,,,,,0,1,16,0,2024-10-08 15:01:36,2795.78,,False,,0
p15949219,C123052,儀式,RITUALS,RITUALS野無花果藤條香薰450ml,625,,,,,0,1,10,0,2026-09-15 15:03:36,582.45,,False,,0
p15796910,C101223,祖瑪瓏,JO MALONE LONDON,JO MALONE祖瑪瓏滿室幽香香薰-橙花香型-165ML,770,,,,,0,1,36,0,2026-08-31 17:16:49,717.58,,False,,0
p15738721,C055094,雪肌精,SEKKISEI,SEKKISEI雪肌精優醇菁華水 200ml,450,,,,,0,4,14,0,2024-07-31 11:42:54,419.37,,False,,0
p15735874,C006502,伊麗莎白·雅頓,ELIZABETH ARDEN,Elizabeth Arden伊麗莎白雅頓經典潤澤護手霜 75ml,109,181.0,109.0,72.0,,5,5,26,0,2026-09-15 00:00:00,101.58,,False,0.0,3
p15910740,C100989,希思黎,SISLEY PARIS,希思黎水潤美肌修顏乳 #0 亮白色 40ml,553,,,,,0,1,11,0,2025-09-18 11:18:42,838.73,,False,,2
p15892659,C115854,資生堂,SHISEIDO,Shiseido資生堂盼麗風姿透白淡斑凝霜50ml,630,,,,,0,1,13,0,2025-06-10 10:17:55,587.11,,False,,0
p15742443,C016583,科顏氏,KIEHL'S,Kiehl's 科顏氏高保濕泡沫潔面啫喱/洗面奶 150ml,225,,,,,0,33,100+,0,2024-08-13 16:39:42,209.68,,False,,0
p15742948,C053743,資生堂,SHISEIDO,SHISEIDO資生堂男士洗面奶 125ml,225,,,,,0,26,200+,30,2024-07-31 11:38:37,209.68,,False,,0
p15743606,C055284,伊麗莎白·雅頓,ELIZABETH ARDEN,Elizabeth Arden伊麗莎白雅頓時空煥活精華夜間多效膠囊精華 84ml,1708,,,,,0,8,63,0,2024-12-31 12:16:56,1591.73,,False,,0
p15742891,C000882,伊麗莎白·雅頓,ELIZABETH ARDEN,Elizabeth Arden伊麗莎白雅頓8小時潤澤唇膏 3.7g,140,,,,,0,2,33,0,2024-09-09 11:31:52,130.47,,False,,0
p15949059,C121652,海藍之謎,LA MER,La Mer海藍之謎防曬隔離乳液SPF50 50ml,728,970.0,7.5,242.0,,4,4,15,0,2026-09-15 00:00:00,678.44,,False,0.0,3
p15740956,C010275,蔻依,Chloe,Chloe蔻依女用濃香氛 75ml,1340,,,,,0,1,13,0,2024-07-31 11:31:21,1248.78,,False,,0
p15824805,C101262,雅詩蘭黛,ESTEE LAUDER,ESTEE LAUDER雅詩蘭黛經典版微精華露,965,,,,,0,7,47,0,2026-09-15 15:42:35,899.31,,False,,0
p15742485,C022455,植村秀,SHU UEMURA,shu uemura植村秀眉筆 06,230,,,,,0,1,88,0,2024-07-31 17:28:34,214.34,,False,,0
p15892665,C117415,嬌蘭,GUERLAIN,Guerlain法國嬌蘭親親蜜吻潤唇膏389   3.2g,340,,,,,0,1,4,0,2025-06-16 17:33:52,316.85,,False,,0
p15742406,C010461,蘭蔻,LANCOME,LANCOME蘭蔻清瑩潔面摩絲 200ml,270,,,,,0,24,100+,0,2024-07-31 11:39:09,251.62,,False,,0
p15849358,C111504,馥蕾詩,FRESH,fresh馥蕾詩玫瑰潤澤密集保濕套裝250ml+100ml+50ml,1255,,,,,0,6,26,0,2026-09-15 15:02:27,1169.57,,False,,0
p15742737,C016694,海藍之謎,LA MER,LA MER海藍之謎精華面霜 30ml補水保濕 深澈滋潤 柔嫩潤澤,1069,1840.0,5.8,771.0,,10,10,68,5,2026-09-15 00:00:00,996.23,,False,0.0,3
p16089431,C120070,儀式,RITUALS,RITUALS夜櫻儀式香薰蠟燭290g,285,,,,,0,2,3,0,2026-06-08 11:31:59,265.6,,False,,0
p16069829,IN101027,自然堂,CHANDO,CHANDO自然堂重組Ⅲ型膠原蛋白貼面膜28ml×5片,78,,,,,0,4,17,0,2026-04-15 12:20:51,72.69,,False,,0
p15737546,C100025,伊麗莎白·雅頓,ELIZABETH ARDEN,Elizabeth Arden伊麗莎白雅頓時空煥活塑顏緊致晚霜 50ml,312,678.0,4.6,366.0,,1,1,4,5,2026-09-15 00:00:00,290.76,,False,0.0,3
p15859510,C052622,AHC,AHC,AHC愛和純臻致奢潤面膜黃金款 50片,1232,,,,,0,6,25,0,2026-03-30 15:18:15,1148.13,,False,,0
p15898292,C118477,CPB肌肤之钥,CLE DE PEAU BEAUTE,CPB肌膚之鑰光采緊致防護日霜 50ml,969,1140.0,8.5,171.0,,5,5,28,0,2026-09-15 00:00:00,903.04,,False,741.0,2
p15829464,C108575,歐舒丹,L'OCCITANE,L'OCCITANE 歐舒丹臘菊香精萃活顏卸妝油 200ml,174,,,,,0,2,38,0,2024-07-31 11:57:02,270.26,,False,,2
p15741120,C047107,古馳,Gucci,[NEW 410] GUCCI  古馳傾色絲潤唇膏,183,,,,,0,11,45,0,2026-08-31 17:16:40,349.47,,False,,2
p16087124,C113608,雪肌精,SEKKISEI,SEKKISEI雪肌精美白BB霜 02,160,,,,,0,8,6,0,2026-05-28 11:29:29,149.11,,False,,0
p15820024,C106109,赫蓮娜,HELENA RUBINSTEIN,HR赫蓮娜綠寶瓶亮采精靈眼部精華乳兩只裝 15ml*2,1585,,,,,0,1,87,0,2026-08-31 17:16:46,1477.1,,False,,0
p15736991,C101027,庭潤,THANN,THANN庭潤茉莉水潤護手霜 40g,113,217.0,5.2,104.0,,13,13,6,0,2026-09-15 00:00:00,105.31,,False,0.0,3
p15947505,C121658,海藍之謎,LA MER,La Mer海藍之謎豐潤唇膏04 COCOA,580,,,,,0,1,5,0,2026-06-25 10:10:38,540.52,,False,,0
p15742530,C049346,魅可,MAC,MAC魅可時尚焦點小眼影 27,110,,,,,0,1,38,30,2024-07-31 11:34:44,102.51,,False,,0
p15949090,C119430,莫傑,MARC JACOBS,Marc Jacobs莫傑雛菊香水村上隆聯名款（黃色）50ml,950,,,,,0,12,14,0,2026-09-15 15:03:29,885.33,,False,,0
p15875978,C116409,卡詩,KERASTASE,KERASTASE 卡詩菁純亮澤夢幻香氛修護油75ml,530,,,,,0,8,61,0,2026-09-15 15:02:42,493.92,,False,,0
p15742110,C051162,蘭蔻,LANCOME,LANCOME蘭蔻淨澈煥膚潔面乳 125ml,400,,,,,0,12,100+,200,2026-08-31 17:16:40,372.77,,False,,0
p15736629,C044523,黛珂,DECORTE,COSME DECORTE黛珂植物欣韻柔潤潔膚霜 135ML,240,,,,,0,1,16,0,2024-07-31 11:13:27,223.66,,False,,0
p15739031,C047698,黛珂,DECORTE,COSME DECORTE黛珂AQ珍萃精顏臻悅化妝水 200ML,1450,,,,,0,3,13,0,2024-07-31 11:21:40,1351.29,,False,,0
p15737155,C040479,湯姆福特,TOM FORD,TOM FORD湯姆福特幻魅塑型眉筆,306,555.0,5.5,249.0,,4,4,31,0,2026-09-15 00:00:00,285.17,,False,0.0,3
p16095826,C125176,赫蓮娜,HELENA RUBINSTEIN,HR赫蓮娜至美臻寵星品PX50黑繃帶套裝200ml*50ml*100ml,7500,10000.0,7.5,2500.0,,3,3,2,0,2026-09-15 00:00:00,6989.45,,False,0.0,3
p16067716,C113967,黛珂,DECORTE,DECORTE黛珂AQ舒活耀白滋潤套裝200ml+200ml+125g,1616,,,,,0,2,5,0,2026-09-15 15:03:38,1505.99,,False,,0
p15823917,C103651,紀梵希,Givenchy,GIVENCHY紀梵希高定甜潤唇膏N102 2.8g,330,,,,,0,1,31,0,2024-07-31 11:53:58,307.54,,False,,0
p15893781,C118158,雪花秀,SULWHASOO,Sulwhasoo雪花秀滋盈琉光緊致霜2件套裝75ml*2,861,1435.0,861.0,574.0,,9,9,10,0,2026-09-18 00:00:00,802.39,,False,0.0,3
p15740448,C050345,祖玛珑,JO MALONE LONDON,JO MALONE祖·瑪瓏滿室幽香香薰(藍風鈴香型),425,770.0,5.5,345.0,,16,16,68,0,2026-09-15 00:00:00,396.07,,False,0.0,3
p15865718,C113838,喬治阿瑪尼,GIORGIO ARMANI,GIORGIO ARMANI阿瑪尼寄情PROFONDO男士香水 100ML,1080,,,,,0,1,14,0,2025-12-25 10:33:41,1006.48,,False,,0
p15897679,C118140,馥蕾詩,FRESH,fresh馥蕾詩紅茶緊致提拉睡眠面膜-100ML,546,,,,,0,13,35,0,2025-07-24 14:26:28,782.82,,False,,2
p15915896,C120408,歐舒丹,L'OCCITANE,L’occitane歐舒丹甜蜜櫻花香潤膚乳 500ML,312,,,,,0,3,22,0,2025-12-01 09:47:57,484.6,,False,,2
p15737226,C028489,植村秀,SHU UEMURA,shu uemura植村秀眉筆 07 4g（栗棕色）,230,,,,,0,9,100+,0,2024-07-31 17:28:43,214.34,,False,,0
p16070205,C121933,歐舒丹,L'OCCITANE,L’occitane歐舒丹甜扁桃味身體套裝200ml+500ml,498,,,,,0,1,10,0,2026-09-15 15:03:31,773.5,,False,,2
p15865720,C112568,蘭蔻,LANCOME,LANCOME蘭蔻淨澈煥膚亮白霜50ml【有效期至：2027年6月】,441,780.0,5.7,339.0,,12,12,57,5,2026-09-15 00:00:00,410.98,,False,0.0,3
p15769435,C101500,科顏氏,KIEHL'S,Kiehl’s科顏氏集煥白均衡亮膚淡斑精華液 115ml,977,1570.0,977.0,593.0,,32,32,100+,0,2026-09-18 00:00:00,910.49,,False,0.0,3
p15881881,C116603,歐舒丹,L'OCCITANE,L'occitane歐舒丹草本香強韌豐盈免洗柔順噴霧125ml,138,250.0,5.5,112.0,,14,14,38,0,2026-09-15 00:00:00,128.61,,False,0.0,3
p15846535,F115019,家得路,CATALO,CATALO兒童Omega-3活腦補眼Choline+DHA營養啫喱 27粒 (排裝)(有效期至：2027.7.1),328,,,,,0,5,90,0,2026-07-06 13:39:59,305.67,,False,,0
p15739482,C057132,植村秀,SHU UEMURA,shu uemura植村秀植萃舒緩潔顏油 450ml,566,930.0,6.1,364.0,,1,1,57,0,2026-09-15 00:00:00,527.47,,False,0.0,3
p15885933,C117127,嬌韻詩,CLARINS,Clarins嬌韻詩煥顏緊致彈力晚霜（滋潤型）50ML,572,,,,,0,8,27,0,2025-04-27 10:10:16,820.09,,False,,2
p15949226,C122429,紀梵希,Givenchy,GIVENCHY紀梵希高定甜潤唇膏雙支套裝,600,,,,,0,2,6,0,2026-03-04 09:56:48,559.16,,False,,0
p15737411,C055647,蘭芝,LANEIGE,LANEIGE蘭芝夜間保濕修護唇膜禮盒（莓果味）20g*4,266,442.0,266.0,176.0,,12,12,40,0,2026-09-15 00:00:00,247.89,,False,0.0,3
p15921818,C120631,希思黎,SISLEY PARIS,Sisley 希思黎黑玫瑰煥采精華霜套裝50ml+10ml+3ml,1023,,,,,0,7,7,0,2026-09-15 15:03:14,1537.68,,False,,2
p16096262,F111917,家得路,CATALO,Catalo家得路特強活性益生菌腸道抗敏配方30粒(保質期至：2027.11.1),468,,,,,0,11,19,0,2026-07-15 17:18:08,436.14,,False,,0
p15898590,F119373,月兔牌,月兔牌,月兔牌暗瘡膏 25g,80,,,,,0,2,40,0,2025-10-24 15:52:43,74.55,,False,,0
p16089559,C120074,儀式,RITUALS,RITUALS夜櫻儀式藤條香薰250ml,355,,,,,0,12,7,0,2026-06-08 11:31:17,330.83,,False,,0
p15846925,C111253,芭比布朗,BOBBI BROWN,BOBBI BROWN芭比波朗光影無瑕遮瑕棒 3G,174,315.0,5.5,141.0,,4,4,25,0,2026-09-15 00:00:00,162.16,,False,0.0,3
p15868942,C107977,歐舒丹,L'OCCITANE,L'OCCITANE歐舒丹臘菊賦顏禦齡精華液 30ml,630,,,,,0,5,29,0,2024-09-14 09:43:19,978.52,,False,,2
p15786790,C102064,植村秀,SHU UEMURA,shu uemura植村秀自動砍刀眉筆 栗棕 0.3g,310,,,,,0,4,70,0,2026-03-30 15:18:33,288.9,,False,,0
p16095838,C121084,雪花秀,SULWHASOO,Sulwhasoo雪花秀禦時參養潔面乳,430,,,,,0,2,3,0,2026-07-06 12:11:31,400.73,,False,,0
p15737083,C035092,祖瑪瓏,JO MALONE LONDON,JO MALONE祖·瑪瓏維他命E護手霜100ml,321,535.0,321.0,214.0,,3,3,62,30,2026-09-15 00:00:00,299.15,,False,0.0,3
p15797611,C104281,巴黎歐萊雅,L'OREAL PARIS,L'OREAL 歐萊雅青春活碼防護精華液套裝115ml*2,490,1225.0,4.0,735.0,,1,1,49,0,2026-09-15 00:00:00,456.64,,False,0.0,3
p15828749,C108003,雪肌精,SEKKISEI,SEKKISEI雪肌精逸透純淨舒潤乳液140ml,111,270.0,4.1,159.0,,6,6,7,0,2026-09-15 00:00:00,103.44,,False,0.0,3
p15739485,C051944,艾梵達,AVEDA,AVEDA三重修復草本洗髮水1000ml,1165,,,,,0,2,46,0,2024-09-11 16:05:49,1085.69,,False,,0
p15848011,C111455,理膚泉,LA ROCHE-POSAY,LA ROCHE-POSAY理膚泉每日高效提亮防曬霜（清爽）-30ML,280,,,,,0,6,41,0,2024-08-01 10:13:56,260.94,,False,,0
p16095840,F124214,家得路,CATALO,Catalo家得路兒童活腦補眼Choline+DHA營養啫喱(保質期至：2027.7.1),201,328.0,201.0,127.0,,48,48,3,0,2026-09-18 00:00:00,187.32,,False,0.0,3
p15915113,C118469,資生堂,SHISEIDO,Shiseido資生堂男士煥能肌活精華露Ⅱ 50ml,950,,,,,0,1,27,0,2026-09-15 15:02:55,885.33,,False,,0
p16102726,C122280,蘭芝,LANEIGE,Laneige蘭芝晶凍炫色精華唇蜜三支裝,370,,,,,0,10,3,0,2026-07-14 13:40:15,344.81,,False,,0
p15876397,C115027,嬌韻詩,CLARINS,CLARINS嬌韻詩淨澈泡沫潔面乳125ml,182,,,,,0,10,21,0,2026-09-15 15:02:30,260.94,,False,,2
p16089564,C123036,儀式,RITUALS,RITUALS羊絨玫瑰車載香氛6g,260,,,,,0,6,9,0,2026-09-09 14:14:48,242.3,,False,,0
p15741451,F011821,家得路,CATALO,Catalo純天然珊瑚鈣精華 60粒-74種天然礦物質/滿足鈣質需求(保質期至：2028.3.1),298,,,,,0,35,71,0,2026-07-16 17:30:23,277.71,,False,,0
p15941558,C121997,馥蕾詩,FRESH,FRESH馥蕾詩澄糖護唇油（蜂蜜淺裸色）4ml,200,,,,,0,4,13,0,2025-12-29 14:13:03,186.39,,False,,0
p15841694,C108576,歐舒丹,L'OCCITANE,L'OCCITANE歐舒丹蠟菊極致套裝50ml+15ml,809,1470.0,5.5,661.0,,14,14,29,0,2026-09-15 00:00:00,753.93,,False,0.0,3
p15738745,C055361,雅詩蘭黛,ESTEE LAUDER,ESTEE LAUDER  雅詩蘭黛 Re-Nutriv Ultimate Lift Regenerating  Youth 白金級花菁萃緊顏眼部精華滋養霜 15ml,1075,,,,,0,3,40,5,2026-07-22 10:19:07,1001.82,,False,,0
p15872020,C115420,歐舒丹,L'OCCITANE,L'OCCITANE歐舒丹五合一草本香菁純臻萃煥活髪膜200ml,216,,,,,0,2,34,0,2026-09-15 15:02:20,335.49,,False,,2
p15740314,C051262,雅詩蘭黛,ESTEE LAUDER,ESTEE LAUDER  雅詩蘭黛 Advanced Night Repair 特潤修護肌活精華露 50ml,940,,,,,0,3,71,100,2024-07-31 11:28:49,876.01,,False,,0
p15839228,C108742,植村秀,SHU UEMURA,shu uemura 植村秀臻萃養膚潔顏油 限定版 150ml,415,,,,,0,11,73,0,2025-05-08 15:45:17,386.75,,False,,0
p15948979,C121410,嬌蘭,GUERLAIN,Guerlain嬌蘭帝皇蜂姿精華油100ml,1890,,,,,0,1,7,0,2026-09-15 15:03:42,1761.34,,False,,0
p15872529,C114194,資生堂,SHISEIDO,SHISEIDO資生堂時光琉璃緊膚煥亮精華液50ml,2400,,,,,0,10,25,0,2026-09-15 15:02:38,2236.62,,False,,0
p15874768,C116385,雪花秀,SULWHASOO,SULWHASOO雪花秀禦時緊顏參養奢護禮盒150ml+125ml+50ml,3180,,,,,0,2,3,0,2026-09-15 15:33:54,2963.52,,False,,0
p15739929,C056310,博柏利,BURBERRY,BURBERRY  博柏利之吻啞光唇膏  3.3g,160,,,,,0,13,42,0,2026-08-31 17:16:56,316.85,,False,,2
p15764522,C101508,資生堂,SHISEIDO,SHISEIDO資生堂男士煥能緊致乳液 70ml,635,,,,,0,4,58,0,2024-07-31 11:10:16,591.77,,False,,0
p15738248,C044695,蘭蔻,LANCOME,LANCOME蘭蔻輕透水漾防曬乳 50ml,456,785.0,5.8,329.0,,3,3,100+,30,2026-09-15 00:00:00,424.96,,False,0.0,3
p15897818,C118481,CPB肌肤之钥,CLE DE PEAU BEAUTE,CPB肌膚之鑰基礎保養精華霜套裝170ml+50ml+50ml,2614,3075.0,8.5,461.0,,9,9,22,0,2026-09-15 00:00:00,2436.05,,False,1999.0,2
p15884180,C117796,喬治阿瑪尼,GIORGIO ARMANI,Giorgio Armani阿瑪尼權力持久絲絨啞光粉底液U00A01-6 30ml,625,,,,,0,1,7,0,2026-09-15 15:02:44,582.45,,False,,0
p15871391,C112306,悦木之源,ORIGINS,ORIGINS悅木之源祛痘泥膜75ml,129,215.0,129.0,86.0,,8,8,66,0,2026-09-18 00:00:00,120.22,,False,0.0,3
p15839245,C108740,蘭蔻,LANCOME,LANCOME蘭蔻多重提升緊致抗皺眼霜 15ml,680,,,,,0,2,65,0,2024-07-31 11:58:18,633.71,,False,,0
p15916482,C118088,蘭蔻,LANCOME,Lancome蘭蔻淨澈煥膚亮白三件套75ml+125ml+250ml,2115,,,,,0,1,7,0,2026-09-15 15:03:02,1971.02,,False,,0
p15743231,C054895,理膚泉,LA ROCHE-POSAY,LA ROCHE-POSAY理膚泉三酸煥膚精華液 30ml,255,340.0,7.5,85.0,,2,2,8,0,2026-09-15 00:00:00,237.64,,False,0.0,3
p15900710,C119871,卡詩,KERASTASE,KERASTASE卡詩釉光玫瑰奢護煥亮精華霜250ml,350,,,,,0,7,58,0,2026-09-15 15:02:45,326.17,,False,,0
p15739424,C051942,艾梵達,AVEDA,AVEDA三重修復草本修護精華100ml,340,,,,,0,4,43,0,2024-07-31 11:26:41,316.85,,False,,0
p15871552,C113943,博柏利,BURBERRY,BURBERRY博柏利卓越持妝遮瑕液8ml,189,,,,,0,3,12,0,2026-09-15 15:02:14,293.56,,False,,2
p15738742,C056648,芭比布朗,BOBBI BROWN,BOBBI BROWN芭比波朗卸妝潔膚霜 100ml,650,,,,,0,2,13,0,2024-07-31 11:43:17,605.75,,False,,0
p15949227,C122171,紀梵希,Givenchy,GIVENCHY紀梵希明星四宮格柔霧散粉1號色兩件套裝,643,1020.0,643.0,377.0,,20,20,8,0,2026-09-18 00:00:00,599.23,,False,0.0,3
p15898588,F119388,月兔牌,月兔牌,月兔牌皮膚濕疹膏(成人) 50ml,78,,,,,0,8,33,0,2025-10-24 15:55:07,72.69,,False,,0
p15782321,C100912,祖瑪瓏,JO MALONE LONDON,JO MALONE祖瑪瓏枕香噴霧(月光花香型)50ml,365,,,,,0,8,100+,0,2026-02-02 12:12:49,340.15,,False,,0
p15820020,C103061,魅可,MAC,MAC魅可長效定妝噴霧 100ml,275,,,,,0,3,100+,0,2024-07-31 11:52:40,256.28,,False,,0
p15741621,C048667,古馳,Gucci,GUCCI 古馳傾色柔紗潤唇膏,183,,,,,0,4,18,0,2026-08-31 17:16:40,349.47,,False,,2
p15915196,F119381,蛇仔標,蛇仔標,蛇仔標正黑鬼油 50ml,60,,,,,0,3,25,0,2025-10-24 15:58:19,55.92,,False,,0
p15830420,C107632,祖玛珑,JO MALONE LONDON,JO MALONE London祖瑪瓏沐浴露(青檸羅勒與柑橘香型) 500ml,595,,,,,0,6,62,0,2024-07-31 11:56:52,554.5,,False,,0
p15825241,C103646,紀梵希,Givenchy,GIVENCHY紀梵希高定甜潤唇膏2.8g,150,330.0,150.0,180.0,,5,5,22,0,2026-09-18 00:00:00,139.79,,False,0.0,3
p16103114,C126570,科顏氏,KIEHL'S,Kiehl’s科顏氏高保濕清爽凝霜補充裝150ML,610,,,,,0,1,7,0,2026-07-16 09:55:54,568.47,,False,,0
p15915892,C120960,歐舒丹,L'OCCITANE,L’occitane歐舒丹黎明山茶香身體套裝30ml+125ml+200ml（每日限購3件）,273,495.0,5.5,222.0,,34,34,33,3,2026-09-15 00:00:00,254.42,,False,0.0,3
p15867849,C114524,古馳,Gucci,GUCCI古馳星鑽亮采高光粉餅,355,,,,,0,2,9,0,2026-08-31 17:16:42,507.9,,False,,2
p15877259,C115087,魅可,MAC,MAC魅可造型唇線筆/唇膏筆,150,,,,,0,1,12,0,2026-08-31 17:16:41,139.79,,False,,0
p15797503,C102662,嬌蘭,GUERLAIN,GUERLAIN 嬌蘭帝皇蜂姿雙效煥修護緊塑精華露 50ml,1860,,,,,0,2,16,3,2024-07-31 11:49:48,1733.38,,False,,0
p15737813,C057296,肌膚之鑰,CLE DE PEAU BEAUTE,CPB 肌膚之鑰光緞盈潤粉霜 B00 21ml,893,1050.0,8.5,157.0,,2,2,18,0,2026-09-15 00:00:00,832.21,,False,683.0,2
p15820029,C106092,魅可,MAC,MAC魅可輕羽纖密睫毛膏BLACK STACK 12ml,157,280.0,5.6,123.0,,1,1,19,0,2026-09-15 00:00:00,146.31,,False,0.0,3
p15741235,C036691,古馳,Gucci,GUCCI  古馳花悅女士濃香水,676,,,,,0,2,25,5,2025-08-28 11:35:47,969.2,,False,,2
p15914177,C109791,艾哈佛,AHAVA,AHAVA死海植萃身體補水膏 350ml,154,256.0,154.0,102.0,,15,15,14,0,2026-09-15 00:00:00,143.52,,False,0.0,3
p15739177,C056795,湯姆福特,TOM FORD,TOM FORD湯姆福特香水（荊刺玫瑰香型） 100ml,2870,4555.0,6.3,1685.0,,2,2,6,0,2026-09-15 00:00:00,2674.63,,False,0.0,3
p15737108,C041197,資生堂,SHISEIDO,SHISEIDO資生堂肌源煥活精萃水（滋潤型）150ml,460,,,,,0,15,100+,0,2025-02-20 12:53:35,428.69,,False,,0
p15884159,C114196,資生堂,SHISEIDO,Shiseido資生堂-悅薇智感緊顏亮膚乳-滋潤型100ML,790,,,,,0,8,59,0,2025-08-13 13:58:51,736.22,,False,,0
p15865181,C108897,芭比布朗,BOBBI BROWN,BOBBI BROWN芭比波朗啞光腮紅 3.7G,320,,,,,0,4,11,0,2026-02-25 16:48:23,298.22,,False,,0
p15737095,C100701,湯姆福特,TOM FORD,TOM FORD湯姆福特柔霧緞采唇膏52 3g【細黑管】【有效期至：2027年5月】,249,490.0,5.1,241.0,,23,23,37,0,2026-09-15 00:00:00,232.05,,False,0.0,3
p15876308,C115075,魅可,MAC,MAC魅可定制無瑕散粉（絕絕紫）,360,,,,,0,6,57,0,2024-12-12 17:28:56,335.49,,False,,0
p15885261,C118043,歐緹麗,CAUDALIE,Caudalie歐緹麗尊貴璀璨時光精華-30ML,660,,,,,0,8,27,0,2025-04-03 10:33:07,1025.12,,False,,2
p15792849,C032281,魅可,MAC,MAC魅可造型唇線筆,82,150.0,5.5,68.0,,2,2,18,0,2026-09-15 00:00:00,76.42,,False,0.0,3
p16070201,C123437,蘭蔻,LANCOME,Lancome蘭蔻塑顏緊致煥亮眼霜20ml,510,680.0,7.5,170.0,,1,1,2,0,2026-09-15 00:00:00,475.28,,False,0.0,3
p15884181,C117157,蘭蔻,LANCOME,Lancome蘭蔻菁純臻顏精華粉底液-100 35ml,627,995.0,627.0,368.0,,18,18,51,0,2026-09-18 00:00:00,584.32,,False,0.0,3
p15740572,C043364,祖瑪瓏,JO MALONE LONDON,JO MALONE祖·瑪瓏香水(青檸羅勒與柑橘香型)100ml【有效期至：2027年5月】,664,1315.0,5.0,651.0,,12,12,23,30,2026-09-15 00:00:00,618.8,,False,0.0,3
p15824436,C102790,雅詩蘭黛,ESTEE LAUDER,ESTEE LAUDER雅詩蘭黛沁水養膚粉底液兩支裝30ml*2,537,935.0,537.0,398.0,,13,13,67,0,2026-09-18 00:00:00,500.44,,False,0.0,3
p15901198,C119331,聖羅蘭,YSL,YSL聖羅蘭-恒久無瑕透光粉底液-LC2 25ml,650,,,,,0,1,4,0,2026-09-15 15:02:48,605.75,,False,,0
p15857271,C111725,蘭蔻,LANCOME,LANCOME蘭蔻黑金臻寵面霜 50ML【有效期至：2027年4月】,2480,4460.0,5.6,1980.0,,11,11,14,5,2026-09-15 00:00:00,2311.18,,False,0.0,3
p15764079,C101279,CLINIQUE,CLINIQUE (Beauty),CLINIQUE倩碧智慧專研撫紋眼霜 15ml,435,,,,,0,1,15,0,2024-09-20 10:22:06,405.39,,False,,0
p15743234,C054674,古馳,Gucci,GUCCI 古馳玩視不恭眼線膠筆,125,,,,,0,4,28,0,2026-02-25 16:48:19,228.32,,False,,2
p15843595,C106637,馥蕾詩,FRESH,fresh馥蕾詩清護唇膏（澄糖元氣薄荷色） 4.3g,220,,,,,0,3,58,0,2024-08-14 10:19:06,205.02,,False,,0
p15891090,C118106,植村秀,SHU UEMURA,shu uemura 植村秀羽紗輕盈持妝粉底液584 35ml,316,485.0,316.0,169.0,,15,15,31,0,2026-09-18 00:00:00,294.49,,False,0.0,3
p15942687,C120643,歐舒丹,L'OCCITANE,L’occitane歐舒丹白色薰衣草香氛身體乳250ml,174,,,,,0,2,15,0,2026-09-15 15:03:19,270.26,,False,,2
p15846158,C057452,奧碧虹,ALBION,ALBION雅思臻顏賦活再生柔膚水 200ml,644,,,,,0,1,10,0,2024-09-20 10:22:45,922.61,,False,,2
p15948812,C121638,雅詩蘭黛,ESTEE LAUDER,Estee Lauder雅詩蘭黛輕透持妝粉底液2C0雙支裝30ml*2,830,,,,,0,8,9,0,2026-09-15 15:03:26,773.5,,False,,0
p15952542,C121599,湯姆福特,TOM FORD,TOM FORD湯姆福特奢光柔潤氣墊粉底液-1-3,492,655.0,7.5,163.0,,1,1,2,0,2026-09-15 00:00:00,458.51,,False,0.0,3
p15883539,C116341,嬌韻詩,CLARINS,Clarins嬌韻詩水漾精華粉底液-100.3N 30ml,246,,,,,0,1,2,0,2025-03-28 10:07:56,382.09,,False,,2
p15883152,C114714,歐緹麗,CAUDALIE,Caudalie歐緹麗潔顏清濁面膜-75ML,150,,,,,0,3,29,0,2025-03-03 17:32:58,232.98,,False,,2
p15849363,C111756,植村秀,SHU UEMURA,SHU UEMURA植村秀絹感唇膏,310,,,,,0,4,25,0,2026-08-31 17:16:55,288.9,,False,,0
p15947302,C121664,芭比布朗,BOBBI BROWN,Bobbi Brown芭比波朗至盈呵護潤唇膏213號,350,,,,,0,1,10,0,2026-02-05 17:00:41,326.17,,False,,0
p15828291,C106402,博柏利,BURBERRY,BURBERRY 博柏利女神濃香水,654,,,,,0,2,11,0,2026-09-15 15:42:35,1015.8,,False,,2
p15881357,C109603,肌膚之鑰,CLE DE PEAU BEAUTE,CLE DE PEAU BEAUTE肌膚之鑰光柔水凝氣墊精華粉底膏 O10 14g,485,570.0,8.5,85.0,,2,2,78,0,2026-09-15 00:00:00,451.98,,False,371.0,2
p15820027,C105941,祖瑪瓏,JO MALONE LONDON,JO MALON祖瑪瓏潤膚噴霧(英國梨與小蒼蘭香型)100ml,520,,,,,0,3,16,0,2024-07-31 11:51:56,484.6,,False,,0
p15864413,C113647,古馳,Gucci,GUCCI古馳綺夢香草蘭香型女士香水,676,,,,,0,2,7,0,2026-09-15 15:42:36,969.2,,False,,2
p16071737,C123310,黛珂,DECORTE,DECORTE黛珂微囊精華水150ml,1050,,,,,0,3,8,0,2026-09-15 15:03:32,978.52,,False,,0
p15870224,C106610,儀式,RITUALS,RITUALS梵心儀式身體乳220ml,225,,,,,0,2,49,0,2026-09-15 15:02:21,209.68,,False,,0
p16092420,C125149,嬌韻詩,CLARINS,CLARINS娇韵诗匀净焕白淡斑柔肤水乳液双件套200ml+100ml,553,,,,,0,1,6,0,2026-09-15 15:03:38,792.14,,False,,2
p15788476,C055087,雪肌精,SEKKISEI,SEKKISEI 雪肌精化妝水（經典型）-200ML,285,,,,,0,3,30,0,2024-07-31 11:48:17,265.6,,False,,0
p15916256,C120409,歐舒丹,L'OCCITANE,L’occitane歐舒丹甜蜜櫻花香潤手霜150ml,147,,,,,0,8,29,3,2026-09-15 15:03:01,228.32,,False,,2
p15949220,C121966,儀式,RITUALS,RITUALS甜茉莉藤條香薰450ml,625,,,,,0,3,8,0,2026-09-15 15:03:45,582.45,,False,,0
p15895900,C119223,科顏氏,KIEHL'S,Kiehl’s科顏氏高保濕套組125ml+250ml+150ml,980,,,,,0,1,10,0,2026-09-15 15:02:53,913.29,,False,,0
p16067724,C122290,理膚泉,LA ROCHE-POSAY,理膚泉玻尿酸B5抗皺精華雙支裝50ML,477,795.0,6.0,318.0,,63,63,24,0,2026-09-15 00:00:00,444.53,,False,0.0,3
p15900711,C119333,聖羅蘭,YSL,YSL聖羅蘭恒久無瑕透光粉底液-LN4 25ml,650,,,,,0,1,4,0,2026-09-15 15:02:45,605.75,,False,,0
p15825598,C107371,魅可,MAC,MAC魅可眼影盤6.25g,310,,,,,0,4,36,0,2024-07-31 11:54:40,288.9,,False,,0
p15830418,C108802,雅詩蘭黛,ESTEE LAUDER,ESTEE LAUDER雅詩蘭黛三合一多功能造型眉筆2ml,165,305.0,5.4,140.0,,2,2,6,0,2026-09-15 00:00:00,153.77,,False,0.0,3
p15739955,C050341,魅可,MAC,MAC魅可定妝保濕噴霧,105,,,,,0,3,66,0,2024-08-13 16:39:42,97.85,,False,,0
p15881995,C116211,倩碧,CLINIQUE,Clinique美白祛斑精華露雙支裝 (100ml x 2)【有效期至：2027年4月】,1241,2475.0,5.0,1234.0,,12,12,39,0,2026-09-15 00:00:00,1156.52,,False,0.0,3
p15884412,C117510,紀梵希,Givenchy,GIVENCHY紀梵希明星流光菁潤粉底液-0N 30ml,348,580.0,348.0,232.0,,7,7,13,0,2026-09-18 00:00:00,324.31,,False,0.0,3
p15948956,C122378,嬌韻詩,CLARINS,Clarins嬌韻詩勻淨煥白淡斑套裝200ml+50ml+100ml,1105,,,,,0,3,8,0,2026-09-15 15:03:26,1584.27,,False,,2
p15873252,C115923,雪花秀,SULWHASOO,SULWHASOO雪花秀日護煥白防曬乳50ml,590,,,,,0,6,24,0,2024-11-05 10:43:39,549.84,,False,,0
p15742409,C019160,科顏氏,KIEHL'S,Kiehl's 科顏氏男士爽膚水 250ml,285,,,,,0,6,73,0,2025-11-26 10:28:15,265.6,,False,,0
p15881355,C114203,資生堂,SHISEIDO,"SHISEIDO資生堂 悅薇智感
緊顏亮膚水(滋潤型)150ml",720,,,,,0,6,52,0,2026-09-15 15:02:33,670.99,,False,,0
p16039230,C112701,朋博灣,Bonpoint,Bonpoint朋博灣摯愛滋潤舒緩面霜50ml,624,,,,,0,1,11,0,2026-03-25 16:42:17,581.52,,False,,0
p15874760,C115187,蘭芝,LANEIGE,LANEIGE蘭芝新水酷透明質酸嘭潤修護啫喱面霜（清潤）50ml,335,,,,,0,1,15,0,2026-09-15 15:02:27,312.2,,False,,0
p15830194,C106029,古馳,Gucci,GUCCI 古馳花之舞花園魅惑木蘭女士濃香水,930,,,,,0,1,22,0,2026-09-15 15:42:34,969.2,,False,,2
p15772447,F013245,家得路,CATALO,【特賣品】CATALO 兒童益鈣C®全效強健配方 50粒 - 促進骨骼及牙齒成長/增強免疫力（保質期至：2027.03.01）,74,188.0,3.9,114.0,,25,25,95,0,2026-09-15 00:00:00,68.96,,True,0.0,3
p15901194,C119330,聖羅蘭,YSL,YSL聖羅蘭-恒久無瑕透光粉底液-LN1 25ml,650,,,,,0,2,7,0,2026-09-15 15:03:02,605.75,,False,,0
p15912565,C119958,伊麗莎白·雅頓,ELIZABETH ARDEN,Elizabeth Arden伊莉莎白雅頓時空煥活水潤充盈膠囊精華液42ml,588,980.0,588.0,392.0,,6,6,11,0,2026-09-15 00:00:00,547.97,,False,0.0,3
p15884163,C107278,巴黎歐萊雅,L'OREAL PARIS,L'oreal歐萊雅複顏保濕潔面乳-100ML,100,,,,,0,6,43,0,2025-04-15 18:18:57,93.19,,False,,0
p15739172,C054798,嬌韻詩,CLARINS,CLARINS嬌韻詩呵護潤手霜 100ml,163,,,,,0,9,32,0,2024-08-22 18:59:52,232.98,,False,,2
p15809355,C106014,雪肌精,SEKKISEI,SEKKISEI  雪肌精逸透純淨舒潤乳液 140ml,260,,,,,0,2,12,0,2024-07-31 11:51:29,242.3,,False,,0
p15809337,C017182,倩碧,CLINIQUE,CLINIQUE倩碧炫彩唇膏06 1.9g,185,,,,,0,5,13,0,2024-09-20 10:22:21,172.41,,False,,0
p16067717,C121077,蘭芝,LANEIGE,Laneige蘭芝水潤修護睡眠面膜兩件套裝70ml*2,432,,,,,0,1,5,0,2026-09-15 15:03:38,402.59,,False,,0
p15736949,C040476,湯姆福特,TOM FORD,TOM FORD 幻魅奢黑眼線筆1.36ML/.4OZ  DEEPER,460,,,,,0,3,38,0,2025-05-16 12:26:17,428.69,,False,,0
p15942912,C120634,歐舒丹,L'OCCITANE,L’occitane歐舒丹白色薰衣草香氛沐浴啫喱250ml,117,,,,,0,1,11,0,2026-09-15 15:03:25,181.73,,False,,2
p15876084,IN100366,自然堂,CHANDO,CHANDO自然堂III型重組膠原蛋白修護凍幹面膜5片,66,,,,,0,1,100+,0,2024-12-19 16:20:04,61.51,,False,,0
p15917623,C118505,茵芙莎,IPSA,IPSA茵芙莎緊致活力精華液50ml,420,,,,,0,3,8,0,2026-09-15 15:03:05,652.35,,False,,2
p15737432,C055311,CLINIQUE,CLINIQUE (Beauty),CLINIQUE倩碧男士控油保濕潤膚霜 100ml,320,,,,,0,1,19,5,2024-09-20 10:21:16,298.22,,False,,0
p16095252,C122092,蔻依,Chloe,Chloe蔻依地中海假日系列香氛-紫色沙礫50ml,719,,,,,0,2,4,0,2026-09-15 15:03:55,1029.78,,False,,2
p15843159,C110736,馥蕾詩,FRESH,fresh馥蕾詩蓮花青春煥采眼霜 15ml,430,,,,,0,5,26,0,2024-07-31 11:39:46,400.73,,False,,0
p15897432,C117851,儀式,RITUALS,RITUALS梵心儀式香薰蠟燭,285,,,,,0,1,11,0,2025-07-30 15:10:43,265.6,,False,,0
p15742545,C051987,雪肌精,SEKKISEI,SEKKISEI雪肌精逸透保濕面霜40g,149,270.0,149.0,121.0,,4,4,16,5,2026-09-18 00:00:00,138.86,,False,0.0,3
p15860469,F107909,余仁生,Eu Yan Sang,余仁生野生雲芝精華-增強自護力 (保健食品)(保質期至2028.6.15),499,,,,,0,6,88,0,2026-05-09 09:59:51,465.03,,False,,0
p15864631,C111650,嬌韻詩,CLARINS,CLARINS嬌韻詩多維塑顏煥采日霜+晚霜套裝50ml*2,1404,,,,,0,5,18,0,2026-09-15 15:02:21,2012.96,,False,,2
p15845716,C110609,海蓝之谜,LA MER,LA MER海藍之謎身體修護精華乳液160ml,927,1550.0,6.0,623.0,,4,4,26,0,2026-09-15 00:00:00,863.9,,False,0.0,3
p15825755,C107681,茵芙莎,IPSA,IPSA茵芙莎自律舒緩美肌液4（175ml）,282,,,,,0,4,17,0,2025-06-20 13:47:04,438.01,,False,,2
p15735833,C009208,雅诗兰黛,ESTEE LAUDER,ESTEE LAUDER  雅詩蘭黛 Re-Nutriv 白金級緊膚滋潤精華水 250ml,393,655.0,393.0,262.0,,13,13,79,0,2026-09-15 00:00:00,366.25,,False,0.0,3
p15828362,C108005,雪肌精,SEKKISEI,SEKKISEI雪肌精逸透純淨安潤化妝水200ml,107,260.0,4.1,153.0,,2,2,13,0,2026-09-15 00:00:00,99.72,,False,0.0,3
p15890284,C117859,儀式,RITUALS,RITUALS皇家清茶香薰蠟燭,435,,,,,0,2,20,0,2025-06-20 10:46:40,405.39,,False,,0
p15737540,C030081,祖瑪瓏,JO MALONE LONDON,JO MALONE祖·瑪瓏香水(黑莓與月桂葉香型),640,,,,,0,3,10,0,2024-07-31 11:16:20,596.43,,False,,0
p15742797,C054260,科顏氏,KIEHL'S,Kiehl's 科顏氏金盞花舒緩保濕面膜 100ml,285,475.0,285.0,190.0,,28,28,83,30,2026-09-18 00:00:00,265.6,,False,0.0,3
p15820478,C105572,嬌韻詩,CLARINS,CLARINS嬌韻詩沁潤奇肌保濕輕盈面霜 50ml,332,,,,,0,7,39,5,2024-07-31 11:52:11,475.28,,False,,2
p15825221,C107407,巴黎歐萊雅,L'OREAL PARIS,L'OREAL 歐萊雅金致臻顏修護霜兩支裝50ml*2--抗皺緊致【有效期至：2027年5月】,302,505.0,6.0,203.0,,3,3,100+,5,2026-09-15 00:00:00,281.44,,False,0.0,3
p15828382,C106572,紀梵希,Givenchy,GIVENCHY紀梵希心無禁忌髮香噴霧35ml,345,,,,,0,5,51,0,2024-07-31 11:56:33,321.51,,False,,0
p15876832,C108623,肌膚之鑰,CLE DE PEAU BEAUTE,CPB肌膚之鑰金致乳霜 30ml,2760,4600.0,6.0,1840.0,,1,1,9,0,2026-09-15 00:00:00,2572.12,,False,0.0,3
p15742803,C048346,雪肌精,SEKKISEI,SEKKISEI雪肌精輕綿美容乳液140ml,270,,,,,0,8,38,0,2024-07-31 11:37:07,251.62,,False,,0
p15764528,C100525,嬌蘭,GUERLAIN,GUERLAIN嬌蘭禦庭蘭花卓能煥活防曬隔離乳 30ml,1300,,,,,0,2,18,0,2024-07-31 11:44:42,1211.5,,False,,0
p16038766,C121941,歐舒丹,L'OCCITANE,L’occitane歐舒丹杏仁修身磨砂膏200ml,237,,,,,0,13,9,0,2026-09-15 15:03:32,368.11,,False,,2
p15870450,C114894,雪花秀,SULWHASOO,SULWHASOO雪花秀菁典臻秀精萃水150ml,920,,,,,0,18,32,0,2025-01-21 17:22:56,857.37,,False,,0
p15742887,C020289,伊麗莎白·雅頓,ELIZABETH ARDEN,Elizabeth Arden伊麗莎白雅頓經典潤澤密集修護唇霜15ml,194,,,,,0,1,16,0,2026-09-15 15:02:06,180.79,,False,,0
p15797271,C103288,歐舒丹,L'OCCITANE,L'OCCITANE歐舒丹蠟菊活顏保濕水 200ml,162,,,,,0,3,58,0,2026-01-24 20:21:36,251.62,,False,,2
p15794720,C103298,巴黎歐萊雅,L'OREAL PARIS,L'OREAL Paris歐萊雅多重防護隔離露 65ml【有效期至：2027年3月】,104,345.0,3.0,241.0,,12,12,18,0,2026-09-15 00:00:00,96.92,,False,0.0,3
p15895886,C118885,聖羅蘭,YSL,YSL聖羅蘭敢愛光耀豐盈唇蜜-4 6ml,380,,,,,0,10,20,0,2026-09-15 15:02:41,354.13,,False,,0
p15952287,E10129083,雷朋,RAY-BAN,RAY BAN雷朋太陽鏡 0RB41716316E854,1560,,,,,0,1,2,0,2026-03-05 14:10:40,1453.8,,False,,0
p15897821,C118955,CPB肌肤之钥,CLE DE PEAU BEAUTE,CPB肌膚之鑰精萃光采系列精華乳套裝170ml+125ml+125ml+50ml,3893,4580.0,8.5,687.0,,1,1,7,0,2026-09-15 00:00:00,3627.99,,False,2977.0,2
p15788837,C008889,CLINIQUE,CLINIQUE (Beauty),CLINIQUE倩碧止汗露 75ml,145,,,,,0,1,16,0,2024-09-20 10:22:23,135.13,,False,,0
p15781827,C101225,悦木之源,ORIGINS,ORIGINS 咖啡因活力煥亮面膜 75ml,180,330.0,5.5,150.0,,1,1,12,0,2026-09-15 00:00:00,167.75,,False,0.0,3
p15735572,C045063,蘭蔻,LANCOME,LANCOME蘭蔻柔皙亮白防曬乳 50ml,462,785.0,5.9,323.0,,59,59,49,0,2026-09-15 00:00:00,430.55,,False,0.0,3
p15866269,C112321,AVEDA,AVEDA (Hair Care),Aveda升級版強效頭皮激活精華150毫升,565,,,,,0,15,100+,0,2024-08-21 10:57:12,526.54,,False,,0
p15889831,C116899,蔻依,Chloe,Chloe蔻依仙境花園系列HOME-LINE-蔻依煙雨茉莉香氛沐浴露300 ML,280,,,,,0,2,39,0,2026-05-06 17:10:37,400.73,,False,,2
p15890281,C115754,博柏利,BURBERRY,Burberry博柏利之吻絨霧啞光唇膏02 Cream Tea 6 ML,177,,,,,0,1,2,0,2025-05-16 14:22:22,316.85,,False,,2
p15828292,C101444,博柏利,BURBERRY,BURBERRY博柏利之吻液體絨霧啞光唇膏6ml,177,,,,,0,6,14,0,2026-09-15 15:02:26,316.85,,False,,2
p15948058,C122720,卡詩,KERASTASE,KERASTASE卡詩海源黑鑽洗發水 500ml,340,500.0,340.0,160.0,,36,36,42,0,2026-09-18 00:00:00,316.85,,False,0.0,3
p15738227,C016787,希思黎,SISLEY PARIS,sisley希思黎煥白光采面膜 60ml,715,,,,,0,2,14,0,2025-06-27 16:41:00,1025.12,,False,,2
p15883540,C117117,嬌韻詩,CLARINS,Clarins嬌韻詩柔滑身體磨砂膏200ML,286,,,,,0,4,9,0,2025-08-20 16:56:24,410.05,,False,,2
p15947500,C121293,資生堂,SHISEIDO,SHISEIDO資生堂新豔陽夏水動力透潤防曬乳霜50ml,350,,,,,0,6,9,0,2026-09-15 15:03:26,326.17,,False,,0
p15900706,C119334,聖羅蘭,YSL,YSL聖羅蘭恒久無瑕透光粉底液-LC1 25ml,650,,,,,0,6,15,0,2026-09-15 15:02:47,605.75,,False,,0
p15897677,C113629,娇韵诗,CLARINS,Clarins嬌韻詩植物精油芳香沐浴露-200ML,169,,,,,0,3,11,0,2026-08-11 10:23:43,242.3,,False,,2
p15737242,C040767,祖瑪瓏,JO MALONE LONDON,JO MALONE祖·瑪瓏香氛蠟燭(紅玫瑰香型),327,555.0,5.9,228.0,,3,3,15,0,2026-09-15 00:00:00,304.74,,False,0.0,3
p15742819,C025460,蔻依,Chloe,Chloe蔻依愛語女士濃香氛 75ml,1340,,,,,0,3,15,0,2024-07-31 11:38:54,1248.78,,False,,0
p15874160,C114296,希思黎,SISLEY PARIS,SISLEY PARIS希思黎致臻夜間修護眼部精粹乳15ml,1680,,,,,0,6,25,0,2026-09-15 15:02:38,2329.82,,False,,2
p15879907,C115333,歐舒丹,L'OCCITANE,L'occitane歐舒丹草本香菁純平衡洗髪露 500ml,207,375.0,5.5,168.0,,3,3,63,0,2026-09-15 00:00:00,192.91,,False,0.0,3
p15738161,C016814,希思黎,SISLEY PARIS,sisley希思黎潔面磨砂啫喱 100ml,605,,,,,0,1,14,0,2024-07-31 11:19:38,913.29,,False,,2
p15952290,E10356168,奧克利,OAKLEY,OAKLEY奧克利太陽鏡0OO947494741552,2570,,,,,0,2,2,0,2026-04-24 14:37:49,2395.05,,False,,0
p15809817,C105605,黛珂,DECORTE,DECORTE黛珂瑩潤粹白澄亮菁華液 40ml,1050,,,,,0,1,6,0,2024-08-07 14:21:29,978.52,,False,,0
p15894076,C112570,聖羅蘭,YSL,YSL聖羅蘭瑩亮純魅唇膏 12 3.2g,227,380.0,6.0,153.0,,2,2,9,0,2026-09-15 00:00:00,211.55,,False,0.0,3
p16117441,C119179,黛珂,DECORTE,DECORTE黛珂沁活晶澈澄透精華水200ml,353,,,,,0,1,2,0,2026-09-15 15:03:51,328.97,,False,,0
p16118966,C125333,肌膚之鑰,CLE DE PEAU BEAUTE,CPB肌膚之鑰緊實修護面霜50ml,2400,,,,,0,2,2,0,2026-09-15 15:03:51,2795.78,,False,,2
p15947320,C121659,芭比布朗,BOBBI BROWN,Bobbi Brown芭比波朗至盈呵護潤唇膏211號,350,,,,,0,2,5,0,2026-02-05 17:00:45,326.17,,False,,0
p15869519,C035291,卡詩,KERASTASE,KERASTASE 卡詩賦活豐盈洗髪水-250ML,270,,,,,0,3,39,0,2025-02-18 15:29:27,251.62,,False,,0
p15881985,C116183,芭比布朗,BOBBI BROWN,Bobbi Brown芭比波朗流雲造型眉筆-濃郁暖色調巧克力棕色,330,,,,,0,1,22,0,2026-03-17 09:58:13,307.54,,False,,0
p15809662,C103271,魅可,MAC,MAC魅可清透煥顏妝前精華-30ML,470,,,,,0,2,37,0,2024-07-31 11:52:30,438.01,,False,,0
p15809344,C105789,雅詩蘭黛,ESTEE LAUDER,Estee Lauder 雅詩蘭黛持妝妝前乳-SPF20-40ML 持妝+無瑕。動態貼膚/持妝貼膚。精緻無瑕。,425,,,,,0,1,52,0,2024-07-31 11:51:20,396.07,,False,,0
p15863597,C111889,嬌韻詩,CLARINS,CLARINS嬌韻詩多維塑顏煥采晚霜（滋潤型）50ML,813,,,,,0,2,14,5,2026-08-11 10:20:33,1164.91,,False,,2
p15742825,C038750,蔻依,Chloe,Chloe蔻依戀旅女士濃香氛,1070,,,,,0,2,15,0,2026-09-15 15:42:35,997.16,,False,,0
p15850245,C105760,雅詩蘭黛,ESTEE LAUDER,ESTEE LAUDER雅詩蘭黛鮮活亮采二合一泡沫潔面乳 125ML,188,340.0,5.5,152.0,,2,2,26,0,2026-09-15 00:00:00,175.2,,False,0.0,3
p15741290,C053495,古馳,Gucci,GUCCI 古馳絲潤精華妝前乳30ml,364,,,,,0,1,7,0,2026-09-15 15:47:28,521.88,,False,,2
p15742376,C054261,科顏氏,KIEHL'S,Kiehl's 科顏氏多重緊致修顏霜 75ml,530,875.0,530.0,345.0,,12,12,81,5,2026-09-18 00:00:00,493.92,,False,0.0,3
p15849736,C111450,巴黎歐萊雅,L'OREAL PARIS,L'OREAL歐萊雅金致臻顏花蜜奢養化妝水-130ML【有效期至：2027年5月】,154,275.0,5.6,121.0,,6,6,25,0,2026-09-15 00:00:00,143.52,,False,0.0,3
p15851790,C111888,嬌韻詩,CLARINS,CLARINS嬌韻詩多維塑顏煥采日霜（滋潤型） 50ml,748,,,,,0,3,14,5,2024-07-31 11:31:33,1071.71,,False,,2
p15876842,C115475,儀式,RITUALS,RITUALS櫻花儀式香體噴霧50ml,225,,,,,0,1,19,0,2026-09-15 15:02:42,209.68,,False,,0
p15831828,C106602,雪花秀,SULWHASOO,Sulwhasoo雪花秀玉璨淨顏面膜 120ml,320,,,,,0,1,17,0,2024-07-31 11:56:46,298.22,,False,,0
p15738325,C045017,喬治阿瑪尼,GIORGIO ARMANI-香化,GIORGIO ARMANI 喬治阿瑪尼黑鑰匙至臻奐顏防曬隔離乳 30ml,610,970.0,610.0,360.0,,7,7,60,0,2026-09-18 00:00:00,568.47,,False,0.0,3
p16097043,C121134,朋博灣,Bonpoint,Bonpoint朋博灣摯愛舒緩潔面泡泡100ml,390,,,,,0,2,8,0,2026-09-15 15:03:50,363.45,,False,,0
p15801720,C102713,悦木之源,ORIGINS,ORIGINS悅木之源韋博士菇菌亮膚精華乳 50ml【有效期至：2027年4月】,335,660.0,5.1,325.0,,1,1,14,0,2026-09-15 00:00:00,312.2,,False,0.0,3
p15880412,C115739,歐舒丹,L'OCCITANE,L'occitane歐舒丹5合1草本精華修護護髪素500ml,215,390.0,5.5,175.0,,13,13,33,0,2026-09-15 00:00:00,200.36,,False,0.0,3
p15877260,C115259,祖瑪瓏,JO MALONE LONDON,Jo Malone祖瑪瓏香水馥鬱系列（無垢木與雪松香型）100ml,956,1675.0,5.7,719.0,,2,2,2,0,2026-09-15 00:00:00,890.92,,False,0.0,3
p15741441,C030430,雅詩蘭黛,ESTEE LAUDER,ESTEE LAUDER  雅詩蘭黛 Advanced Night Repair 密集修護肌透面膜 8 paCalvin Klein,828,1380.0,828.0,552.0,,5,5,61,0,2026-09-15 00:00:00,771.63,,False,0.0,3
p15914171,C100477,艾哈佛,AHAVA,AHAVA死海賦顏黃金面膜 50ml,528,,,,,0,9,5,0,2025-10-20 17:04:24,492.06,,False,,0
p15948067,C120252,湯姆福特,TOM FORD,Tom Ford湯姆福特香水（啡縈珍瑰香型）50ml,1365,,,,,0,3,2,0,2026-09-08 15:48:08,1272.08,,False,,0
p15857647,C111602,馥蕾詩,FRESH,FRESH馥蕾詩紅茶凝時煥活眼霜 15ML,416,,,,,0,19,75,0,2024-08-14 10:19:07,596.43,,False,,2
p15948827,C121853,雅詩蘭黛,ESTEE LAUDER,Estee Lauder雅詩蘭黛輕透持妝粉底液1W2 30ml,460,,,,,0,7,8,0,2026-09-15 15:03:26,428.69,,False,,0
p15864418,C113726,茵芙莎,IPSA,IPSA茵芙莎美白精華液-50ml,492,,,,,0,4,19,0,2025-06-20 13:45:26,764.18,,False,,2
p15736274,C052497,雅诗兰黛,ESTEE LAUDER,ESTEE LAUDER  雅詩蘭黛 Re-Nutriv Ultimate Diamond 白金級蘊能黑鑽奢華眼部精華 15ml,930,1550.0,930.0,620.0,,1,1,91,0,2026-09-18 00:00:00,866.69,,False,0.0,3
p15889841,C116909,蔻依,Chloe,Chloe蔻依仙境花園系列北國雪松固體香膏3g,312,,,,,0,2,18,0,2026-05-06 17:09:27,447.32,,False,,2
p15830816,C106399,悦木之源,ORIGINS,ORIGINS悅木之源水潤暢飲夜間面膜 75ml,147,245.0,147.0,98.0,,11,11,100+,0,2026-09-18 00:00:00,136.99,,False,0.0,3
p15897678,C119009,馥蕾詩,FRESH,fresh馥蕾詩明星光采修護三部曲150ml+50ml+150ml,1875,,,,,0,6,14,0,2026-09-15 15:02:45,1747.36,,False,,0
p15824010,C107290,雪肌精,SEKKISEI,SEKKISEI雪肌精淨爽洗顏皂120g,48,79.0,48.0,31.0,,8,8,17,0,2026-09-18 00:00:00,44.73,,False,0.0,3
p15882035,C117207,奧碧虹,ALBION,ALBION 3D膠原緊緻柔膚水200ml,377,,,,,0,3,14,0,2025-05-29 10:17:22,540.52,,False,,2
p15948968,C122380,嬌韻詩,CLARINS,Clarins嬌韻詩輕透養膚防曬乳（自然色）50ml,358,,,,,0,5,5,0,2026-09-15 15:03:23,512.56,,False,,2
p15836053,C109550,資生堂,SHISEIDO,SHISEIDO資生堂男士活力均衡水 150ml,147,245.0,147.0,98.0,,10,10,41,0,2026-09-18 00:00:00,136.99,,False,0.0,3
p15948961,C122384,嬌韻詩,CLARINS,Clarins嬌韻詩勻淨煥白淡斑乳液100ml,377,,,,,0,3,5,0,2026-09-15 15:03:25,540.52,,False,,2
p15894222,C117220,嬌韻詩,CLARINS,CLARINS嬌韻詩保濕煥采磨砂膏50ml,202,,,,,0,2,5,0,2026-09-15 15:02:42,288.9,,False,,2
p16039231,C113721,朋博灣,Bonpoint,Bonpoint朋博灣全新摯愛小櫻桃面霜50ml,624,,,,,0,1,34,0,2026-09-15 15:03:46,581.52,,False,,0
p15737666,C045124,魅可,MAC,MAC魅可化妝刷,265,,,,,0,7,33,0,2024-07-31 11:16:37,246.96,,False,,0
p15795044,C102401,理膚泉,LA ROCHE-POSAY,LA ROCHE-POSAY 理膚泉特安修護安心乳 40ml,305,,,,,0,30,200+,0,2024-08-13 16:39:46,284.24,,False,,0
p15947326,C121620,雅詩蘭黛,ESTEE LAUDER,Estee Lauder雅詩蘭黛沁水盈潤養護唇膏700,340,,,,,0,1,5,0,2026-02-05 17:00:44,316.85,,False,,0
p15873763,C111501,馥蕾詩,FRESH,FRESH馥蕾詩大馬士革玫瑰花瓣水雙支裝250ml*2,453,755.0,453.0,302.0,,10,10,68,0,2026-09-18 00:00:00,422.16,,False,0.0,3
p15893774,C119008,馥蕾詩,FRESH,Fresh馥蕾詩紅茶凝時煥活精華露50ml,702,,,,,0,13,29,0,2025-07-09 16:33:29,1006.48,,False,,2
p15742415,C037148,蒂芙尼,TIFFANY & CO,TIFFANY蒂芙尼女士濃香水,1050,,,,,0,3,15,0,2024-07-31 11:38:50,978.52,,False,,0
p15948951,C122898,伊麗莎白·雅頓,ELIZABETH ARDEN,Elizabeth Arden伊莉莎白雅頓八小時深層保濕護手霜 75ml,335,,,,,0,1,2,0,2026-03-02 16:59:40,312.2,,False,,0
p15797230,C103043,茵芙莎,IPSA,IPSA茵芙莎清顏肌菁華液E-50ML,420,,,,,0,2,17,0,2025-06-20 12:24:56,652.35,,False,,2
p15741960,C017168,科顏氏,KIEHL'S,Kiehl's 科顏氏金盞花植萃爽膚水  250ml,267,355.0,7.5,88.0,,1,1,16,0,2026-09-15 00:00:00,248.82,,False,0.0,3
p15794714,C043239,芭比布朗,BOBBI BROWN,BOBBI BROWN芭比波朗流雲眼影筆#22澄茶.05 oz./ 1.6 g,300,,,,,0,2,15,0,2024-07-31 11:50:16,279.58,,False,,0
p15872186,C112565,嬌韻詩,CLARINS,CLARINS嬌韻詩青春賦活煥采日霜 50ml,449,,,,,0,4,11,5,2024-10-14 16:50:30,643.03,,False,,2
p16091948,C125679,理膚泉,LA ROCHE-POSAY,LA ROCHE-POSAY理膚泉清痘淨膚DUO+M痘痘貼,110,,,,,0,4,7,0,2026-06-17 17:14:38,102.51,,False,,0
p15743297,C055856,希思黎,SISLEY PARIS,sisley希思黎煥白亮采潔面泡沫 125ml,683,,,,,0,4,27,0,2024-07-31 11:41:26,1025.12,,False,,2
p15880153,C018863,蘭蔻,LANCOME,LANCOME蘭蔻夢寐睛靈防水睫毛膏 01 6.5ml,200,335.0,6.0,135.0,,2,2,13,0,2026-09-15 00:00:00,186.39,,False,0.0,3
p16086981,C123271,芭比布朗,BOBBI BROWN,Bobbi Brown芭比波朗變色護唇膏套裝,630,,,,,0,1,2,0,2026-07-30 16:20:21,587.11,,False,,0
p15870905,C112290,悦木之源,ORIGINS,ORIGINS悅木之源祛痘保濕精華露50ml,280,,,,,0,5,19,0,2026-09-15 15:02:34,260.94,,False,,0
p15742445,C053656,嬌韻詩,CLARINS,CLARINS嬌韻詩乳木果保濕身體乳 200ml,280,,,,,0,3,17,8,2024-07-31 11:37:33,400.73,,False,,2
p15825609,C107283,赫蓮娜,HELENA RUBINSTEIN,HR赫蓮娜綠寶瓶強韌修護精華露-50ML 版,1700,,,,,0,2,52,0,2026-03-10 11:50:01,1584.27,,False,,0
p15875165,C116381,雪花秀,SULWHASOO,SULWHASOO雪花秀禦時緊顏參養乳霜60ml,1680,,,,,0,3,2,0,2026-09-08 16:18:27,1565.64,,False,,0
p15736010,C000896,伊麗莎白·雅頓,ELIZABETH ARDEN,Elizabeth Arden伊麗莎白雅頓金致純淨爽膚水200ml,228,,,,,0,2,13,0,2025-07-18 09:50:18,212.48,,False,,0
p15824435,C101252,雅詩蘭黛,ESTEE LAUDER,ESTEE LAUDER雅詩蘭黛櫻花版微精華露200ml,965,,,,,0,3,41,0,2024-07-31 11:54:22,899.31,,False,,0
p15947316,C121927,歐舒丹,L'OCCITANE,L’occitane歐舒丹馬鞭草香潔膚露350ml,234,,,,,0,4,9,0,2026-09-15 15:03:14,363.45,,False,,2
p15942684,C122006,理膚泉,LA ROCHE-POSAY,LA ROCHE-POSAY理膚泉新B5多效修復乳霜50ml,218,335.0,6.5,117.0,,3,3,12,0,2026-09-15 00:00:00,203.16,,False,0.0,3
p15889038,C110558,儀式,RITUALS,RITUALS梵心儀式幹爽護理油100ml,260,,,,,0,3,25,0,2026-09-15 15:02:38,242.3,,False,,0
p15875681,IN100496,自然堂,CHANDO,CHANDO自然堂雪肌追光煥白緊致乳液110ml*2支裝,318,704.0,4.5,386.0,,1,1,2,0,2026-09-15 00:00:00,296.35,,False,0.0,3
p16069832,C121890,倩碧,CLINIQUE,Clinique倩碧小胖胭脂01,160,,,,,0,1,2,0,2026-06-25 14:37:02,149.11,,False,,0
p15735488,C040779,祖玛珑,JO MALONE LONDON,JO MALONE祖·瑪瓏滿室幽香香薰(青檸羅勒葉與柑橘),770,,,,,0,27,100+,0,2024-07-31 11:10:45,717.58,,False,,0
p15735424,C030083,祖瑪瓏,JO MALONE LONDON,JO MALONE祖·瑪瓏香水(鼠尾草與海鹽香型)100毫升,1355,,,,,0,1,13,0,2024-11-28 13:38:08,1262.76,,False,,0
p15764080,C101257,雅詩蘭黛,ESTEE LAUDER,ESTEE LAUDER雅詩蘭黛Re-Nutriv 極緻黑鑽塑顏鑽光精華 30ml,2135,,,,,0,4,67,0,2024-07-31 11:10:19,1989.66,,False,,0
p15952573,E10356159,博柏利,BURBERRY,BURBERRY博柏利太陽鏡 0BE4432U41478754,2730,,,,,0,1,2,0,2026-05-09 11:58:02,2544.16,,False,,0
p15809661,C105205,魅可,MAC,MAC魅可清透煥顏淨妝油-200ML,395,,,,,0,4,71,0,2024-07-31 11:51:18,368.11,,False,,0
p16039234,C120633,朋博灣,Bonpoint,Bonpoint朋博灣全新摯愛呵護沐浴乳500ml,739,,,,,0,5,11,0,2026-09-15 15:03:39,688.69,,False,,0
p15743520,C053741,資生堂,SHISEIDO,SHISEIDO資生堂男士煥能肌活滋潤乳 100ml,189,315.0,189.0,126.0,,12,12,79,0,2026-09-15 00:00:00,176.13,,False,0.0,3
p15889839,C116898,蔻依,Chloe,Chloe蔻依仙境花園系列木蘭詩語固體香膏3g,312,,,,,0,1,20,0,2026-05-06 17:09:39,447.32,,False,,2
p15849360,C109974,希思黎,SISLEY PARIS,sisley希思黎致臻夜間修護精華露 50ML,3478,,,,,0,2,14,0,2024-07-31 11:32:31,5218.79,,False,,2
p15872833,C115926,雪花秀,SULWHASOO,SULWHASOO雪花秀菁典臻秀精萃水乳套裝150ml/125ml,1950,,,,,0,1,15,0,2026-09-15 15:02:23,1817.26,,False,,0
p15737404,C038573,芭比布朗,BOBBI BROWN,BOBBI BROWN芭比波朗晶亮顏彩盤#1 玫瑰金8g,490,,,,,0,1,24,0,2026-01-26 14:24:56,456.64,,False,,0
p15886266,C111763,蘭蔻,LANCOME,Lancome蘭蔻遮瑕持妝氣墊粉底液PO-03-30ML,465,,,,,0,5,22,0,2025-04-10 11:36:44,433.35,,False,,0
p15864129,C107777,艾梵達,AVEDA,AVEDA艾梵達頭皮管理清潔按摩梳,138,230.0,138.0,92.0,,18,18,100+,0,2026-09-18 00:00:00,128.61,,False,0.0,3
p15872012,C111785,歐舒丹,L'OCCITANE,L'OCCITANE歐舒丹甜扁桃味沐浴綿綿霜-200ML,113,205.0,5.5,92.0,,1,1,41,0,2026-09-15 00:00:00,105.31,,False,0.0,3
p15917624,C119879,科顏氏,KIEHL'S,Kiehl’s科顏氏高保濕霜雙支 (正裝+補充裝）150ml+125ml,709,1125.0,709.0,416.0,,11,11,8,0,2026-09-15 00:00:00,660.74,,False,0.0,3
p15871743,C112552,嬌韻詩,CLARINS,CLARINS嬌韻詩淨透化妝水 400ml,286,,,,,0,5,15,0,2026-08-11 10:17:51,410.05,,False,,2
p15781811,C102404,理膚泉,LA ROCHE-POSAY,LA ROCHE-POSAY  理膚泉特安修護安心霜 40ml,182,305.0,6.0,123.0,,4,4,43,5,2026-09-15 00:00:00,169.61,,False,0.0,3
p15915901,C120636,歐舒丹,L'OCCITANE,L’occitane歐舒丹白色薰衣草香氛護手霜75ml,114,,,,,0,9,26,0,2026-09-15 15:03:03,177.07,,False,,2
p15894588,E1614789,寶麗萊,Polaroid,POLAROID寶麗來太陽鏡20636580753M9,980,,,,,0,1,2,0,2025-07-03 11:45:15,913.29,,False,,0
p15952391,C123008,回麗絲,Rerise,Rerise回麗絲天然植萃護染膏(深棕色)4ml*4,240,,,,,0,10,4,0,2026-09-15 15:03:38,223.66,,False,,0
p15872191,C112555,嬌韻詩,CLARINS,CLARINS嬌韻詩青春賦活煥采乳液 100ml,358,,,,,0,3,14,0,2024-10-14 16:51:02,512.56,,False,,2
p15884989,C115132,雅詩蘭黛,ESTEE LAUDER,Estée Lauder雅詩蘭黛智妍柔潤精華水雙支裝（200ml x2）,722,1170.0,722.0,448.0,,7,7,22,0,2026-09-18 00:00:00,672.85,,False,0.0,3
p15737422,C032076,魅可,MAC,MAC魅可妝前乳 30ml,380,,,,,0,1,15,0,2026-02-25 16:48:19,354.13,,False,,0
p15875984,C113631,嬌韻詩,CLARINS,CLARINS嬌韻詩去角質潔面 125ml,189,,,,,0,1,19,0,2026-08-11 10:18:06,270.26,,False,,2
p15896327,C119049,科顏氏,KIEHL'S,Kiehl’s科顏氏高保濕霜-雙支裝125ml*2,1125,,,,,0,9,38,0,2026-09-15 15:02:51,1048.42,,False,,0
p15793921,C103086,科顏氏,KIEHL'S,Kiehl's科顏氏高保濕精粹爽膚水 500ml,410,,,,,0,3,16,0,2024-07-31 11:49:09,382.09,,False,,0
p15821464,C105284,嬌蘭,GUERLAIN,GUERLAIN嬌蘭禦廷蘭花提拉微晶精華液-50ML,5800,,,,,0,3,21,0,2024-07-31 11:54:16,5405.17,,False,,0
p15886462,C117132,嬌韻詩,CLARINS,Clarins嬌韻詩煥顏緊致彈力日霜（滋潤型）50ML,516,,,,,0,5,16,0,2025-04-27 10:10:16,801.46,,False,,2
p15846943,C111152,魅可,MAC,MAC魅可絲柔啞光唇膏 3.5g,124,190.0,124.0,66.0,,15,15,25,0,2026-09-18 00:00:00,115.56,,False,0.0,3
p15742138,C054589,博柏利,BURBERRY,BURBERRY博柏利鎏光煥彩恒顏粉底液30ml,330,,,,,0,6,15,0,2025-09-22 15:17:01,512.56,,False,,2
p15743597,F013721,家得路,CATALO,CATALO天然洋蔥綠茶精華60粒-舒緩過敏/強健體質(有效期至：2028/2/1),438,,,,,0,7,14,0,2025-11-07 14:22:58,408.18,,False,,0
p15884990,C111108,雅詩蘭黛,ESTEE LAUDER,Estée Lauder雅詩蘭黛智妍柔潤精華水200ml,650,,,,,0,4,13,0,2025-04-16 10:18:13,605.75,,False,,0
p15819492,C105481,祖瑪瓏,JO MALONE LONDON,JO MALONE LONDON 祖瑪瓏古龍水-烏木與佛手柑-100ML,1685,,,,,0,1,7,0,2025-12-17 14:14:46,1570.3,,False,,0
p16097049,C117498,紀梵希,Givenchy,GIVENCHY紀梵希明星四宮格腮紅4,440,,,,,0,1,2,0,2026-07-08 17:22:22,410.05,,False,,0
p15740557,C051940,艾梵達,AVEDA,AVEDA三重修復草本護髮素200ml,340,,,,,0,2,37,0,2024-07-31 11:26:45,316.85,,False,,0
p15738536,C016827,希思黎,SISLEY PARIS,sisley希思黎植物修護面霜 50ml,923,,,,,0,1,10,5,2024-07-31 11:21:02,1397.89,,False,,2
p15851792,C111900,嬌韻詩,CLARINS,CLARINS嬌韻詩多維塑顏煥采晚霜 50ml,813,,,,,0,2,10,5,2024-07-31 11:31:34,1164.91,,False,,2
p15869517,C114298,理膚泉,LA ROCHE-POSAY,"LA ROCHE-POSAY理膚泉B5修復套裝
理膚泉新B5多效修復霜-理膚泉B5多效修復乳100ml+40ml",515,,,,,0,4,16,0,2026-09-15 15:02:14,479.94,,False,,0
p15737467,C044609,祖瑪瓏,JO MALONE LONDON,JO MALONE祖·瑪瓏香氛蠟燭（藍風鈴香型）,333,555.0,333.0,222.0,,1,1,16,0,2026-09-18 00:00:00,310.33,,False,0.0,3
p15800452,C052634,AHC,AHC,AHC愛和純臻致玻尿酸面膜(黃金款) 25g*25,652,,,,,0,5,16,0,2024-07-31 11:50:56,607.62,,False,,0
p15949074,C121860,雅詩蘭黛,ESTEE LAUDER,Estee Lauder雅詩蘭黛輕透持妝粉底液1W1 30ml,460,,,,,0,6,11,0,2026-09-15 15:03:31,428.69,,False,,0
p15900696,C119431,蔻依,Chloe,Chloe蔻依女士濃香水100ML,1700,,,,,0,3,6,0,2026-05-08 10:57:42,1584.27,,False,,0
p15738619,C021509,科顏氏,KIEHL'S,Kiehl's 科顏氏氨基椰香護髮乳液 500ml,395,,,,,0,14,100+,0,2024-07-31 11:20:36,368.11,,False,,0
p15736783,C016798,希思黎,SISLEY PARIS,sisley希思黎百合潔膚乳 250ml,585,,,,,0,4,56,0,2025-02-20 12:53:35,885.33,,False,,2
p15885775,C118358,理膚泉,LA ROCHE-POSAY,LA ROCHE-POSAY理膚泉UVIDEA玫瑰色調亮防曬霜-SPF50--30ML,173,280.0,173.0,107.0,,21,21,59,0,2026-09-18 00:00:00,161.22,,False,0.0,3
p15743162,C055857,希思黎,SISLEY PARIS,sisley希思黎煥白亮采保濕霜 125ml,748,,,,,0,3,15,5,2024-07-31 11:41:05,1118.31,,False,,2
p15743105,C009551,伊麗莎白·雅頓,ELIZABETH ARDEN,Elizabeth Arden伊麗莎白雅頓時空煥活膠囊精華液 42ML,887,,,,,0,1,21,0,2024-09-29 15:36:49,826.62,,False,,0
p15805771,C104280,巴黎歐萊雅,L'OREAL PARIS,L'OREAL 歐萊雅夜間修護精華 30ml,215,360.0,6.0,145.0,,4,4,37,0,2026-09-15 00:00:00,200.36,,False,0.0,3
p15920863,C118802,雅詩蘭黛,ESTEE LAUDER,Estee Lauder雅詩蘭黛白金級蘊能黑鑽光璨精華水200ml,1370,,,,,0,1,9,0,2026-09-15 15:03:02,1276.74,,False,,0
p15738482,C047702,黛珂,DECORTE,COSME DECORTE黛珂AQ珍萃精顏綺甄面霜 45ml,9000,,,,,0,2,6,5,2024-08-07 14:21:19,8387.33,,False,,0
p15737819,C025189,植村秀,SHU UEMURA,shu uemura植村秀便攜套刷4支裝,500,,,,,0,8,72,0,2024-07-31 11:44:34,465.96,,False,,0
p15737142,C043386,祖瑪瓏,JO MALONE LONDON,JO MALONE祖·瑪瓏香水（英國梨與小蒼蘭香型）100ml,1315,,,,,0,1,18,0,2026-08-04 12:12:06,1225.48,,False,,0
p15738300,C054747,植村秀,SHU UEMURA,shu uemura植村秀腮紅柔霧 M 225 3g （替換芯）,210,,,,,0,3,27,0,2026-02-01 19:20:39,195.7,,False,,0
p15788481,C102350,馥蕾詩,FRESH,fresh 馥蕾詩玫瑰潤澤保濕舒緩面膜-100ML,348,580.0,348.0,232.0,,12,12,85,0,2026-09-15 00:00:00,324.31,,False,0.0,3
p15864126,C106789,雅詩蘭黛,ESTEE LAUDER,ESTEE LAUDER雅詩蘭黛專研水感防曬隔離露 50ML,680,,,,,0,3,15,0,2025-12-24 17:07:30,633.71,,False,,0
p15820481,C106468,理膚泉,LA ROCHE-POSAY,LA ROCHE-POSAY 理膚泉防曬 50ml,159,265.0,6.0,106.0,,11,11,45,0,2026-09-15 00:00:00,148.18,,False,0.0,3
p15871562,C115480,巴黎歐萊雅,L'OREAL PARIS,L'OREAL PARIS巴黎歐萊雅金致臻顏護膚套組,820,,,,,0,1,37,0,2026-03-30 15:18:06,764.18,,False,,0
p16087371,C123160,祖瑪瓏,JO MALONE LONDON,Jo Malone祖瑪瓏沐浴露（英國橡樹與榛子香型） 250ml（無盒）,405,,,,,0,1,2,0,2026-07-30 16:07:55,377.43,,False,,0
p15888659,C107679,茵芙莎,IPSA,IPSA茵芙莎自律舒緩美肌液1  175ml,282,,,,,0,4,18,0,2025-06-20 13:48:05,438.01,,False,,2
p15769871,C102111,科顏氏,KIEHL'S,Kiehl’s科顏氏紫玻A眼霜 28mL,449,730.0,6.2,281.0,,5,5,51,0,2026-09-15 00:00:00,418.43,,False,0.0,3
p15858580,C112100,喬治阿瑪尼,GIORGIO ARMANI,GIORGIO ARMANI阿瑪尼「大師」鎖光粉底液 幹皮保濕細膩服帖30ml,385,655.0,5.9,270.0,,11,11,96,0,2026-09-15 00:00:00,358.79,,False,0.0,3
p15865813,C111114,雅詩蘭黛,ESTEE LAUDER,Estee Lauder雅詩蘭黛智妍緊塑精華絲絨晚霜75ml,723,1205.0,723.0,482.0,,15,15,62,5,2026-09-18 00:00:00,673.78,,False,0.0,3
p15742967,C042320,理膚泉,LA ROCHE-POSAY,LA ROCHE POSAY理膚泉清痘淨膚細緻精華乳 K+40ml,163,265.0,163.0,102.0,,3,3,27,0,2026-09-18 00:00:00,151.9,,False,0.0,3
p15866235,C113739,魅可,MAC,MAC魅可煥采元氣腮紅泥,166,265.0,166.0,99.0,,5,5,12,0,2026-09-18 00:00:00,154.7,,False,0.0,3
p15900688,C119867,卡詩,KERASTASE,KERASTASE卡詩釉光玫瑰護髪油45ml,182,280.0,182.0,98.0,,16,16,100+,0,2026-09-18 00:00:00,169.61,,False,0.0,3
p15871372,C115258,祖瑪瓏,JO MALONE LONDON,JO MALONE LONDON祖瑪瓏香水馥鬱系列（無垢木與雪松香型）,1175,1175.0,5.6,513.0,,1,1,8,0,2026-09-15 00:00:00,616.94,,False,0.0,0
p15871115,C113738,魅可,MAC,MAC 魅可煥采元氣腮紅泥,265,,,,,0,1,20,0,2026-08-31 17:16:46,246.96,,False,,0
p15743116,C021806,科顏氏,KIEHL'S,Kiehl's 科顏氏高保濕精華爽膚水 250ml,275,,,,,0,14,100+,0,2025-12-25 10:33:51,256.28,,False,,0
p15736780,C031675,魅可,MAC,MAC魅可柔彩礦質腮紅 3.2g,265,,,,,0,2,29,0,2025-09-22 15:16:05,246.96,,False,,0
p15872385,C113939,博柏利,BURBERRY,BURBERRY博柏利卓越持妝遮瑕液8ml,149,,,,,0,3,9,0,2026-09-15 15:02:38,293.56,,False,,2
p15948802,C121837,祖瑪瓏,JO MALONE LONDON,Jo Malone祖瑪瓏護手霜30ml（英國梨與香豌豆香型）（無包裝盒）,200,,,,,0,1,6,0,2026-09-15 15:03:25,186.39,,False,,0
p15912563,C118921,理膚泉,LA ROCHE-POSAY,LA ROCHE-POSAY理膚泉清痘多重調理精華乳-40ML,245,,,,,0,6,16,0,2025-10-11 14:10:20,228.32,,False,,0
p15866262,C114258,魅可,MAC,MAC魅可唇膏3.14gm,180,,,,,0,4,11,0,2026-01-26 14:23:17,167.75,,False,,0
p16095828,F111915,家得路,CATALO,Catalo家得路特強男士前列腺配方60粒(保質期至：2029.1.1),342,568.0,342.0,226.0,,42,42,4,0,2026-09-18 00:00:00,318.72,,False,0.0,3
p15739607,C057260,喬治阿瑪尼,GIORGIO ARMANI,GIORGIO ARMANI 阿瑪尼臻致絲絨啞光唇釉 214 6.5ml【有效期至：2027年4月】,212,380.0,5.6,168.0,,14,14,19,0,2026-09-15 00:00:00,197.57,,False,0.0,3
p15827503,C107501,植村秀,SHU UEMURA,shu uemura植村秀無色限絹感柔霧唇膏3.3g,189,315.0,6.0,126.0,,4,4,20,0,2026-09-15 00:00:00,176.13,,False,0.0,3
p15845679,C110605,湯姆福特,TOM FORD,TOM FORD湯姆福特琉璃煥彩唇膏 3.3g,294,490.0,294.0,196.0,,3,3,19,0,2026-09-18 00:00:00,273.99,,False,0.0,3
p15832457,C108804,資生堂,SHISEIDO,SHISEIDO資生堂紅色蜜露精華化妝液兩只裝145ml*2,858,1430.0,858.0,572.0,,34,34,100+,0,2026-09-15 00:00:00,799.59,,False,0.0,3
p15845680,C105057,雅詩蘭黛,ESTEE LAUDER,Estee Lauder極緻鑽亮修護粉底霜30ml,1125,,,,,0,1,32,0,2026-09-15 15:02:14,1048.42,,False,,0
p15737802,C032213,魅可,MAC,MAC魅可啞光唇膏/口紅 3g,185,,,,,0,4,9,0,2026-08-31 17:16:44,172.41,,False,,0
p15872023,C114479,湯姆福特,TOM FORD,TOM FORD湯姆福特幻魅眼線膠筆,360,,,,,0,3,19,0,2026-08-31 17:16:55,335.49,,False,,0
p15868118,C114276,蘭蔻,LANCOME,LANCOME蘭蔻新空氣輕墊菁純粉底液,448,750.0,448.0,302.0,,3,3,15,0,2026-09-18 00:00:00,417.5,,False,0.0,3
p15890621,C117795,喬治阿瑪尼,GIORGIO ARMANI,Giorgio Armani 喬治阿瑪尼權力持久絲絨啞光粉底液 4.5 30ml,625,,,,,0,1,7,0,2025-05-21 16:48:42,582.45,,False,,0
p15792847,C049367,魅可,MAC,MAC魅可焦點小眼影 1.5g（僅替換芯）,110,,,,,0,2,7,0,2025-09-22 15:16:05,102.51,,False,,0
p15848007,C111457,蘭蔻,LANCOME,LANCOME蘭蔻黑金臻寵潤養眼霜-15ML,1893,3155.0,6.0,1262.0,,2,2,11,0,2026-09-15 00:00:00,1764.14,,False,0.0,3
p15880150,C035234,聖羅蘭,YSL,YSL聖羅蘭 MON PARIS 濃香水 50ML,708,1165.0,6.1,457.0,,5,5,7,0,2026-09-15 00:00:00,659.8,,False,0.0,3
p15741818,C049496,芭比布朗,BOBBI BROWN,BOBBI BROWN芭比波朗炙戀精油唇蜜#4裸色粉紅6 ml,134,245.0,5.5,111.0,,1,1,13,0,2026-09-15 00:00:00,124.88,,False,0.0,3
p15871386,C113735,芭比布朗,BOBBI BROWN,BOBBI BROWN芭比波朗純色奢金啞光唇霜6ml,217,360.0,6.0,143.0,,1,1,19,0,2026-09-15 00:00:00,202.23,,False,0.0,3
p15882354,C115099,魅可,MAC,MAC魅可新經典緞光唇膏832-奶油粉紅 CRÈME CUP,190,,,,,0,1,1,0,2026-08-31 17:16:46,177.07,,False,,0
p15738025,C056364,古馳,Gucci,GUCCI  古馳罪愛 Intense 女士濃香水 90mL,1027,,,,,0,1,5,0,2026-08-31 17:16:51,1472.44,,False,,2
p15947290,C121821,魅可,MAC,MAC魅可新絲緞柔霧液體唇膏973 5ml,215,,,,,0,1,2,0,2026-09-15 15:03:12,200.36,,False,,0
p15915985,C116293,魅可,MAC,MAC魅可晶瑩沁透氣墊粉底液 NC15,380,,,,,0,2,2,0,2026-01-29 16:41:43,354.13,,False,,0
p16095819,C119211,植村秀,SHU UEMURA,shu uemura植村秀大師立體眼影盤 雪月盤,495,,,,,0,1,1,0,2026-07-06 12:11:30,461.3,,False,,0
p15737864,C056281,博柏利,BURBERRY,BURBERRY博柏利花與她果漾淡香水 50ml/100ml,744,,,,,0,2,7,0,2024-07-31 11:44:13,801.46,,False,,2
p15890628,C118108,植村秀,SHU UEMURA,shu uemura 植村秀羽紗輕盈持妝粉底液774 35ml,485,,,,,0,2,7,0,2026-09-15 15:02:48,451.98,,False,,0
p15793254,C101628,嬌韻詩,CLARINS,CLARINS嬌韻詩緊塑輕盈護理油 100ml,384,,,,,0,16,77,5,2024-07-31 11:45:23,549.84,,False,,2
p15916355,C116302,魅可,MAC,MAC魅可晶瑩沁透氣墊粉底液 NC11.5,380,,,,,0,1,2,0,2026-01-29 16:42:40,354.13,,False,,0
p15941392,C119421,古馳,Gucci,Gucci古馳傾色絲潤唇膏132,254,,,,,0,1,4,0,2026-06-09 11:31:16,363.45,,False,,2
p15946979,C121611,湯姆福特,TOM FORD,TOM FORD湯姆福特絲絨柔霧唇膏112,395,,,,,0,2,2,0,2026-02-05 17:00:47,368.11,,False,,0
p15833277,C109863,蔻依,Chloe,Chloe蔻依璀璨女士香水,1130,,,,,0,3,13,0,2026-09-15 15:42:35,1053.08,,False,,0
p15737162,C055461,肌膚之鑰,CLE DE PEAU BEAUTE,CPB 肌膚之鑰琉金光緞唇膏 16 #  Erysimum 4g,408,480.0,8.5,72.0,,2,2,7,0,2026-09-15 00:00:00,380.23,,False,312.0,2
p15952576,E10356172,雷朋,RAY-BAN,RAY BAN雷朋太陽鏡 0RB2193902/3151,1730,,,,,0,1,4,0,2026-04-24 14:43:19,1612.23,,False,,0
p15740940,C051642,古馳,Gucci,GUCCI 古馳花悅夢意女士濃香水,461,,,,,0,2,5,5,2025-12-24 17:07:31,969.2,,False,,2
p15740333,C030052,祖瑪瓏,JO MALONE LONDON,JO MALONE祖·瑪瓏英國梨與小蒼蘭香水30毫升,640,,,,,0,1,6,0,2026-08-04 12:14:54,596.43,,False,,0
p15823795,C106760,欧舒丹,L'OCCITANE,L'OCCITANE歐舒丹蠟菊活顏潔面泡沫-125ML,216,,,,,0,3,38,0,2024-08-07 14:21:28,335.49,,False,,2
p15919474,C119435,莫傑,MARC JACOBS,Marc Jacobs莫傑雛菊香水村上隆聯名款（粉色）50ml,570,950.0,570.0,380.0,,15,15,27,0,2026-09-18 00:00:00,531.2,,False,0.0,3
p15914174,C118639,歐舒丹,L'OCCITANE,L’occitane歐舒丹草本香菁純平衡洗護套裝250ml+300ml,276,,,,,0,11,8,0,2026-09-15 15:02:59,428.69,,False,,2
p15742143,C053783,植村秀,SHU UEMURA,shu uemura植村秀如膠似漆眼線筆 墨黑0.08g【有效期至：2027年5月】,145,260.0,5.6,115.0,,13,13,66,0,2026-09-15 00:00:00,135.13,,False,0.0,3
p15947307,C121777,魅可,MAC,MAC魅可新絲緞柔霧唇膏930,200,,,,,0,1,3,0,2026-02-05 17:00:41,186.39,,False,,0
p15895887,C118890,聖羅蘭,YSL,YSL聖羅蘭敢愛光耀豐盈唇蜜-5 6ml,380,,,,,0,7,13,0,2026-09-15 15:02:40,354.13,,False,,0
p15845714,C108894,芭比布朗,BOBBI BROWN,BOBBI BROWN芭比波朗密集奢采精華粉底霜 30ml,770,,,,,0,2,30,0,2026-08-31 17:16:41,717.58,,False,,0
p15915329,C119055,蘭芝,LANEIGE,Laneige蘭芝晶凍炫色精華唇蜜-糖糖釉光味,140,,,,,0,3,2,0,2026-05-20 15:45:39,130.47,,False,,0
p16067719,C123222,植村秀,SHU UEMURA,shu uemura植村秀羽紗柔光輕霧粉餅 紫色,550,,,,,0,1,7,0,2026-04-13 17:15:01,512.56,,False,,0
p15887526,C114474,湯姆福特,TOM FORD,Tom Ford汤姆福特新烈焰幻魅唇膏-11  STUNNER 3.5g,294,490.0,294.0,196.0,,3,3,3,0,2026-09-18 00:00:00,273.99,,False,0.0,3
p16116457,C057457,奧碧虹,ALBION,ALBION雅思臻鉑恒亮再生豐盈保濕滲透乳200g,644,,,,,0,1,1,0,2026-08-11 16:54:18,922.61,,False,,2
p15828770,C106560,紀梵希,Givenchy,GIVENCHY紀梵希高定香榭甜潤唇蜜6ml,330,,,,,0,2,40,0,2026-05-22 15:50:31,307.54,,False,,0
p16116458,C123106,湯姆福特,TOM FORD,TOM FORD湯姆福特香水（絕漾熾橙香型）30ml,1520,,,,,0,1,1,0,2026-09-15 15:03:46,1416.53,,False,,0
p15884704,C117762,湯姆福特,TOM FORD,TOM FORD琉璃煥彩唇膏 40 ROSE BEAM 3.3g,490,,,,,0,1,9,0,2025-04-25 15:30:10,456.64,,False,,0
p15825384,C107069,伊麗莎白·雅頓,ELIZABETH ARDEN,Elizabeth伊麗莎白雅頓白茶淡香水 EDT,161,354.0,4.5,193.0,,2,2,4,0,2026-09-15 00:00:00,150.04,,False,0.0,3
p15882037,C117204,奧碧虹,ALBION,ALBION 3D膠原緊緻滲透乳200ml,377,,,,,0,1,15,0,2025-05-29 10:17:22,540.52,,False,,2
p15870916,C115152,芭比布朗,BOBBI BROWN,BOBBI BROWN芭比波朗栗棕裸色眼影盤,321,535.0,321.0,214.0,,3,3,19,0,2026-09-18 00:00:00,299.15,,False,0.0,3
p15941380,F119394,月兔牌,月兔牌,月兔牌-蘆薈口腔噴劑 25ml,80,,,,,0,1,14,0,2025-12-30 10:05:18,74.55,,False,,0
p15895884,C115938,聖羅蘭,YSL,YSL聖羅蘭先鋒高定腮紅42,480,,,,,0,2,23,0,2026-05-08 10:57:41,447.32,,False,,0
p15819490,C105478,祖瑪瓏,JO MALONE LONDON,JO MALONE LONDON 祖瑪瓏古龍水-黑琥珀與薑百合-100ML,1685,,,,,0,1,14,0,2026-08-04 09:37:38,1570.3,,False,,0
p15916359,C120289,雅詩蘭黛,ESTEE LAUDER,Estee Lauder雅詩蘭黛智妍緊塑精華日夜面霜套裝75ml*2,2065,,,,,0,1,4,0,2026-09-15 15:03:12,1924.43,,False,,0
p15919614,C119432,莫傑,MARC JACOBS,Marc Jacobs莫傑雛菊香水村上隆聯名款（綠色）50ml,570,950.0,570.0,380.0,,14,14,16,0,2026-09-18 00:00:00,531.2,,False,0.0,3
p16070192,C119437,古馳,Gucci,Gucci古馳水漾唇蜜130 Elsa Hazel 6.5ml,228,,,,,0,1,3,0,2026-09-15 15:03:45,326.17,,False,,2
p16095823,C125670,植村秀,SHU UEMURA,shu uemura植村秀經典眉筆 栗棕,184,230.0,8.0,46.0,,1,1,1,0,2026-09-15 00:00:00,171.47,,False,0.0,3
p15845553,C105817,魅可,MAC,MAC魅可啞光鎖色唇釉4ml,255,,,,,0,2,11,0,2025-11-26 10:28:15,237.64,,False,,0
p15829468,C108532,黛珂,DECORTE,COSME DECORTE黛珂AQ煥妍防禦日霜 50g,1250,,,,,0,3,9,5,2024-10-23 12:28:16,1164.91,,False,,0
p15947303,C121892,芭比布朗,BOBBI BROWN,Bobbi Brown芭比波朗晶鑽保濕修護唇膏14,350,,,,,0,1,2,0,2026-02-05 17:00:40,326.17,,False,,0
p16070203,C119438,古馳,Gucci,Gucci古馳水漾唇蜜217 Valeria Rose 6.5ml,228,,,,,0,1,3,0,2026-09-15 15:03:49,326.17,,False,,2
p15743039,C053725,雪肌精,SEKKISEI,SEKKISEI雪肌精逸透輕潤美容油 45ml,156,260.0,156.0,104.0,,6,6,21,0,2026-09-15 00:00:00,145.38,,False,0.0,3
p15864128,C110789,雅詩蘭黛,ESTEE LAUDER,ESTEE LAUDER雅詩蘭黛白金級蘊能黑鑽光璨面霜50ML,1752,2920.0,1752.0,1168.0,,8,8,28,5,2026-09-15 00:00:00,1632.73,,False,0.0,3
p15952265,C118823,湯姆福特,TOM FORD,TOM FORD湯姆福特奢光柔潤粉底液1-5C 30ml,705,,,,,0,2,2,0,2026-09-15 15:03:27,657.01,,False,,0
p16072093,C107995,黛珂,DECORTE,DECORTE黛珂牛油果植萃乳液(300毫升2支裝),573,954.0,573.0,381.0,,12,12,1,0,2026-09-15 00:00:00,533.99,,False,0.0,3
p15864117,C111914,湯姆福特,TOM FORD,TOM FORD湯姆福特湯姆福特傾世芳華香水 50ML,3185,,,,,0,2,4,0,2026-08-31 17:16:48,2968.18,,False,,0
p16071736,C123321,馥蕾詩,FRESH,FRESH馥蕾詩紅茶酵母酵萃防護乳 50ml,306,,,,,0,3,2,0,2026-04-24 10:10:34,438.01,,False,,2
p15792881,C102043,伊麗莎白·雅頓,ELIZABETH ARDEN,Elizabeth Arden伊麗莎白雅頓綠茶荔枝香水 100ml,163,362.0,4.5,199.0,,3,3,4,0,2026-09-15 00:00:00,151.9,,False,0.0,3
p15849735,C111762,蘭蔻,LANCOME,LANCOME蘭蔻淨澈煥膚雙重精華水 250ML,724,1190.0,6.1,466.0,,16,16,76,0,2026-09-15 00:00:00,674.71,,False,0.0,3
p15875167,C116377,雪花秀,SULWHASOO,SULWHASOO雪花秀禦時緊顏參養精華50ml,1480,,,,,0,4,2,0,2026-09-08 16:18:16,1379.25,,False,,0
p15742169,C020160,雅詩蘭黛,ESTEE LAUDER,ESTEE LAUDER  雅詩蘭黛 Perfectly Clean 淨瑩柔膚潔面乳 150ml,261,435.0,261.0,174.0,,8,8,92,0,2026-09-18 00:00:00,243.23,,False,0.0,3
p15943014,C121144,聖羅蘭,YSL,YSL聖羅蘭全新細管口紅 1988,390,,,,,0,1,3,0,2026-03-10 16:04:08,363.45,,False,,0
p15947325,C121785,魅可,MAC,MAC魅可新絲緞柔霧唇膏301,200,,,,,0,1,1,0,2026-02-05 17:00:46,186.39,,False,,0
p15843591,C111047,古馳,Gucci,GUCCI古馳唇蜜 6ml,228,,,,,0,3,22,0,2026-01-26 14:23:13,326.17,,False,,2
p15830846,C107916,湯姆福特,TOM FORD,TOM FORD湯姆福特濃香水(啡縈珍瑰香型) 100ml,1052,1835.0,5.7,783.0,,1,1,4,0,2026-09-15 00:00:00,980.39,,False,0.0,3
p15839221,C110041,聖羅蘭,YSL,YSL聖羅蘭純口紅3.8g,224,380.0,7.3,156.0,,5,5,57,0,2026-09-15 00:00:00,208.75,,False,0.0,3
p15900693,C119415,古馳,Gucci,Gucci古馳柔焦凝光粉餅03號色,338,,,,,0,1,1,0,2025-08-27 14:47:48,605.75,,False,,2
p15743652,C055456,肌膚之鑰,CLE DE PEAU BEAUTE,CPB 肌膚之鑰琉金柔霧唇膏 120 號4g,408,480.0,8.5,72.0,,2,2,3,0,2026-09-15 00:00:00,380.23,,False,312.0,2
p15952298,E10356170,雷朋,RAY-BAN,RAY BAN雷朋太陽鏡 0RB2230F1420GK51,1840,,,,,0,1,1,0,2026-05-09 11:58:42,1714.74,,False,,0
p15765553,C101394,馥蕾詩,FRESH,fresh馥蕾詩大豆精萃卸妝潔面凝露 250ml,276,460.0,276.0,184.0,,31,31,100+,0,2026-09-18 00:00:00,257.21,,False,0.0,3
p15743292,C055964,博柏利,BURBERRY,BURBERRY  博伯利駿勇之心男士淡香水 50ml/100ml,420,,,,,0,3,14,0,2025-08-28 11:35:47,652.35,,False,,2
p15948814,C121740,魅可,MAC,MAC魅可定制無瑕遮瑕乳-NC25 7ml,280,,,,,0,1,1,0,2026-09-15 15:03:21,260.94,,False,,0
p15846499,C111456,聖羅蘭,YSL,YSL聖羅蘭瑩亮純魅唇膏13  3.2g,380,,,,,0,8,25,0,2025-06-16 17:23:45,354.13,,False,,0
p15891088,C119090,聖羅蘭,YSL,YSL 聖羅蘭黑管啞光唇釉-237 5.5ml,390,,,,,0,1,3,0,2026-09-15 15:02:38,363.45,,False,,0
p15941379,F119392,義大利威斯汀,義大利威斯汀,義大利威斯汀-灰甲易軟膏 25g,78,,,,,0,14,25,0,2026-05-12 14:02:34,72.69,,False,,0
p15830429,C106398,悦木之源,ORIGINS,ORIGINS悅木之源暢飲水潤補水保濕面膜 75ml,235,,,,,0,20,200+,0,2024-07-31 11:57:35,219.0,,False,,0
p15742735,C043385,祖瑪瓏,JO MALONE LONDON,JO MALONE祖·瑪瓏香水(藍風鈴香型)30ML,348,630.0,5.5,282.0,,1,1,36,30,2026-09-15 00:00:00,324.31,,False,0.0,3
p15887524,C114480,湯姆福特,TOM FORD,Tom Ford汤姆福特新烈焰幻魅唇膏-80 IMPASSIONED 3.5g,490,,,,,0,2,2,0,2025-10-11 17:26:44,456.64,,False,,0
p15876402,C115933,聖羅蘭,YSL,YSL聖羅蘭新明彩柔霧輕墊粉底液#20(替換芯）,262,425.0,262.0,163.0,,12,12,59,0,2026-09-18 00:00:00,244.16,,False,0.0,3
p15830813,C108654,聖羅蘭,YSL,YSL聖羅蘭自由至上香髮噴霧 30ml,485,,,,,0,1,69,0,2025-02-20 12:53:42,451.98,,False,,0
p15865827,C112540,嬌韻詩,CLARINS,CLARINS嬌韻詩保濕卸妝水 200ML,182,,,,,0,1,9,0,2026-08-11 10:22:59,260.94,,False,,2
p15947509,C121805,魅可,MAC,MAC魅可新絲緞柔霧唇膏909,200,,,,,0,1,2,0,2026-02-05 17:00:44,186.39,,False,,0
p15831437,C108136,蘭芝,LANEIGE,LANEIGE 蘭芝雪紗絲柔防曬隔離乳 No.40 30ml,285,,,,,0,3,50,0,2024-07-31 11:57:11,265.6,,False,,0
p15873234,C111744,嬌蘭,GUERLAIN,GUERLAIN法國嬌蘭幻彩流星彩妝刷,490,,,,,0,1,4,0,2024-10-31 10:06:09,456.64,,False,,0
p15896495,C117535,倩碧,CLINIQUE,Clinique倩碧卓效祛痘凝膠20ml,156,295.0,5.3,139.0,,2,2,3,0,2026-09-15 00:00:00,145.38,,False,0.0,3
p15736616,C044525,黛珂,DECORTE,COSME DECORTE黛珂植物欣韻彈潤乳液 200ML,340,,,,,0,1,53,200,2024-08-07 14:21:17,316.85,,False,,0
p15735486,C040997,汤姆福特,TOM FORD,TOM FORD光影皮革香水 3.4OZ /100ml,1835,,,,,0,1,11,0,2024-07-31 11:08:45,1710.08,,False,,0
p15883661,C117792,喬治阿瑪尼,GIORGIO ARMANI,Giorgio Armani阿瑪尼權力持久絲絨啞光粉底液U00A03 30ml,625,,,,,0,3,19,0,2026-09-15 15:02:32,582.45,,False,,0
p15846930,C111032,莫傑,MARC JACOBS,MARC JACOBS莫傑野生雛菊淡香精,905,,,,,0,2,11,0,2026-09-15 15:42:36,843.39,,False,,0
p15947304,C121668,芭比布朗,BOBBI BROWN,Bobbi Brown芭比波朗至盈呵護潤唇膏202號,350,,,,,0,1,3,0,2026-02-05 17:00:40,326.17,,False,,0
p15872169,C113727,伊麗莎白·雅頓,ELIZABETH ARDEN,ELIZABETH ARDEN伊麗莎白·雅頓時空煥活淡紋緊致膠囊精華液42ML,980,,,,,0,1,27,0,2024-10-25 15:18:07,913.29,,False,,0
p15875971,C115028,嬌韻詩,CLARINS,CLARINS嬌韻詩舒潤保濕泡沫潔面乳125ml,182,,,,,0,6,22,0,2026-09-15 15:02:31,260.94,,False,,2
p15949073,C121856,雅詩蘭黛,ESTEE LAUDER,Estee Lauder雅詩蘭黛輕透持妝粉底液1N2 30ml,460,,,,,0,1,1,0,2026-09-15 15:03:34,428.69,,False,,0
p15952300,E158960,雷朋,RAY-BAN,RAY BAN雷朋太陽鏡0RB336200159,1730,,,,,0,1,3,0,2026-04-02 14:04:42,1612.23,,False,,0
p15883307,C115775,蔻依,Chloe,Chloé蔻依仙境花園系列香氛北國雪松女士香水-150毫升,1469,,,,,0,6,18,0,2025-03-05 17:50:13,2106.15,,False,,2
p15824023,C103133,雪肌精,SEKKISEI,SEKKISEI雪肌精逸透完美套裝200ml+140ml,196,480.0,4.1,284.0,,3,3,9,0,2026-09-15 00:00:00,182.66,,False,0.0,3
p15868251,C112548,嬌韻詩,CLARINS,CLARINS嬌韻詩沁潤奇肌保濕唇膏 15ML,156,,,,,0,3,20,0,2026-08-11 10:19:53,223.66,,False,,2
p15794735,C103296,蘭蔻,LANCOME,LANCOME蘭蔻塑顏三重精華 50ml【有效期至：2027年6月】,722,1285.0,5.6,563.0,,9,9,41,0,2026-09-15 00:00:00,672.85,,False,0.0,3
p15916489,C120144,科顏氏,KIEHL'S,Kiehl’s科顏氏亞馬遜白泥清潔面膜125ml,340,,,,,0,3,26,0,2026-09-15 15:03:13,316.85,,False,,0
p15743177,C053175,倩碧,CLINIQUE,CLINIQUE倩碧100 小時自我修護水嫩補濕啫喱 大容量 雙支裝2 x 200ml,1705,,,,,0,5,28,0,2024-09-29 15:36:44,1588.93,,False,,0
p15828386,C106028,古馳,Gucci,GUCCI古馳絲緞唇膏3.5g,234,,,,,0,3,9,0,2025-07-24 10:21:37,363.45,,False,,2
p15903368,C118798,雅詩蘭黛,ESTEE LAUDER,Estee Lauder雅詩蘭黛輕透持妝啞光粉餅-2W1,460,,,,,0,2,2,0,2026-01-22 15:49:27,428.69,,False,,0
p15916320,F120420,家得路,CATALO,Catalo特強苦瓜精華 60粒(有效期至：2028.2.1),328,,,,,0,4,39,0,2025-11-07 14:30:37,305.67,,False,,0
p15836054,C105606,資生堂,SHISEIDO,SHISEIDO資生堂鮮潤賦活日霜 50ml,348,580.0,348.0,232.0,,14,14,100+,5,2026-09-18 00:00:00,324.31,,False,0.0,3
p15737940,C015159,莫傑,MARC JACOBS,MARC JACOBS莫傑雛菊花語女用淡香水75ML,850,,,,,0,3,10,0,2024-09-20 10:21:24,792.14,,False,,0
p15735842,C040296,祖玛珑,JO MALONE LONDON,JO MALONE祖·瑪瓏滿室幽香香薰(英國梨與小蒼蘭),770,,,,,0,2,93,0,2024-07-31 11:08:39,717.58,,False,,0
p15917614,C120123,聖羅蘭,YSL,YSL聖羅蘭全新細管口紅 28,390,,,,,0,1,2,0,2025-11-14 11:50:46,363.45,,False,,0
p15736637,C044527,黛珂,DECORTE,COSME DECORTE黛珂植物欣韻沁瑩化妝水  200ml,204,340.0,204.0,136.0,,14,14,35,200,2026-09-18 00:00:00,190.11,,False,0.0,3
p15896540,C114493,湯姆福特,TOM FORD,Tom Ford湯姆福特新烈焰幻魅唇膏-17,490,,,,,0,1,3,0,2026-08-31 17:16:46,456.64,,False,,0
p15741325,C026536,聖羅蘭,YSL,YSL聖羅蘭妍活青春粉底液 B20 30ML,388,650.0,6.0,262.0,,14,14,95,0,2026-09-15 00:00:00,361.59,,False,0.0,3
p15764880,C101072,蘭芝,LANEIGE,LANEIGE蘭芝水酷透明質酸嘭潤潔顏膏 150g,200,,,,,0,5,25,0,2024-07-31 11:45:02,186.39,,False,,0
p15948828,C121741,魅可,MAC,MAC魅可定制無瑕遮瑕乳-NW20 7ml,280,,,,,0,1,1,0,2026-09-15 15:03:26,260.94,,False,,0
p16078798,C120966,歐舒丹,L'OCCITANE,L’occitane歐舒丹甜扁桃味體驗套裝75ml+75ml+250ml,396,,,,,0,7,2,0,2026-09-15 15:03:51,615.07,,False,,2
p15947701,C121430,嬌蘭,GUERLAIN,Guerlain嬌蘭帝皇蜂姿旅遊零售獨家套組50ml*3+150ml+15ml,4925,,,,,0,1,1,0,2026-09-15 15:03:25,4589.74,,False,,0
p16116450,C123117,湯姆福特,TOM FORD,TOM FORD湯姆福特璀璨流光唇頰霜06 6ml,395,,,,,0,1,1,0,2026-09-15 15:03:49,368.11,,False,,0
p15948826,C121639,雅詩蘭黛,ESTEE LAUDER,Estee Lauder雅詩蘭黛輕透持妝粉底液0N1 30ml,460,,,,,0,1,7,0,2026-09-15 15:03:38,428.69,,False,,0
p15742055,C040924,雪肌精,SEKKISEI,SEKKISEI雪肌精瀅潤眼霜20g,175,350.0,175.0,175.0,,8,8,4,0,2026-09-18 00:00:00,163.09,,False,0.0,3
p15941560,C119476,博柏利,BURBERRY,Burberry博柏利英倫小姐水霧液體唇膏筆656 3ml,208,,,,,0,1,4,0,2026-09-15 15:03:16,298.22,,False,,2
p15952584,E10370634,奧克利,OAKLEY,OAKLEY奧克利太陽鏡0OO924592456554,690,1640.0,690.0,950.0,,3,3,1,0,2026-09-18 00:00:00,643.03,,False,0.0,3
p15883649,C115857,資生堂,SHISEIDO,Shiseido資生堂-資生堂紅妍肌活精華露-IV 100ML,1390,,,,,0,1,49,0,2025-03-25 14:20:06,1295.38,,False,,0
p15865495,C110883,歐舒丹,L'OCCITANE,L'OCCITANE歐舒丹乳木果綿潤護足霜-幹性足部肌膚適用-150ML,150,,,,,0,3,82,0,2025-02-20 12:53:35,232.98,,False,,2
p15876310,C115079,魅可,MAC,MAC魅可修容盤深色系【有效期至：2027年1月31日】,105,350.0,3.0,245.0,,4,4,4,0,2026-09-15 00:00:00,97.85,,False,0.0,3
p15829571,C107736,喬治阿瑪尼,GIORGIO ARMANI,GIORGIO ARMANI阿瑪尼長效遮瑕粉底液12ml,360,,,,,0,1,22,0,2025-09-22 15:16:05,335.49,,False,,0
p15826124,C107286,科顏氏,KIEHL'S,Kiehl's科顏氏柔潤防曬隔離乳-60ML-SPF50【有效期至：2027年4月】,320,575.0,5.6,255.0,,21,21,50,0,2026-09-15 00:00:00,298.22,,False,0.0,3
p15844006,C111019,聖羅蘭,YSL,YSL聖羅蘭自由至上女士香水套裝90ml+10ml,1655,,,,,0,1,22,0,2026-09-15 15:02:24,1542.34,,False,,0
p15890634,C119084,喬治阿瑪尼,GIORGIO ARMANI,Giorgio Armani 喬治阿瑪尼液體眼影-69S 3.9ml,208,330.0,6.3,122.0,,1,1,1,0,2026-09-15 00:00:00,193.84,,False,0.0,3
p15914966,C119054,蘭芝,LANEIGE,Laneige蘭芝晶凍炫色精華唇蜜-莓莓果醬味,140,,,,,0,2,4,0,2026-05-20 15:45:39,130.47,,False,,0
p15846148,C057460,奧碧虹,ALBION,ALBION雅思臻鉑恒亮啟動細胞面霜 30g,1073,,,,,0,1,6,5,2025-09-22 15:16:05,1537.68,,False,,2
p15742580,C055088,雪肌精,SEKKISEI,SEKKISEI雪肌精化妝水（經典型） 360ml,435,,,,,0,1,14,0,2024-08-13 16:39:44,405.39,,False,,0
p15870449,C111987,雪花秀,SULWHASOO,SULWHASOO雪花秀菁典臻秀精華露50ML,2680,,,,,0,1,12,0,2025-01-21 17:22:56,2497.56,,False,,0
p15743810,C055459,肌膚之鑰,CLE DE PEAU BEAUTE,CPB 肌膚之鑰琉金漾采唇膏 216號4g,408,480.0,8.5,72.0,,1,1,5,0,2026-09-15 00:00:00,380.23,,False,312.0,2
p15808550,C102722,祖瑪瓏,JO MALONE LONDON,JO MALONE LONDON 祖瑪瓏香水套裝9ml*5,975,,,,,0,1,30,0,2026-09-09 09:52:39,908.63,,False,,0
p15884156,C114201,資生堂,SHISEIDO,Shiseido資生堂-悅薇智感緊顏亮膚水150ml,720,,,,,0,7,82,0,2026-09-15 15:02:33,670.99,,False,,0
p15742688,C053374,喬治阿瑪尼,GIORGIO ARMANI,GIORGIO ARMANI  阿瑪尼自我無界濃香水 50ml,1155,,,,,0,2,24,30,2024-08-13 16:39:42,1076.37,,False,,0
p15792875,C101248,雅诗兰黛,ESTEE LAUDER,ESTEE LAUDER雅詩蘭黛持妝雲煙蜜粉 透明啞光 9g,500,,,,,0,1,30,0,2024-07-31 11:46:50,465.96,,False,,0
p15866469,C113550,嬌蘭,GUERLAIN,Guerlain嬌蘭臻彩寶石唇膏殼（鎏金貝紋）,300,,,,,0,1,7,0,2025-01-21 11:50:42,279.58,,False,,0
p15869993,C112101,蘭芝,LANEIGE,LANEIGE蘭芝新顏無瑕氣墊霜 15G*2,350,,,,,0,1,22,0,2025-01-21 17:23:05,326.17,,False,,0
p15736592,C049318,魅可,MAC,MAC魅可雙色專業彩妝盤,60,,,,,0,1,9,0,2024-09-29 15:36:22,55.92,,False,,0
p15952575,E10356161,博柏利,BURBERRY,BURBERRY博柏利太陽鏡 0BE4432U41158754,2730,,,,,0,1,1,0,2026-04-24 14:41:15,2544.16,,False,,0
p15764087,C101507,資生堂,SHISEIDO,SHISEIDO資生堂男士煥能緊致凝霜 50ml,399,665.0,399.0,266.0,,10,10,49,5,2026-09-15 00:00:00,371.84,,False,0.0,3
p15946986,C120932,歐舒丹,L'OCCITANE,L’occitane歐舒丹白茶戀櫻香潤膚乳250ml,174,,,,,0,8,1,0,2026-09-15 15:03:27,270.26,,False,,2
p15738140,C035369,碧歐泉,BIOTHERM,BIOTHERM 碧歐泉男士水動力清爽保濕凝露 200ml,290,,,,,0,3,28,0,2026-08-31 17:16:43,270.26,,False,,0
p15880349,C042340,碧歐泉,BIOTHERM,BIOTHERM 碧歐泉護膚精華面膜 6片【有效期至：2027年4月】,327,580.0,5.6,253.0,,6,6,8,0,2026-09-15 00:00:00,304.74,,False,0.0,3
p15737538,C030012,祖瑪瓏,JO MALONE LONDON,JO MALONE祖·瑪瓏潤膚乳霜(藍風鈴香型)175ml,725,,,,,0,1,19,0,2026-03-27 11:37:43,675.65,,False,,0
p15896479,C118213,湯姆福特,TOM FORD,Tom Ford湯姆福特璀璨流光唇頰多用棒-02,257,395.0,6.5,138.0,,1,1,1,0,2026-09-15 00:00:00,239.5,,False,0.0,3
p15903379,C118913,蘭蔻,LANCOME,Lancome蘭蔻菁純柔霧啞光唇釉-303 6ml,360,,,,,0,1,4,0,2026-09-15 15:02:56,335.49,,False,,0
p16086980,C123145,芭比布朗,BOBBI BROWN,Bobbi Brown芭比波朗羽柔輕透蜜粉餅 氧氣紫色10g,316,395.0,8.0,79.0,,1,1,1,0,2026-09-15 00:00:00,294.49,,False,0.0,3
p16087354,C123289,祖瑪瓏,JO MALONE LONDON,Jo Malone祖瑪瓏香水（紅甜菜根香型）30ml（無盒）,650,,,,,0,2,1,0,2026-07-30 16:20:21,605.75,,False,,0
p15890625,C119093,聖羅蘭,YSL,YSL 聖羅蘭黑管唇釉-442  5.5ml,234,390.0,234.0,156.0,,6,6,21,0,2026-09-18 00:00:00,218.07,,False,0.0,3
p15901195,C119434,蔻依,Chloe,Chloe蔻依女士濃香水50ML,512,1190.0,4.3,678.0,,2,2,2,0,2026-09-15 00:00:00,477.15,,False,0.0,3
p15872932,C115904,喬治阿瑪尼,GIORGIO ARMANI,GIORGIO ARMANI 阿瑪尼寄情男士香水（經典版）,650,,,,,0,4,21,0,2026-09-15 15:42:37,605.75,,False,,0
p16086749,C122909,歐舒丹,L'OCCITANE,L’occitane歐舒丹清新馬鞭草香潤膚乳 250ML,174,,,,,0,2,4,0,2026-06-03 10:25:33,270.26,,False,,2
p15901304,C117549,芭比布朗,BOBBI BROWN,Bobbi Brown芭比波朗至盈呵護水光固體唇蜜677號,350,,,,,0,2,5,0,2026-05-08 10:57:45,326.17,,False,,0
p15916495,C119885,喬治阿瑪尼,GIORGIO ARMANI,Giorgio Armani阿瑪尼黑鑰匙煥顏面霜 50ML,3300,,,,,0,2,4,0,2026-03-02 10:22:51,3075.36,,False,,0
p15943244,C119883,聖羅蘭,YSL,YSL聖羅蘭悅享青春修護煥活精萃乳75ml,860,,,,,0,1,5,0,2026-09-15 15:03:14,801.46,,False,,0
p16093776,C121734,魅可,MAC,MAC魅可無痕啞光鎖妝噴霧 100ML,199,265.0,7.5,66.0,,1,1,5,0,2026-09-15 00:00:00,185.45,,False,0.0,3
p15787228,C036490,倩碧,CLINIQUE,CLINIQUE倩碧清爽控油粉餅 STAY NEUTRAL 7.6g,295,,,,,0,1,3,0,2026-01-26 14:23:13,274.92,,False,,0
p16095268,C124765,奧碧虹,ALBION,ALBION五重植萃瑩澤精華油 40ml,328,,,,,0,8,6,0,2026-07-06 15:05:46,382.09,,False,,2
p15942493,C121493,植村秀,SHU UEMURA,SHU UEMURA植村秀舒顏煥亮潔顏油 150ML,270,360.0,7.5,90.0,,1,1,5,0,2026-09-15 00:00:00,251.62,,False,0.0,3
p15786784,C102475,嬌韻詩,CLARINS,CLARINS嬌韻詩花樣年華美頸霜 75ml,702,,,,,0,1,3,5,2024-07-31 11:48:26,1006.48,,False,,2
p15947318,C120935,歐舒丹,L'OCCITANE,L’occitane歐舒丹白茶戀櫻香沐浴啫喱250ml,117,,,,,0,3,7,0,2026-09-15 15:03:32,181.73,,False,,2
p15948821,C121623,雅詩蘭黛,ESTEE LAUDER,Estee Lauder雅詩蘭黛沁水盈潤養護唇膏705,340,,,,,0,1,2,0,2026-03-02 14:23:41,316.85,,False,,0
p15738629,C022247,希思黎,SISLEY PARIS,sisley希思黎溫和植物淨顏卸妝液 300ml,618,,,,,0,1,6,0,2024-07-31 11:19:52,931.93,,False,,2
p15921197,C117568,祖瑪瓏,JO MALONE LONDON,Jo Malone祖瑪瓏香氛蠟燭（柏木與葡萄藤香型）,705,,,,,0,1,2,0,2026-02-02 10:20:59,657.01,,False,,0
p15884703,C116333,湯姆福特,TOM FORD,TOM FORD赤裸玫瑰香水50ml,2400,,,,,0,1,6,0,2025-04-18 16:13:24,2236.62,,False,,0
p15735388,C027422,理膚泉,LA ROCHE-POSAY,LA ROCHE POSAY理膚泉特安潔面泡沫/洗面奶 125ml,240,,,,,0,2,32,0,2024-07-31 11:08:10,223.66,,False,,0
p15846571,C057407,奧碧虹,ALBION,ALBION雅思臻顏賦活再生面霜 30g,1073,,,,,0,1,6,5,2024-09-20 10:22:47,1537.68,,False,,2
p15828766,C106823,嬌韻詩,CLARINS,CLARINS嬌韻詩花樣年華身體緊致修形護理霜200ml,514,,,,,0,8,27,0,2024-07-31 11:54:49,736.22,,False,,2
p15871921,C031940,魅可,MAC,魅可焦點持久眼彩霜14PAINTERLY 5G,200,,,,,0,1,4,0,2026-06-24 10:54:11,186.39,,False,,0
p15742525,C030015,祖瑪瓏,JO MALONE LONDON,JO MALONE祖·瑪瓏英國梨與小蒼蘭潤膚乳液  C030015,545,,,,,0,1,52,0,2024-11-28 12:07:53,507.9,,False,,0
p16082388,C121015,嬌韻詩,CLARINS,Clarins嬌韻詩保濕化妝水 200ML,182,,,,,0,1,1,0,2026-05-18 16:57:48,260.94,,False,,2
p15742395,C032703,喬治阿瑪尼,GIORGIO ARMANI,GIORGIO ARMANI 阿瑪尼「傳奇紅管」臻致絲絨啞光唇釉405 6.5ml,380,,,,,0,2,18,0,2024-07-31 11:40:52,354.13,,False,,0
p15841598,F114540,同仁堂,TRT,【特賣品】同仁堂洋參樟芝膠囊48粒(保質期至2026.11.13),114,380.0,3.0,266.0,,8,8,100+,0,2026-09-15 00:00:00,106.24,,True,0.0,3
p16091954,C122945,伊麗莎白·雅頓,ELIZABETH ARDEN,Elizabeth Arden伊莉莎白雅頓時空煥活淡紋緊塑眼霜15ml,338,450.0,7.5,112.0,,2,2,2,0,2026-09-15 00:00:00,314.99,,False,0.0,3
p15825539,C105489,祖瑪瓏,JO MALONE LONDON,JO MALONE LONDON 祖瑪瓏古龍水-柏木與葡萄藤-50ML,1175,,,,,0,1,7,0,2024-08-13 16:39:48,1095.01,,False,,0
p15809685,C106015,雪肌精,SEKKISEI,SEKKISEI  雪肌精逸透純淨安潤化妝水 200ml,137,248.0,137.0,111.0,,6,6,10,0,2026-09-18 00:00:00,127.67,,False,0.0,3
p15737643,C041235,魅可,MAC,MAC魅可晶亮潤膚乳  50ml,380,,,,,0,1,6,0,2026-08-31 17:16:51,354.13,,False,,0
p15916265,C120916,歐舒丹,L'OCCITANE,L’occitane歐舒丹清新馬鞭草淡香氛100ml,348,,,,,0,1,5,0,2026-09-15 15:02:58,540.52,,False,,2
p15875160,C114032,蘭芝,LANEIGE,LANEIGE蘭芝水潤啫喱50ml,335,,,,,0,1,8,0,2024-12-04 10:14:36,312.2,,False,,0
p15846567,C108819,奧碧虹,ALBION,ALBION雅思臻鉑天狼星亮白精華液 40ml,806,,,,,0,1,19,0,2024-09-20 10:23:03,1155.59,,False,,2
p15741083,C015956,古馳,Gucci,GUCCI 古馳罪愛男士淡香水,475,,,,,0,5,12,0,2025-07-24 10:21:36,680.31,,False,,2
p15851486,C107628,祖玛珑,JO MALONE LONDON,JO MALONE祖瑪瓏沐浴露 鼠尾草與海鹽香型  500ml,595,,,,,0,1,58,0,2024-08-07 14:21:30,554.5,,False,,0
p15736778,C031727,魅可,MAC,MAC魅可#210細膩眼線刷1pcs,230,,,,,0,1,6,0,2024-12-24 15:49:08,214.34,,False,,0
p15735268,C045062,蘭蔻,LANCOME,LANCOME蘭蔻輕透修顏乳 BB1 50ml,470,785.0,6.0,315.0,,11,11,31,0,2026-09-15 00:00:00,438.01,,False,0.0,3
p15792972,C102049,資生堂,SHISEIDO,SHISEIDO 資生堂時光琉璃凝時修顏妝前乳 40ml,312,520.0,312.0,208.0,,3,3,52,0,2026-09-18 00:00:00,290.76,,False,0.0,3
p15820710,C105644,嬌韻詩,CLARINS,CLARINS嬌韻詩男士須後舒緩爽膚水 100ml,208,,,,,0,1,9,0,2024-07-31 11:53:35,298.22,,False,,2
p15788840,C100846,倩碧,CLINIQUE,CLINIQUE倩碧高感超炫眼線液 0.67g,185,,,,,0,1,8,0,2024-09-20 10:22:19,172.41,,False,,0
p15883541,C116340,嬌韻詩,CLARINS,Clarins嬌韻詩絲滑持妝精華粉底液-101W 30ml,246,,,,,0,2,1,0,2025-03-28 10:07:56,382.09,,False,,2
p15886265,C117822,碧歐泉,BIOTHERM,Biotherm碧歐泉男士護膚緊致藍鑽三件套（常規款-水乳潔面）200ml+125ml+100ml,2170,,,,,0,2,15,0,2026-09-15 15:02:35,2022.28,,False,,0
p15941384,F119378,蛇仔標,蛇仔標,蛇仔標-活絡油 50ml,60,,,,,0,8,28,0,2026-05-12 14:00:38,55.92,,False,,0
p16069840,C123449,植村秀,SHU UEMURA,shu uemura植村秀絹感潤護唇凍 薄荷凍,244,325.0,7.5,81.0,,1,1,2,0,2026-09-15 00:00:00,227.39,,False,0.0,3
p15941386,C121999,馥蕾詩,FRESH,FRESH馥蕾詩澄糖護唇油（漿果紫紅色）4ml,200,,,,,0,1,3,0,2025-12-29 14:13:04,186.39,,False,,0
p15858263,C056367,Boss,Boss,HUGO雨果男士香水套裝75ml*2,765,,,,,0,2,14,0,2026-09-15 15:02:30,712.92,,False,,0
p16117448,C126022,嬌蘭,GUERLAIN,Guerlain嬌蘭禦廷蘭花禦齡精華30ml,4500,,,,,0,1,1,0,2026-09-11 12:24:12,4193.67,,False,,0
p16078791,C121082,蘭芝,LANEIGE,Laneige蘭芝水潤修護睡眠面膜四件套裝70ml*4,864,,,,,0,1,2,0,2026-09-15 15:03:48,805.18,,False,,0
p15947298,C121914,魅可,MAC,MAC魅可唇膏套組4ml+5ml,355,,,,,0,1,2,0,2026-09-15 15:03:18,330.83,,False,,0
p15736943,C030063,祖瑪瓏,JO MALONE LONDON,JO MALONE祖·瑪瓏紅玫瑰香水100毫升,1355,,,,,0,1,25,0,2026-08-04 12:10:52,1262.76,,False,,0
p15952292,E10356174,雷朋,RAY-BAN,RAY BAN雷朋太陽鏡 0RB2231F14183356,1730,,,,,0,1,2,0,2026-05-09 11:58:22,1612.23,,False,,0
p15900712,C119416,古馳,Gucci,Gucci古馳柔焦凝光粉餅00號色,423,,,,,0,1,4,0,2025-08-27 15:26:16,605.75,,False,,2
p15743792,C048713,博柏利,BURBERRY,BURBERRY博柏利週末女士濃香水 50ml/100ml,480,,,,,0,1,5,0,2025-06-27 16:41:00,664.46,,False,,2
p15851787,C107816,芭比波朗,BOBBI BROWN,BOBBI BROWN芭比波朗羽柔定妝蜜粉餅5號 9g,395,,,,,0,3,27,0,2024-07-31 11:32:03,368.11,,False,,0
p16091953,C119439,古馳,Gucci,Gucci古馳傾色水漾唇蜜226 6.5ml,228,,,,,0,1,2,0,2026-09-15 15:03:46,326.17,,False,,2
p15871923,C114191,祖瑪瓏,JO MALONE LONDON,JO MALONE LONDON祖瑪瓏鼠尾草海鹽擴香165ml,770,,,,,0,1,32,0,2026-09-15 15:02:17,717.58,,False,,0
p15895019,E1591884,寶麗萊,Polaroid,POLAROID寶麗來太陽鏡20640901058M9,590,,,,,0,1,2,0,2025-07-03 11:45:15,549.84,,False,,0
p15896546,C118218,湯姆福特,TOM FORD,Tom Ford湯姆福特璀璨流光唇頰多用棒-03,395,,,,,0,2,2,0,2025-07-28 17:35:10,368.11,,False,,0
p15736782,C031749,魅可,MAC,MAC魅可#190經典底妝刷  19 cm,370,,,,,0,1,5,0,2024-07-31 11:12:34,344.81,,False,,0
p15833658,F113951,家得路,CATALO,CATALO家得路天然蝦青素60粒(有效期至：2027/9/1),228,,,,,0,7,20,0,2025-11-07 14:27:26,212.48,,False,,0
p15898589,F119369,月兔牌,月兔牌,月兔牌胃之適U丸(升級版蜜丸裝) 180粒(保質期至：2029/5/31),100,,,,,0,5,33,0,2026-05-12 14:13:46,93.19,,False,,0
p15737097,C100674,芭比布朗,BOBBI BROWN,BOBBI BROWN芭比波朗奢金璀璨眼影 鎏金粉 1.3g  Glided Rose,330,,,,,0,1,11,0,2026-08-24 17:24:05,307.54,,False,,0
p15851488,C107912,悦木之源,ORIGINS,ORIgINS悅木之源韋博士靈芝煥能強韌乳 100ml,365,,,,,0,2,35,0,2024-07-31 11:32:05,340.15,,False,,0
p15824135,C103653,紀梵希,Givenchy,GIVENCHY紀梵希高定粉絲絨唇膏N27 3.4g,360,,,,,0,2,17,0,2024-07-31 11:55:15,335.49,,False,,0
p15874759,C115186,蘭芝,LANEIGE,LANEIGE蘭芝新水酷透明質酸嘭潤修護啫喱面霜（清潤）兩件裝50ml*2,603,,,,,0,3,14,0,2026-09-15 15:02:40,561.95,,False,,0
p15913050,C120118,蘭蔻,LANCOME,Lancome蘭蔻肌底煥活修護精華水 150ML,358,550.0,358.0,192.0,,12,12,19,0,2026-09-18 00:00:00,333.63,,False,0.0,3
p15896489,C117546,芭比布朗,BOBBI BROWN,Bobbi Brown芭比波朗至盈呵護水光固體唇蜜690號,231,350.0,6.6,119.0,,1,1,3,0,2026-09-15 00:00:00,215.27,,False,0.0,3
p16069830,C122371,博柏利,BURBERRY,Burberry博柏利女神套組100ml+50ml EDP,1073,,,,,0,3,1,0,2026-05-20 15:49:30,1537.68,,False,,2
p15858262,C054368,Boss,Boss,BOSS博斯男士香水套裝50ml*2,755,,,,,0,1,9,0,2026-09-15 15:02:21,703.6,,False,,0
p15886463,C117139,嬌韻詩,CLARINS,Clarins嬌韻詩瑩亮身體精華乳200ML,403,,,,,0,1,7,0,2025-04-27 10:10:16,577.79,,False,,2
p15880960,C116408,赫蓮娜,HELENA RUBINSTEIN,HELENA RUBINSTEIN赫蓮娜緊顏豐盈複合精華液套裝30ml*2,4420,,,,,0,1,6,0,2026-09-15 15:02:40,4119.11,,False,,0
p15889662,C116319,湯姆福特,TOM FORD,TOM-FORD湯姆福特香水（荒野檀木香型）100ml,1835,,,,,0,1,2,0,2025-06-19 11:52:13,1710.08,,False,,0
p15741425,C053584,祖瑪瓏,JO MALONE LONDON,JO MALONE祖·瑪瓏車載香薰盒,247,435.0,5.7,188.0,,5,5,58,0,2026-09-15 00:00:00,230.19,,False,0.0,3
p15739096,C026249,聖羅蘭,YSL BEAUTY,YSL聖羅蘭明彩筆02 2.5ML,395,,,,,0,4,63,0,2024-07-31 11:23:49,368.11,,False,,0
p16125985,C125225,歐舒丹,L'OCCITANE,L’occitane歐舒丹海鹽橡木香沐浴啫喱250ml,156,195.0,8.0,39.0,,5,5,1,0,2026-09-15 00:00:00,145.38,,False,0.0,3
p15833789,C107782,卡詩,KERASTASE,KERASTASE卡詩頭皮系列根源特護洗髮水 250ml,270,,,,,0,11,66,0,2026-08-31 17:16:47,251.62,,False,,0
p15913734,C100475,艾哈佛,AHAVA,AHAVA礦物保濕護足霜 100ml,172,,,,,0,2,7,0,2025-10-20 17:04:27,160.29,,False,,0
p15794734,C100688,蘭蔻,LANCOME,LANCOME蘭蔻是我香水 100ml,1575,,,,,0,1,9,0,2024-08-07 14:21:28,1467.78,,False,,0
p15809675,C104883,歐舒丹,L'OCCITANE,L'OCCITANE歐舒丹乳木果臘菊身體精華霜 200ml,366,,,,,0,2,23,0,2025-06-27 16:41:00,568.47,,False,,2
p15893782,C056536,庭潤,THANN,THANN庭潤迷情伯爵散香器-150ML,261,450.0,5.8,189.0,,1,1,8,0,2026-09-15 00:00:00,243.23,,False,0.0,3
p15831432,C108582,蘭芝,LANEIGE,LANEIGE蘭芝雪紗絲柔防曬隔離霜#60雙支裝30ml*2,513,,,,,0,2,13,0,2026-09-15 15:02:09,478.08,,False,,0
p15738665,C040159,祖玛珑,JO MALONE LONDON,JO MALONE祖·瑪瓏潤膚乳液（牡丹與胭紅麂絨香型),545,,,,,0,3,11,0,2024-07-31 11:19:54,507.9,,False,,0
p16074539,C121644,雅詩蘭黛,ESTEE LAUDER,Estee Lauder雅詩蘭黛白金級花菁萃系列5件套250ml+15ml+7ml*2+50ml*2+30ml+100ml+125ml,6665,,,,,0,1,2,0,2026-09-15 15:03:41,6211.29,,False,,0
p15736793,C031718,魅可,MAC,MAC魅可#170化妝刷,370,,,,,0,1,31,0,2024-07-31 11:14:48,344.81,,False,,0
p15949236,C123061,儀式,RITUALS,RITUALS麂絨香草香氛噴霧400ml,455,,,,,0,1,2,0,2026-09-15 15:03:46,424.03,,False,,0
p15820715,C105573,嬌韻詩,CLARINS,CLARINS嬌韻詩沁潤奇肌保濕滋潤面霜 50ml,332,,,,,0,4,27,5,2024-07-31 11:53:19,475.28,,False,,2
p15850609,C111934,紀梵希,Givenchy,GIVENCHY紀梵希光彩煥膚防曬乳 30ml,500,,,,,0,2,5,0,2024-07-31 11:31:44,465.96,,False,,0
p15870457,C112109,蘭芝,LANEIGE,LANEIGE蘭芝新顏煥白氣墊霜 15G*2霧面啞光,350,,,,,0,2,17,0,2025-01-21 17:32:12,326.17,,False,,0
p15947276,C121824,魅可,MAC,MAC魅可新絲緞柔霧液體唇膏991 5ml,215,,,,,0,1,2,0,2026-09-15 15:03:17,200.36,,False,,0
p15946062,C121280,資生堂,SHISEIDO,Shiseido資生堂悅薇智感視黃醇抗皺霜20ml,679,970.0,679.0,291.0,,10,10,12,0,2026-09-18 00:00:00,632.78,,False,0.0,3
p15738752,C046333,希思黎,SISLEY PARIS,sisley希思黎抗皺修活護手精華乳SPF30 75ml,728,,,,,0,1,5,0,2026-09-15 15:02:00,1118.31,,False,,2
p15919611,C120307,湯姆福特,TOM FORD,Tom Ford湯姆福特法布勒斯唇膏 F2,490,,,,,0,1,1,0,2025-12-17 14:26:38,456.64,,False,,0
p15952580,E10356175,雷朋,RAY-BAN,RAY BAN雷朋太陽鏡 0RB385791993154,1730,,,,,0,1,4,0,2026-04-24 14:54:17,1612.23,,False,,0
p15896073,C116915,古馳,Gucci,GUCCI古馳綺夢馥梔香型女士香水100ML,1079,,,,,0,1,3,0,2025-09-18 11:04:59,1547.0,,False,,2
p16117442,C113969,黛珂,DECORTE,DECORTE黛珂 AQ舒活凝光滋潤套裝200ml+200ml+125g,1616,,,,,0,1,1,0,2026-09-15 15:03:46,1505.99,,False,,0
p15819756,C103081,倩碧,CLINIQUE,CLINIQUE倩碧智慧專研撫紋面霜 50ml,610,,,,,0,1,48,5,2024-09-20 10:22:44,568.47,,False,,0
p15810474,C105938,祖玛珑,JO MALONE LONDON,JO MALONE祖瑪瓏潤膚噴霧-藍風鈴香型-100ML,312,520.0,312.0,208.0,,4,4,32,0,2026-09-18 00:00:00,290.76,,False,0.0,3
p15743573,C043467,蔻依,Chloe,Chloe蔻依戀旅女士淡香氛,965,,,,,0,2,10,0,2026-09-15 15:42:34,899.31,,False,,0
p15797904,C102174,博柏利,BURBERRY,BURBERRY 博柏利駿勇之心濃香水 50ml,480,,,,,0,2,5,0,2025-06-27 16:41:00,745.54,,False,,2
p15859130,C042101,AHC,AHC,AHC愛和純第三代臻致舒潤保濕面膜 50片27ml*50,448,746.0,448.0,298.0,,22,22,25,0,2026-09-15 00:00:00,417.5,,False,0.0,3
p15770460,C101643,嬌韻詩,CLARINS,CLARINS嬌韻詩植萃凝亮護唇油 10 7ml,156,,,,,0,2,1,0,2024-07-31 11:45:55,223.66,,False,,2
p15741096,C047118,古馳,Gucci,GUCCI 古馳傾色華緞唇膏,176,,,,,0,9,24,0,2026-02-25 16:48:19,349.47,,False,,2
p15920860,C120311,湯姆福特,TOM FORD,Tom Ford湯姆福特法布勒斯唇膏 F9,490,,,,,0,2,1,0,2026-01-21 11:54:11,456.64,,False,,0
p15875895,C115042,悦木之源,ORIGINS,ORIGINS悅木之源蘋果肌青春精華霜50ml,365,,,,,0,1,8,0,2026-09-15 15:02:29,340.15,,False,,0
p15884052,C116339,嬌韻詩,CLARINS,Clarins嬌韻詩絲滑持妝精華粉底液-100.4N 30ml,246,,,,,0,2,1,0,2025-03-28 10:07:56,382.09,,False,,2
p15913039,C117427,蘭蔻,LANCOME,Lancome蘭蔻全新箐純臻顏乳霜輕盈型-替換芯-60ML,1812,2415.0,7.5,603.0,,2,2,6,0,2026-09-15 00:00:00,1688.65,,False,0.0,3
p16092329,C122124,古馳,Gucci,Gucci古馳光澤唇膏122,254,,,,,0,1,1,0,2026-06-22 12:13:31,363.45,,False,,2
p15878320,C115761,博柏利,BURBERRY,Burberry博柏利女士第-7-款淡香氛50ML,702,,,,,0,2,2,0,2025-02-27 11:31:26,1090.35,,False,,2
p15949238,C113513,嬌蘭,GUERLAIN,Guerlain嬌蘭臻彩寶石絲絨唇膏888號 3.5g,320,,,,,0,1,2,0,2026-03-05 11:05:13,298.22,,False,,0
p15866476,C113547,嬌蘭,GUERLAIN,Guerlain嬌蘭臻彩寶石絲絨唇膏214號 3.5g,320,,,,,0,1,7,0,2025-01-21 11:50:42,298.22,,False,,0
p16095259,C119191,博柏利,BURBERRY,BURBERRY博柏利英倫水漾唇膏634,228,,,,,0,1,1,0,2026-07-07 16:06:46,326.17,,False,,2
p15742642,C014505,碧歐泉,BIOTHERM (Beauty),BIOTHERM 碧歐泉男士水動力潔面膏 125ml,285,,,,,0,1,30,0,2024-08-01 10:43:24,265.6,,False,,0
p15912564,C119266,伊麗莎白·雅頓,ELIZABETH ARDEN,Elizabeth Arden伊莉莎白雅頓八小時防曬棒（SPF50）,170,,,,,0,1,2,0,2025-10-11 15:49:17,158.43,,False,,0
p15736976,C040449,汤姆福特,TOM FORD,TOM FORD 魅夜蘭花香水100ML/ 3.4FLOZ,1835,,,,,0,1,5,0,2024-07-31 11:15:52,1710.08,,False,,0
p15949055,C121900,倩碧,CLINIQUE,Clinique倩碧小胖胭脂05,160,,,,,0,1,1,0,2026-02-28 14:08:24,149.11,,False,,0
p15892670,IN100384,自然堂,CHANDO,自然堂酵母強韌修護安瓶面膜-安瓶1.5ml+面膜33mL,62,,,,,0,1,42,0,2025-07-09 10:23:09,57.78,,False,,0
p16082387,C113630,嬌韻詩,CLARINS,Clarins嬌韻詩植物精油潤體乳 200ml,286,,,,,0,1,2,0,2026-05-15 11:19:45,410.05,,False,,2
p15890120,C116186,芭比布朗,BOBBI BROWN,Bobbi Brown芭比波朗密集奢采精華防曬乳30ml,300,545.0,5.5,245.0,,1,1,5,0,2026-09-15 00:00:00,279.58,,False,0.0,3
p15947331,C121735,魅可,MAC,MAC魅可清透煥顏面霜-輕盈型-15ML,180,,,,,0,2,1,0,2026-05-20 15:45:40,167.75,,False,,0
p15873253,C115924,雪花秀,SULWHASOO,SULWHASOO雪花秀日護水感防曬乳50ml,380,,,,,0,1,11,0,2024-11-05 10:43:36,354.13,,False,,0
p15883306,C115781,古馳,Gucci,Gucci古馳煉金士花園桂之蜜香水100ml,1853,,,,,0,1,2,0,2025-03-05 17:50:13,2655.99,,False,,2
p15900689,C119880,聖羅蘭,YSL,YSL聖羅蘭純口紅-O8 3.8ml,227,380.0,6.0,153.0,,1,1,1,0,2026-09-15 00:00:00,211.55,,False,0.0,3
p16095820,F122504,家得路,CATALO,Catalo家得路兒童活力充能液體鐵軟糖30粒(保質期至：2027.8.1),106,168.0,106.0,62.0,,18,18,3,0,2026-09-18 00:00:00,98.78,,False,0.0,3
p16092554,C125143,嬌韻詩,CLARINS,CLARINS娇韵诗青春赋活透亮精华水 200ML,247,,,,,0,1,6,0,2026-06-29 16:48:08,354.13,,False,,2
p15941391,C119474,博柏利,BURBERRY,Burberry博柏利英倫小姐水霧液體唇膏筆601 3ml,208,,,,,0,1,1,0,2026-09-15 15:03:02,298.22,,False,,2
p15739450,C030779,雅詩蘭黛,ESTEE LAUDER,ESTEE LAUDER  雅詩蘭黛 Re-Nutriv 雙重潤養白金級臻致煥采粉餅 SPF16/PA+++ (粉芯)  11g   冷瓷白 1C0,860,,,,,0,1,20,0,2024-07-31 11:26:27,801.46,,False,,0
p15891081,C119087,植村秀,SHU UEMURA,shu uemura 植村秀羽紗防曬隔離乳-粉色30ml,260,400.0,260.0,140.0,,11,11,17,0,2026-09-18 00:00:00,242.3,,False,0.0,3
p15795041,C103297,巴黎歐萊雅,L'OREAL PARIS,L'OREAL Paris歐萊雅多重防護隔離露兩支裝65ml*2【有效期至：2027年6月】,360,635.0,5.7,275.0,,10,10,23,0,2026-09-15 00:00:00,335.49,,False,0.0,3
p15878319,C115792,古馳,Gucci,Gucci 古馳罪愛傾心男士香水,631,,,,,0,2,3,0,2026-09-15 15:42:36,903.97,,False,,2
p15851483,C111025,海藍之謎,LA MER,LA MER海藍之謎潔面啫喱200ml,880,,,,,0,6,37,0,2024-07-31 11:32:11,820.09,,False,,0
p15735335,C022962,倩碧,CLINIQUE,CLINIQUE倩碧男士保濕爽膚水200ml,128,230.0,5.6,102.0,,2,2,18,0,2026-09-15 00:00:00,119.29,,False,0.0,3
p15737072,C101131,雅詩蘭黛,ESTEE LAUDER,ESTEE LAUDER 雅詩蘭黛白金級奢寵光璨氣墊粉底液19(一個盒+兩個芯）,1060,,,,,0,2,18,0,2026-05-22 15:50:31,987.84,,False,,0
p15743612,C049345,魅可,MAC,MAC魅可時尚焦點小眼影 25,110,,,,,0,1,4,0,2025-06-27 16:41:00,102.51,,False,,0
p15845126,C105208,湯姆福特,TOM FORD,TOM FORD湯姆福特香水（煙氳聖木香型） 50ml,2400,,,,,0,1,7,0,2024-07-31 11:37:07,2236.62,,False,,0
p15876950,C107406,巴黎歐萊雅,L'OREAL PARIS,L'OREAL歐萊雅複顏日霜 50ml,120,200.0,6.0,80.0,,3,3,19,0,2026-09-15 00:00:00,111.83,,False,0.0,3
p15896324,C119595,奧碧虹 澳尔滨,ALBION,ALBION澳爾濱3D膠原瑩白緊緻柔膚水200ml,377,,,,,0,1,4,0,2026-09-15 15:02:51,540.52,,False,,2
p15843161,C110033,古馳,Gucci,GUCCI古馳罪愛聖水男士香水 60ml,897,,,,,0,1,2,0,2024-07-31 11:39:42,1286.06,,False,,2
p15919473,C120299,湯姆福特,TOM FORD,Tom Ford湯姆福特雪映流光香水50ml,819,1365.0,6.0,546.0,,1,1,7,0,2026-09-15 00:00:00,763.25,,False,0.0,3
p15736548,C009273,倩碧,CLINIQUE,CLINIQUE倩碧特效爽膚啫喱霜125ml,290,,,,,0,1,7,0,2024-09-20 10:21:11,270.26,,False,,0
p15840186,C041054,聖羅蘭,YSL BEAUTY,YSL聖羅蘭亮顏噴霧 100ML,249,405.0,249.0,156.0,,26,26,100+,0,2026-09-18 00:00:00,232.05,,False,0.0,3
p15736631,C044526,黛珂,DECORTE,COSME DECORTE黛珂植物欣韻彈潤乳液（滋潤型）200ml,340,,,,,0,2,15,200,2024-07-31 11:13:48,316.85,,False,,0
p15737768,C034636,馥蕾詩,FRESH,fresh馥蕾詩西柚果瑰麗香皂  250g,105,175.0,105.0,70.0,,11,11,48,0,2026-09-18 00:00:00,97.85,,False,0.0,3
p15802069,C103417,希思黎,SISLEY PARIS,sisley 希思黎舒護潤唇膏 9g,390,,,,,0,3,21,0,2025-02-20 12:53:36,587.11,,False,,2
p15919612,C120310,湯姆福特,TOM FORD,Tom Ford湯姆福特法布勒斯唇膏 F5,490,,,,,0,2,2,0,2025-12-17 14:26:38,456.64,,False,,0
p15737248,C040651,魅可,MAC,MAC魅可 #150大蜜粉刷,505,,,,,0,1,9,0,2024-07-31 11:16:15,470.62,,False,,0
p15914172,C100458,艾哈佛,AHAVA,AHAVA海之吻礦物身體乳 200ml,242,,,,,0,3,5,0,2025-10-20 17:04:26,225.53,,False,,0
p15916323,F120276,家得路,CATALO,Catalo全效關節專家 60粒(有效期至：2028.1.1),498,,,,,0,9,11,0,2025-11-07 14:30:37,464.1,,False,,0
p15941553,F119389,名古屋,名古屋,名古屋-牛皮之癬 25g,66,,,,,0,9,7,0,2026-05-12 14:37:56,61.51,,False,,0
p16102732,C121079,蘭芝,LANEIGE,Laneige蘭芝水潤修護睡眠面膜70ml,192,240.0,8.0,48.0,,7,7,3,0,2026-09-15 00:00:00,178.93,,False,0.0,3
p15901307,C117583,魅可,MAC,MAC魅可專業底妝粉餅NC30 12g,340,,,,,0,1,1,0,2026-09-08 11:18:48,316.85,,False,,0
p15736045,C036460,伊麗莎白·雅頓,ELIZABETH ARDEN,Elizabeth Arden伊麗莎白雅頓 時空煥活眼部膠囊精華液10.5ML,502,,,,,0,1,23,0,2025-03-25 14:23:36,467.83,,False,,0
p15900705,C119213,巴黎歐萊雅,L'OREAL PARIS,L`oreal歐萊雅金致臻顏雙萃精華乳30ml,216,360.0,216.0,144.0,,9,9,5,0,2026-09-18 00:00:00,201.3,,False,0.0,3
p15737967,C003015,倩碧,CLINIQUE,CLINIQUE倩碧快樂香氛 100ml,210,350.0,210.0,140.0,,3,3,10,0,2026-09-18 00:00:00,195.7,,False,0.0,3
p16069844,IN100913,自然堂,CHANDO,CHANDO自然堂雪肌追光煥亮面膜27ml×5片,59,,,,,0,2,20,0,2026-04-15 13:36:19,54.98,,False,,0
p16116455,C121017,嬌韻詩,CLARINS,Clarins嬌韻詩男士柔滑剃須泡沫 150ml,163,,,,,0,2,1,0,2026-08-05 11:43:45,232.98,,False,,2
p15738363,C041916,希思黎,SISLEY PARIS,sisley希思黎抗皺禦致緊膚精華乳30ml,2470,,,,,0,1,4,0,2026-09-15 15:02:00,3709.07,,False,,2
p15921784,C113632,嬌韻詩,CLARINS,Clarins嬌韻詩植物精油芳香海鹽磨砂膏-250ML,286,,,,,0,4,5,0,2025-12-09 11:32:13,410.05,,False,,2
p15825264,C107505,喬治阿瑪尼,GIORGIO ARMANI,GIORGIO ARMANI阿瑪尼密碼男士淡香水-75ML,410,680.0,6.0,270.0,,1,1,14,0,2026-09-15 00:00:00,382.09,,False,0.0,3
p15914173,C109781,艾哈佛,AHAVA,AHAVA礦物保濕身體乳 250ml,146,242.0,146.0,96.0,,8,8,2,0,2026-09-15 00:00:00,136.06,,False,0.0,3
p15790140,C049360,魅可,MAC,MAC魅可焦點小眼影39 1.5g（僅替換芯）,110,,,,,0,1,6,0,2025-07-24 10:21:36,102.51,,False,,0
p16087000,C123185,祖瑪瓏,JO MALONE LONDON,Jo Malone祖瑪瓏車載香薰補充裝（柏木與葡萄藤香型） 2.5g（無盒）,525,,,,,0,1,1,0,2026-07-30 16:07:59,489.26,,False,,0
p15894571,E1678356,凱特·絲蓓,KATE SPADE,KATE SPADE凱特·絲蓓太陽鏡2065435MU55HA,1320,,,,,0,1,1,0,2025-07-03 11:45:15,1230.14,,False,,0
p16078796,C122917,歐舒丹,L'OCCITANE,L’occitane歐舒丹杏仁身體頭髮香氛噴霧100ml,192,,,,,0,7,2,0,2026-09-15 15:03:51,298.22,,False,,2
p15949065,C119445,古馳,Gucci,Gucci古馳花悅詩意女士香水100ML,975,,,,,0,2,1,0,2026-04-24 15:07:26,1397.89,,False,,2
p15899059,F119368,濟公堂,濟公堂,濟公堂皮膚濕疹清60粒(保質期至：2028/12/31),78,130.0,78.0,52.0,,14,14,30,0,2026-09-18 00:00:00,72.69,,False,0.0,3
p16069828,C119443,古馳,Gucci,Gucci古馳水漾唇蜜308 Lucy Dark Orange 6.5ml,228,,,,,0,2,1,0,2026-09-15 15:03:29,326.17,,False,,2
p15920868,C120349,魅可,MAC,MAC魅可炫彩豐盈潤唇膏雙支裝,235,,,,,0,2,1,0,2026-01-28 10:52:37,219.0,,False,,0
p15948820,C122368,莫傑,MARC JACOBS,Marc Jacobs莫傑完美套組100ml+75ml,1050,,,,,0,1,1,0,2026-09-15 15:03:27,978.52,,False,,0
p15913053,C119384,嬌韻詩,CLARINS,Clarins嬌韻詩瞬效豐盈唇蜜雙支裝12ml*2  (05+06),234,,,,,0,2,1,0,2026-09-08 14:49:46,335.49,,False,,2
p15742751,C052053,伊麗莎白·雅頓,ELIZABETH ARDEN,Elizabeth Arden伊麗莎白雅頓白茶橙花身體霜400ml,256,,,,,0,1,13,0,2026-09-15 15:43:52,238.57,,False,,0
p15948803,C122070,博柏利,BURBERRY,Burberry博柏利駿勇之心男士-ELIXIR-PARFUM-香水-60ML,762,,,,,0,1,1,0,2026-04-24 15:07:25,1183.55,,False,,2
p15913733,C100453,艾哈佛,AHAVA,AHAVA海之吻礦物舒潤護手霜 100ml,107,178.0,107.0,71.0,,6,6,3,0,2026-09-18 00:00:00,99.72,,False,0.0,3
p15788532,C102341,馥蕾詩,FRESH,fresh 馥蕾詩古源密集滋養面霜-100ML,2392,,,,,0,1,26,5,2024-08-14 10:19:05,3429.49,,False,,2
p15894591,E1591911,寶麗萊,Polaroid,POLAROID寶麗來太陽鏡206409DDB58WJ,590,,,,,0,1,2,0,2025-07-03 11:45:15,549.84,,False,,0
p16094856,C119730,蔻依,Chloe,Chloe蔻依戀旅埃及花園女士香水50毫升（1.6盎司）,1130,,,,,0,2,1,0,2026-07-02 11:26:28,1053.08,,False,,0
p15952262,C121641,雅詩蘭黛,ESTEE LAUDER,Estee Lauder雅詩蘭黛白金緊顏奢護套裝125ml+15ml+30ml+125ml,5070,,,,,0,1,1,0,2026-09-08 14:49:46,4724.86,,False,,0
p15915658,698133421,有色,yoose,Yoose-MINI 5 往復式五刀頭迷你電動鬚刨 砂岩白【下單請勿選京東代收點，詳細查看購買須知】,599,699.0,8.6,100.0,,24,24,3,0,2026-09-15 00:00:00,558.22,,False,0.0,3
p15848028,C111237,祖瑪瓏,JO MALONE LONDON,JO MALONE祖瑪瓏沐浴露馥鬱系列（烏木與佛手柑香型）-250ML,306,510.0,306.0,204.0,,4,4,11,0,2026-09-18 00:00:00,285.17,,False,0.0,3
p15825607,C106133,艾梵達,AVEDA,AVEDA艾凡達頭皮護理護髮素-200ML,204,340.0,204.0,136.0,,1,1,30,0,2026-09-18 00:00:00,190.11,,False,0.0,3
p15895017,E1591866,寶麗萊,Polaroid,POLAROID寶麗來太陽鏡20641000356UC,590,,,,,0,1,2,0,2025-07-03 11:45:15,549.84,,False,,0
p15786806,C101059,蘭芝,LANEIGE,LANEIGE蘭芝水酷透明質酸嘭潤修護細膚露(特潤)160ml,144,240.0,144.0,96.0,,11,11,14,0,2026-09-15 00:00:00,134.2,,False,0.0,3
p15737270,C047243,AVEDA,AVEDA (Hair Care),AVEDA lDRY REMEDY水漾滋潤頭髮精華30ml,180,300.0,180.0,120.0,,1,1,22,0,2026-09-18 00:00:00,167.75,,False,0.0,3
p15848029,C111311,海蓝之谜,LA MER,LA MER海藍之謎煥活保濕噴霧-100ML,443,765.0,5.8,322.0,,12,12,89,0,2026-09-15 00:00:00,412.84,,False,0.0,3
p16069831,C122370,古馳,Gucci,Gucci古馳花悅套組30ml+30ml,975,,,,,0,1,1,0,2026-09-15 15:03:40,1397.89,,False,,2
p15843155,C108212,喬治阿瑪尼,GIORGIO ARMANI,GIORGIO ARMANI阿瑪尼無瑕持妝定妝粉餅 1  9.4g,403,655.0,403.0,252.0,,14,14,72,0,2026-09-18 00:00:00,375.57,,False,0.0,3
p15830434,C105748,雅詩蘭黛,ESTEE LAUDER,ESTEE LAUDER Nutritious 升級亮肌抗氧輕盈保濕乳 100ml,413,645.0,413.0,232.0,,8,8,12,0,2026-09-18 00:00:00,384.89,,False,0.0,3
p15839863,C107841,雅詩蘭黛,ESTEE LAUDER,ESTEE LAUDER雅詩蘭黛肌活潔顏啫喱100ml,330,,,,,0,3,28,0,2026-09-15 15:02:27,307.54,,False,,0
p15743651,C026624,伊麗莎白·雅頓,ELIZABETH ARDEN,Elizabeth Arden伊麗莎白雅頓愛麗本睫毛生長精華4ml,331,699.0,4.7,368.0,,1,1,7,0,2026-09-15 00:00:00,308.47,,False,0.0,3
p15736832,C034693,倩碧,CLINIQUE,CLINIQUE倩碧勻淨卓研潤膚乳液 100ml,260,425.0,6.1,165.0,,1,1,6,0,2026-09-15 00:00:00,242.3,,False,0.0,3
p15789335,C101064,蘭芝,LANEIGE,LANEIGE蘭芝水酷透明質酸嘭潤修護潤膚乳(特潤)120ml,260,,,,,0,4,20,0,2026-09-15 15:02:11,242.3,,False,,0
p15738253,C016803,希思黎,SISLEY PARIS,sisley希思黎花香潤膚水 250ml,520,,,,,0,19,99,0,2024-08-07 14:21:19,792.14,,False,,2
p16097052,C122054,朋博灣,Bonpoint,Bonpoint朋博灣全新摯愛呵護沐浴乳200ml,320,400.0,8.0,80.0,,3,3,2,0,2026-09-15 00:00:00,298.22,,False,0.0,3
p15821713,C105252,嬌蘭,GUERLAIN,GUERLAIN嬌蘭禦廷蘭花卓能煥活精粹液-125ML,1250,,,,,0,2,18,0,2024-07-31 11:54:02,1164.91,,False,,0
p15875162,C114898,伊麗莎白·雅頓,ELIZABETH ARDEN,ELIZABETH ARDEN伊麗莎白·雅頓新鉑粹禦膚多效煥顏霜50ml,1240,,,,,0,2,15,0,2026-09-15 15:02:27,1155.59,,False,,0
p16087374,C123186,祖瑪瓏,JO MALONE LONDON,Jo Malone祖瑪瓏車載香薰（空盒）,405,,,,,0,1,1,0,2026-07-30 16:07:54,377.43,,False,,0
p15891799,C114152,黛珂,DECORTE,DECORTE 黛珂-AQ-舒活耀白麵霜50ml,1133,2060.0,5.5,927.0,,1,1,2,0,2026-09-15 00:00:00,1055.87,,False,0.0,3
p15913739,C109776,艾哈佛,AHAVA,AHAVA潔淨多效潔面乳 250ml,146,242.0,146.0,96.0,,5,5,2,0,2026-09-18 00:00:00,136.06,,False,0.0,3
p16095829,F122618,家得路,CATALO,Catalo家得路特強關節專家消腫止痛配方60粒(保質期至：2028.1.1),342,558.0,342.0,216.0,,29,29,7,0,2026-09-18 00:00:00,318.72,,False,0.0,3
p15901536,C119007,馥蕾詩,FRESH,FRESH馥蕾詩古源精華露-150ML,905,,,,,0,2,3,0,2025-11-05 16:13:47,1453.8,,False,,2
p15896547,C118219,湯姆福特,TOM FORD,Tom Ford湯姆福特璀璨流光唇頰多用棒-05,395,,,,,0,2,5,0,2025-07-28 17:35:07,368.11,,False,,0
p15736384,C029996,祖玛珑,JO MALONE LONDON,JO MALONE祖·瑪瓏青檸羅勒葉與柑橘潤膚乳液,301,545.0,5.5,244.0,,1,1,17,0,2026-09-15 00:00:00,280.51,,False,0.0,3
p15739434,C038320,魅可,MAC,MAC魅可#168大修容刷,420,,,,,0,1,5,0,2024-07-31 11:26:25,391.41,,False,,0
p15919609,C120309,湯姆福特,TOM FORD,Tom Ford湯姆福特法布勒斯唇膏 F3,490,,,,,0,1,1,0,2025-12-17 14:26:38,456.64,,False,,0
p15846945,C111454,蘭蔻,LANCOME,LANCOME蘭蔻黑金臻寵滋養美容液-150ML,1130,1815.0,6.2,685.0,,1,1,17,0,2026-09-15 00:00:00,1053.08,,False,0.0,3
p15794043,C055089,雪肌精,SEKKISEI,SEKKISEI 雪肌精化妝水（瑩潤型） 200ml（版）,157,285.0,157.0,128.0,,6,6,31,0,2026-09-18 00:00:00,146.31,,False,0.0,3
p15828366,C106528,紀梵希,Givenchy,GIVENCHY紀梵希高定液體眼線筆1.5ml,224,,,,,0,3,9,0,2024-07-31 11:55:35,208.75,,False,,0
p15736318,C055377,雅诗兰黛,ESTEE LAUDER,ESTEE LAUDER  雅詩蘭黛 Re-Nutriv Ultimate Lift Regenerating  Youth 白金級花菁萃緊顏精華滋養面霜 50ml,2755,,,,,0,1,7,5,2024-07-31 11:42:58,2567.46,,False,,0
p15764065,C101663,黛珂,DECORTE,COSME DECORTE黛珂沁活晶澈柔膚乳 200ml,355,,,,,0,1,7,0,2024-07-31 11:10:48,330.83,,False,,0
p15792966,C101116,魅可,MAC,MAC魅可玩色柔滑眼線膠筆03-0-35G,205,,,,,0,1,10,0,2024-07-31 11:49:57,191.04,,False,,0
p15884297,E1752840,奧克利,OAKLEY,Oakley歐克利太陽鏡0OO923592351139,2560,,,,,0,1,5,0,2026-03-31 11:32:35,2385.73,,False,,0
p15743165,C056063,植村秀,SHU UEMURA,shu uemura植村秀羽紗瞬亮膚保濕底霜 MAUVE 30ml,240,400.0,240.0,160.0,,102,102,200+,0,2026-09-18 00:00:00,223.66,,False,0.0,3
p15882032,C117203,奧碧虹,ALBION,ALBION 3D膠原緊緻面霜30g,644,,,,,0,1,8,0,2025-05-29 10:17:22,922.61,,False,,2
p15851795,C107630,祖玛珑,JO MALONE LONDON,JO MALONE祖瑪瓏沐浴露 黑莓與月桂葉香型  500ml,595,,,,,0,2,24,0,2024-07-31 11:32:08,554.5,,False,,0
p15942669,C120128,聖羅蘭,YSL,YSL聖羅蘭全新細管口紅 37,390,,,,,0,1,1,0,2025-12-25 10:53:06,363.45,,False,,0
p15858309,E1654917,寶麗萊,Polaroid,POLAROID寶麗萊太陽鏡20731579U55M9,930,,,,,0,1,3,0,2025-07-03 11:45:14,866.69,,False,,0
p15844303,C107629,祖玛珑,JO MALONE LONDON,JO MALONE祖瑪瓏沐浴露(藍風鈴香型) 500ml,357,595.0,357.0,238.0,,11,11,75,0,2026-09-18 00:00:00,332.7,,False,0.0,3
p15873254,C115925,雪花秀,SULWHASOO,SULWHASOO雪花秀日護養膚防曬乳50ml,590,,,,,0,1,13,0,2024-11-05 10:43:34,549.84,,False,,0
p15830427,C108592,碧歐泉,BIOTHERM (Beauty),BIOTHERM碧歐泉男士藍鑽緊膚精華水 150ml,740,,,,,0,5,12,0,2024-07-31 11:56:26,689.63,,False,,0
p15764086,C056679,倩碧,CLINIQUE,CLINIQUE倩碧眼線筆 巧克力棕色 0.25g,185,,,,,0,2,3,0,2026-02-25 16:48:19,172.41,,False,,0
p15949217,C120411,伊麗莎白·雅頓,ELIZABETH ARDEN,Elizabeth Arden伊莉莎白雅頓水潤充盈膠囊精華液  60粒,790,,,,,0,1,1,0,2026-02-28 13:36:41,736.22,,False,,0
p15913045,C119960,伊麗莎白·雅頓,ELIZABETH ARDEN,Elizabeth Arden伊莉莎白雅頓時空煥活淡紋緊致套裝14ml+50ml,552,920.0,552.0,368.0,,7,7,4,0,2026-09-15 00:00:00,514.42,,False,0.0,3
p15878324,C115937,聖羅蘭,YSL,YSL聖羅蘭新明彩柔霧輕墊粉底液 #30(替換芯),262,425.0,262.0,163.0,,6,6,29,0,2026-09-18 00:00:00,244.16,,False,0.0,3
p16126446,C125229,歐舒丹,L'OCCITANE,L’occitane歐舒丹藏紅暖木香沐浴啫喱250ml,156,195.0,8.0,39.0,,5,5,1,0,2026-09-15 00:00:00,145.38,,False,0.0,3
p15797219,C102420,蘭蔻,LANCOME,LANCOME蘭蔻菁純臻顏精華粉底霜 110 35ml,726,1210.0,6.0,484.0,,5,5,20,5,2026-09-15 00:00:00,676.58,,False,0.0,3
p15871387,C115153,雅詩蘭黛,ESTEE LAUDER,ESTEE LAUDER雅詩蘭黛特潤修護夜間煥能精華霜膜65ML,557,960.0,5.8,403.0,,3,3,33,0,2026-09-15 00:00:00,519.08,,False,0.0,3
p15882452,C116208,倩碧,CLINIQUE,Clinique美白祛斑精華露 100ml,815,1375.0,5.9,560.0,,1,1,31,0,2026-09-15 00:00:00,759.52,,False,0.0,3
p15875164,C114034,蘭芝,LANEIGE,LANEIGE蘭芝水潤霜&精華50ml+50ml,608,,,,,0,1,8,0,2026-09-15 15:02:27,566.61,,False,,0
p15825226,C105480,祖瑪瓏,JO MALONE LONDON,JO MALONE London祖瑪瓏古龍水-絲絨玫瑰與烏木-100ML,1685,,,,,0,2,8,0,2024-07-31 11:54:02,1570.3,,False,,0
p16103115,C122951,伊麗莎白·雅頓,ELIZABETH ARDEN,Elizabeth Arden伊莉莎白雅頓八小時密集修護保濕霜 50毫升,305,,,,,0,1,1,0,2026-07-14 13:40:16,284.24,,False,,0
p15825633,C103050,湯姆福特,TOM FORD,TOM FORD香水（落木飛霞香型）-50ML,2400,,,,,0,1,11,0,2024-07-31 11:54:38,2236.62,,False,,0
p15858255,C101895,紀梵希,Givenchy,GIVENCHY紀梵希黑能臻萃防曬霜 12g,1025,,,,,0,1,9,0,2024-08-07 15:14:10,955.22,,False,,0
p15849351,C111583,雅漾,AVENE,Avene雅漾淨柔卸妝水 400ml,178,296.0,178.0,118.0,,3,3,42,0,2026-09-18 00:00:00,165.88,,False,0.0,3
p15738222,C036560,希思黎,SISLEY PARIS,sisley希思黎溫和植物淨顏平衡潔面露 120ml,468,,,,,0,1,6,0,2024-08-07 14:21:18,698.94,,False,,2
p15893780,C117153,雪花秀,SULWHASOO,Sulwhasoo雪花秀滋盈琉光潤顏乳-125ML-25AD,276,460.0,276.0,184.0,,6,6,8,0,2026-09-18 00:00:00,257.21,,False,0.0,3
p15787220,C101630,嬌韻詩,CLARINS,CLARINS嬌韻詩男士活力潔面乳 125ml,176,,,,,0,3,17,0,2026-08-11 10:16:27,251.62,,False,,2
p15949080,C121751,魅可,MAC,MAC魅可定制無瑕遮瑕乳-NW15 7ml,280,,,,,0,1,1,0,2026-09-15 15:03:32,260.94,,False,,0
p15739253,C055947,蘭蔻,LANCOME,LANCOME蘭蔻菁純臻顏精華凝乳 30ml,3150,,,,,0,5,51,0,2025-11-26 10:58:19,2935.57,,False,,0
p15851481,C111028,海藍之謎,LA MER,LA MER海藍之謎卸妝潔膚水200ml,880,,,,,0,5,35,0,2024-07-31 11:31:38,820.09,,False,,0
p15864627,C111526,紀梵希,Givenchy,GIVENCHY紀梵希傾城花舞香水,1110,,,,,0,1,4,0,2026-09-15 15:42:36,1034.44,,False,,0
p15737531,C030062,祖瑪瓏,JO MALONE LONDON,JO MALONE祖·瑪瓏香水(紅玫瑰香型)30ml,640,,,,,0,1,12,0,2024-07-31 11:15:59,596.43,,False,,0
p15843590,C110964,馥蕾詩,FRESH,fresh馥蕾詩蓮花青春煥顏夜間精華 30ml,660,,,,,0,2,17,0,2024-07-31 11:39:51,615.07,,False,,0
p15764505,C100849,CLINIQUE,CLINIQUE (Beauty),CLINIQUE倩碧水嫩保濕柔膚水 200ml,174,290.0,6.0,116.0,,14,14,30,0,2026-09-15 00:00:00,162.16,,False,0.0,3
p15737617,C044316,雅詩蘭黛,ESTEE LAUDER,ESTEE LAUDER  雅詩蘭黛 Beautiful Belle 真愛濃香水 50ml,920,,,,,0,1,5,0,2025-03-25 11:11:05,857.37,,False,,0
p15949223,C123049,儀式,RITUALS,RITUALS麂絨香草藤條香薰450ml,375,625.0,375.0,250.0,,4,4,3,0,2026-09-18 00:00:00,349.47,,False,0.0,3
p15742031,C024075,芭比波朗,BOBBI BROWN,BOBBI BROWN芭比波朗精細眼線刷,255,,,,,0,1,13,0,2024-07-31 11:37:29,237.64,,False,,0
p15739446,C055896,植村秀,SHU UEMURA,shu uemura植村秀綠茶肌潔顏油兩件套裝450ml*2,1540,,,,,0,1,54,0,2026-09-15 15:02:00,1435.17,,False,,0
p15739065,C050060,馥蕾詩,FRESH,fresh馥蕾詩玫瑰潤澤密集保濕雙萃精華 100mL,372,620.0,372.0,248.0,,16,16,88,0,2026-09-15 00:00:00,346.68,,False,0.0,3
p15886468,C117135,嬌韻詩,CLARINS,Clarins嬌韻詩煥顏緊致彈力晚霜（滋潤型）-補充裝）50ML,455,,,,,0,1,12,0,2025-04-27 10:10:16,652.35,,False,,2
p15893775,C111902,嬌韻詩,CLARINS,CLARINS嬌韻詩歸根之水女士香水-100ML,280,,,,,0,1,2,0,2026-08-11 10:23:12,400.73,,False,,2
p15743725,C051531,魅可,MAC,MAC魅可超立體睫毛膏 4g,145,,,,,0,2,9,0,2024-07-31 11:40:02,135.13,,False,,0
p15876081,IN100502,自然堂,CHANDO,CHANDO自然堂金鑽淨采煥活鎏金潔顏蜜 200ml,157,346.0,4.5,189.0,,1,1,4,0,2026-09-15 00:00:00,146.31,,False,0.0,3
p15873931,C114360,歐舒丹,L'OCCITANE,L'OCCITANE歐舒丹草本香菁純平衡護髪素500ml,252,,,,,0,4,29,0,2026-09-15 15:02:21,391.41,,False,,2
p16087378,C123181,祖瑪瓏,JO MALONE LONDON,Jo Malone祖瑪瓏香水馥鬱系列（黑琥珀與薑百合香型） 50ml,1175,,,,,0,1,1,0,2026-07-30 16:20:23,1095.01,,False,,0
p15868120,C114251,聖羅蘭,YSL,YSL聖羅蘭敢愛自由眼線筆,171,285.0,171.0,114.0,,6,6,29,0,2026-09-18 00:00:00,159.36,,False,0.0,3
p15839226,C109313,資生堂,SHISEIDO,SHISEIDO資生堂時光琉璃凝時生機精華液 30ml,4030,,,,,0,6,39,0,2024-07-31 11:57:31,3755.66,,False,,0
p15875975,C116407,碧歐泉,BIOTHERM,Biotherm 碧歐泉男士水動力套組125ml+30ml+20ml,1085,,,,,0,2,15,0,2026-09-15 15:02:41,1011.14,,False,,0
p15841692,C110635,歐舒丹,L'OCCITANE,L'OCCITANE歐舒丹臘菊香精萃活顏潔面泡沫 150ml,174,,,,,0,5,52,0,2024-07-31 11:40:01,270.26,,False,,2
p15869514,C113271,科顏氏,KIEHL'S,Kiehl’s科顏氏金盞花舒緩平衡乳液125ml,252,420.0,252.0,168.0,,15,15,41,0,2026-09-15 00:00:00,234.85,,False,0.0,3
p15833400,C055148,卡詩,KERASTASE,KERASTASE卡詩耀光凝色晶透洗髮水 250ml,176,270.0,176.0,94.0,,13,13,51,0,2026-09-18 00:00:00,164.02,,False,0.0,3
p15947321,C121645,雅詩蘭黛,ESTEE LAUDER,Estee Lauder雅詩蘭黛防曬30ml,460,,,,,0,2,7,0,2026-09-15 15:03:23,428.69,,False,,0
p15739664,C056666,倩碧,CLINIQUE,CLINIQUE倩碧小雛菊腮紅12 3.5g,160,,,,,0,1,27,0,2025-01-08 18:44:33,149.11,,False,,0
p15738509,C021463,喬治阿瑪尼,GIORGIO ARMANI,GIORGIO ARMANI 阿瑪尼摯愛女士濃香水50ml,1155,,,,,0,24,10,0,2026-08-31 17:16:51,1076.37,,False,,0
p15942498,C121169,理膚泉,LA ROCHE-POSAY,LA ROCHE-POSAY理膚泉大哥大防曬兩件套套裝50ml*2,490,,,,,0,1,4,0,2026-09-15 15:03:09,456.64,,False,,0
p15919472,C120295,湯姆福特,TOM FORD,Tom Ford湯姆福特雪映流光限定精華露30ml,895,,,,,0,1,2,0,2026-09-15 15:03:05,834.07,,False,,0
p15739426,C051266,伊麗莎白·雅頓,ELIZABETH ARDEN,Elizabeth Arden伊麗莎白雅頓全天候膠囊精華液套裝 14ml*3,891,,,,,0,1,8,0,2024-09-29 15:36:48,830.35,,False,,0
p15884993,C116233,雅詩蘭黛,ESTEE LAUDER,Estée Lauder雅詩蘭黛智妍緊塑煥白淡斑精華乳100ml,920,,,,,0,2,16,0,2025-04-16 12:08:20,857.37,,False,,0
p15736989,C030074,祖瑪瓏,JO MALONE LONDON,JO MALONE祖·瑪瓏 London祖·瑪瓏橙花香水100毫升,868,1355.0,868.0,487.0,,6,6,13,0,2026-09-18 00:00:00,808.91,,False,0.0,3
p15874758,C111719,伊麗莎白·雅頓,ELIZABETH ARDEN,ELIZABETH ARDEN伊麗莎白·雅頓	時空煥活淡紋緊致面霜 50ml,405,735.0,5.5,330.0,,4,4,4,0,2026-09-15 00:00:00,377.43,,False,0.0,3
p16070209,C123454,科顏氏,KIEHL'S,Kiehl’s科顏氏臻選煥滑美肌套裝50ml+50ml,672,895.0,7.5,223.0,,1,1,1,0,2026-09-15 00:00:00,626.25,,False,0.0,3
p15809339,C105485,祖瑪瓏,JO MALONE LONDON,JO MALONE LONDON 祖瑪瓏古龍水-晚香玉與天使草古龍-100ML,975,1685.0,5.8,710.0,,1,1,9,0,2026-09-15 00:00:00,908.63,,False,0.0,3
p15894212,C117142,嬌韻詩,CLARINS,CLARINS嬌韻詩男士肌膚必備套組125ml+50ml,397,,,,,0,1,9,0,2026-09-15 15:02:46,568.47,,False,,2
p15736293,C024069,芭比波朗,BOBBI BROWN,BOBBI BROWN芭比波朗腮紅刷,490,,,,,0,1,18,0,2024-07-31 11:12:26,456.64,,False,,0
p16103111,C122657,資生堂,SHISEIDO,Shiseido資生堂時光琉璃奢潤緊致組合170ml+50ml,2034,3390.0,2034.0,1356.0,,3,3,1,0,2026-09-18 00:00:00,1895.54,,False,0.0,3
p15849355,C109977,希思黎,SISLEY PARIS,sisley希思黎致臻夜間修護精華面霜 50ML,3478,,,,,0,2,8,0,2024-07-31 11:32:06,5218.79,,False,,2
p15916255,C120928,歐舒丹,L'OCCITANE,L’occitane歐舒丹甜蜜櫻花淡香氛50ml,354,,,,,0,5,2,0,2026-09-15 15:03:05,549.84,,False,,2
p15857650,C107282,赫蓮娜,HELENA RUBINSTEIN,HR赫連娜至美琉光恒采煥亮眼霜 15ML,1540,,,,,0,4,14,0,2026-03-30 15:18:53,1435.17,,False,,0
p15914828,F119399,泰國老牌,泰國老牌,泰國老牌強骨力膏貼 10片,66,,,,,0,2,11,0,2025-10-24 15:55:40,61.51,,False,,0
p15876409,C115915,巴黎歐萊雅,L'OREAL PARIS,L'oreal 歐萊雅男士水能量套裝,235,,,,,0,6,45,0,2024-12-16 16:45:54,219.0,,False,,0
p15821710,C106514,紀梵希,Givenchy,GIVENCHY紀梵希黑能臻萃潔面乳 125ml,830,,,,,0,2,9,0,2025-02-25 15:56:08,773.5,,False,,0
p15858663,E1654915,寶麗萊,Polaroid,POLAROID寶麗萊太陽鏡20732635J60LA,930,,,,,0,2,2,0,2025-07-03 11:45:15,866.69,,False,,0
p15736037,C043411,伊麗莎白·雅頓,ELIZABETH ARDEN,Elizabeth Arden伊麗莎白雅頓鉑粹禦膚智慧防護乳 40ml,502,,,,,0,1,8,0,2024-09-09 11:31:40,467.83,,False,,0
p15916047,698133406,徠芬,Laifen,Laifen 徠芬 SE Lite 負離子高速風筒 (附送標準順滑風嘴) 亮白色【下單請勿選京東代收點，詳細查看購買須知】,399,499.0,8.0,100.0,,15,15,2,0,2026-09-15 00:00:00,371.84,,False,0.0,3
p15741489,C055096,雪肌精,SEKKISEI,SEKKISEI雪肌精優醇菁華霜 50ml,261,435.0,261.0,174.0,,7,7,24,5,2026-09-15 00:00:00,243.23,,False,0.0,3
p15896959,C112457,儀式,RITUALS,RITUALS白色羅勒香薰蠟燭-360g,435,,,,,0,2,7,0,2026-07-22 10:19:08,405.39,,False,,0
p15736701,C024071,芭比波朗,BOBBI BROWN,BOBBI BROWN芭比波朗修容,253,445.0,5.7,192.0,,1,1,10,0,2026-09-15 00:00:00,235.78,,False,0.0,3
p15872167,C112143,伊麗莎白·雅頓,ELIZABETH ARDEN,ELIZABETH ARDEN伊麗莎白·雅頓時空煥活淡紋緊致膠囊精華液 28ml,780,,,,,0,2,17,0,2024-10-15 15:15:39,726.9,,False,,0
p15737942,C009316,CLINIQUE,CLINIQUE (Beauty),CLINIQUE倩碧水洗卸妝泡沫霜 150ml,123,205.0,123.0,82.0,,3,3,18,0,2026-09-18 00:00:00,114.63,,False,0.0,3
p15743680,C053173,CLINIQUE,CLINIQUE (Beauty),CLINIQUE倩碧100 小時自我修護水嫩補濕啫喱75ML,276,500.0,5.5,224.0,,10,10,34,5,2026-09-15 00:00:00,257.21,,False,0.0,3
p15941552,F119385,月兔牌,月兔牌,月兔牌-冰感舒緩舒痛膏,90,,,,,0,7,5,0,2025-12-30 10:03:30,83.87,,False,,0
p15737524,C040731,祖瑪瓏,JO MALONE LONDON,JO MALONE祖·瑪瓏香水（英國橡樹與榛果香型）30ml,640,,,,,0,1,15,0,2024-07-31 11:15:26,596.43,,False,,0
p15889825,C112456,儀式,RITUALS,RITUALS野無花果香氛噴霧-500ml,234,410.0,5.7,176.0,,1,1,21,0,2026-09-15 00:00:00,218.07,,False,0.0,3
p15794488,C103045,希思黎,SISLEY PARIS,sisley 希思黎致臻夜間金鑽精粹水 140ml,1248,,,,,0,2,23,0,2024-07-31 11:50:09,1863.85,,False,,2
p15743002,C033309,伊麗莎白·雅頓,ELIZABETH ARDEN,Elizabeth Arden伊麗莎白雅頓經典潤色護唇膏套組,353,,,,,0,1,14,0,2024-09-09 11:31:53,328.97,,False,,0
p15830769,C105746,雅诗兰黛,ESTEE LAUDER,ESTEE LAUDER雅詩蘭黛鮮活亮采精華露 200ML,273,455.0,273.0,182.0,,6,6,20,0,2026-09-18 00:00:00,254.42,,False,0.0,3
p15952583,E1831991,博柏利,BURBERRY,BURBERRY博柏利太陽鏡0BE4435F41478753,2120,,,,,0,1,2,0,2026-04-02 14:04:42,1975.68,,False,,0
p15801724,C102176,古馳,Gucci,GUCCI  古馳絢麗茉莉花濃香水 50ml,676,,,,,0,1,7,0,2026-02-25 16:48:19,969.2,,False,,2
p15941381,F119382,月兔牌,月兔牌,月兔牌-溫熱舒緩舒痛膏,90,,,,,0,2,16,0,2025-12-30 10:03:55,83.87,,False,,0
p15742969,C030065,祖瑪瓏,JO MALONE LONDON,JO MALONE祖·瑪瓏英國梨與小蒼蘭香水 100ml  C030065,1355,,,,,0,1,8,0,2025-02-25 10:28:45,1262.76,,False,,0
p15894581,E1591912,寶麗萊,Polaroid,POLAROID寶麗來太陽鏡206410J5G56M9,590,,,,,0,1,2,0,2025-07-03 11:45:15,549.84,,False,,0
p15914830,F119400,濟公堂,濟公堂,濟公堂五鞭海狗丸(木盒) 300粒（有效期至：2028.10.31）,450,,,,,0,6,12,0,2025-10-24 16:01:06,419.37,,False,,0
p15737353,C026774,資生堂,SHISEIDO,SHISEIDO資生堂百優精純乳霜 75ML,490,816.0,490.0,326.0,,9,9,45,5,2026-09-18 00:00:00,456.64,,False,0.0,3
p15736807,C031852,魅可,MAC,MAC魅可妝前持久眼部打底 12ml,260,,,,,0,9,57,0,2024-07-31 11:12:32,242.3,,False,,0
p15863602,C113094,科顏氏,KIEHL'S,KIEHL'S科顏氏精研三酸煥膚精華50ML,388,630.0,388.0,242.0,,9,9,100+,0,2026-09-18 00:00:00,361.59,,False,0.0,3
p16087502,C123193,祖瑪瓏,JO MALONE LONDON,Jo Malone祖瑪瓏香水（英國橡樹與榛子香型） 30ml,640,,,,,0,1,2,0,2026-07-30 16:07:56,596.43,,False,,0
p15947317,C120949,歐舒丹,L'OCCITANE,L’occitane歐舒丹甜蜜櫻花淡香氛套裝50ML+30ML,354,,,,,0,1,5,0,2026-05-17 14:44:53,549.84,,False,,2
p15898587,F119370,泰國老牌,泰國老牌,泰國老牌健胃肚痛整腸丸180粒裝(保質期至：2029/5/30),80,,,,,0,2,48,0,2026-02-10 16:52:45,74.55,,False,,0
p15793696,C100257,卡爾文·克雷恩,CALVIN KLEIN,Calvin Klein 卡爾文克雷恩卡雷比淡香水 100ml,545,,,,,0,1,4,0,2025-06-27 16:41:00,507.9,,False,,0
p16109179,698136125,徠芬,Laifen,Laifen Air 負離子高速風筒 - 附送標準順滑風嘴  奶茶色【下單請勿選京東代收點，詳細查看購買須知】,449,649.0,6.9,200.0,,5,5,1,0,2026-09-15 00:00:00,418.43,,False,0.0,3
p15894448,C028394,倩碧,CLINIQUE,CLINIQUE倩碧男士淨爽潔面啫喱200ml,149,240.0,149.0,91.0,,3,3,2,0,2026-09-18 00:00:00,138.86,,False,0.0,3
p15894582,E1654902,寶麗萊,Polaroid,POLAROID寶麗來太陽鏡20730601059M9,930,,,,,0,1,3,0,2025-07-03 11:45:15,866.69,,False,,0
p15739541,C035429,倩碧,CLINIQUE,CLINIQUE倩碧男士保濕精華露 48ML,385,,,,,0,1,13,0,2025-02-25 10:28:44,358.79,,False,,0
p15737869,C024172,芭比布朗,BOBBI BROWN,BOBBI BROWN芭比波朗流雲液體眼線筆墨黑1ml,275,,,,,0,1,34,0,2024-08-13 16:39:40,256.28,,False,,0
p15893771,C107589,嬌韻詩,CLARINS,CLARINS嬌韻詩活力沐浴露-200ML,169,,,,,0,2,7,0,2026-08-11 10:21:21,242.3,,False,,2
p15737332,C047982,祖玛珑,JO MALONE LONDON,JO MALONE祖·瑪瓏沐浴露(虞美人與大麥香型)250ml,224,405.0,5.5,181.0,,9,9,19,30,2026-09-15 00:00:00,208.75,,False,0.0,3
p15743677,C044657,科顏氏,KIEHL'S,Kiehl's 科顏氏金盞花精華水活霜 50ML,430,,,,,0,13,47,5,2025-09-22 15:16:05,400.73,,False,,0
p15743659,C030425,聖羅蘭,YSL BEAUTY,YSL聖羅蘭亮顏亮肌乳40ML,351,570.0,351.0,219.0,,33,33,200+,0,2026-09-18 00:00:00,327.11,,False,0.0,3
p15915195,F119383,月兔牌,月兔牌,月兔牌痔瘡膏25g,66,,,,,0,1,24,0,2026-05-12 14:37:22,61.51,,False,,0
p15796938,C104764,希思黎,SISLEY PARIS,sisley希思黎日間呵護精華乳 50ml,1950,,,,,0,4,27,0,2024-07-31 11:50:30,2963.52,,False,,2
p15948950,C122423,紀梵希,Givenchy,GIVENCHY紀梵希經典香水迷你套裝8ml*4,770,,,,,0,1,3,0,2026-09-15 15:03:43,717.58,,False,,0
p15843589,C109894,博柏利,BURBERRY,BURBERRY博柏利花與她花漾女士香水 花果香調 88ml,924,,,,,0,6,6,0,2024-07-31 11:39:32,1435.17,,False,,2
p15894592,E1654908,寶麗萊,Polaroid,POLAROID寶麗來太陽鏡20671500362UC,590,,,,,0,1,2,0,2025-07-03 11:45:15,549.84,,False,,0
p15782399,C102667,雅詩蘭黛,ESTEE LAUDER,ESTEE LAUDER雅詩蘭黛 第五代升級再生基因修復眼霜雙支裝15毫升,975,,,,,0,67,600+,0,2025-11-03 11:42:48,908.63,,False,,0
p16095834,F120271,家得路,CATALO,Catalo家得路天然孕鈣C 90粒(保質期至：2028.11.1),251,428.0,251.0,177.0,,65,65,1,0,2026-09-18 00:00:00,233.91,,False,0.0,3
p15883651,C115858,資生堂,SHISEIDO,Shiseido資生堂-紅妍肌活精華露組合-100ML*2,1506,2510.0,1506.0,1004.0,,47,47,100+,0,2026-09-15 00:00:00,1403.48,,False,0.0,3
p16116461,C125148,嬌韻詩,CLARINS,Clarins嬌韻詩雙萃精華組合50ml+20ml,1200,,,,,0,45,,0,2026-09-15 15:03:49,1397.89,,False,,2
p15876391,C113678,紀梵希,Givenchy,GIVENCHY 紀梵希明星四宮格柔霧散粉,306,565.0,306.0,259.0,,39,39,200+,0,2026-09-18 00:00:00,285.17,,False,0.0,3
p15900709,C119866,卡詩,KERASTASE,KERASTASE卡詩釉光玫瑰瑩潤洗髪水250ml,176,270.0,176.0,94.0,,31,31,48,0,2026-09-18 00:00:00,164.02,,False,0.0,3
p16126447,C125226,歐舒丹,L'OCCITANE,L’occitane歐舒丹乳木果潤手霜150ml (旅遊零售獨家),245,,,,,0,30,,0,2026-09-11 10:47:33,228.32,,False,,0
p15739069,C050553,理膚泉,LA ROCHE-POSAY,LA ROCHE POSAY理膚泉特護輕盈防曬噴霧 200ML,126,210.0,126.0,84.0,,30,30,40,0,2026-09-18 00:00:00,117.42,,False,0.0,3
p15870336,C114167,歐緹麗,CAUDALIE,CAUDALIE歐緹麗啫喱面霜-60ML,156,,,,,0,29,57,5,2024-10-08 15:02:25,242.3,,False,,2
p15827504,C106053,植村秀,SHU UEMURA,shu uemura植村秀羽紗持妝啞光噴霧-100ML,285,,,,,0,29,100+,0,2025-01-23 13:45:22,265.6,,False,,0
p15884184,C111065,巴黎歐萊雅,L'OREAL PARIS,L'oreal歐萊雅複顏滋潤保濕護膚套裝50ml+50ml+15ml+30ml+100ml【有效期至：2027年5月】,472,845.0,5.6,373.0,,26,26,80,0,2026-09-15 00:00:00,439.87,,False,0.0,3
p15916050,698133425,有色,yoose,Yoose-Mini Cube 多功能便攜電動鬚刨 競速黃【下單請勿選京東代收點，詳細查看購買須知】,399,499.0,8.0,100.0,,25,25,,0,2026-09-15 00:00:00,371.84,,False,0.0,3
p15826000,C106641,馥蕾詩,FRESH,fresh馥蕾詩澄糖滋養修護潤唇膏-4.3G,240,,,,,0,25,400+,0,2024-08-13 16:39:47,223.66,,False,,0
p15915656,698133426,有色,yoose,Yoose-Mini Cube 多功能便攜電動鬚刨 亞麻白【下單請勿選京東代收點，詳細查看購買須知】,399,499.0,8.0,100.0,,25,25,,0,2026-09-15 00:00:00,371.84,,False,0.0,3
p15916049,698133423,有色,yoose,Yoose-Mini Cube 多功能便攜電動鬚刨 暗夜黑【下單請勿選京東代收點，詳細查看購買須知】,399,499.0,8.0,100.0,,25,25,,0,2026-09-15 00:00:00,371.84,,False,0.0,3
p15916036,698133420,有色,yoose,Yoose-MINI 5 往復式五刀頭迷你電動鬚刨 石墨藍【下單請勿選京東代收點，詳細查看購買須知】,599,699.0,8.6,100.0,,25,25,1,0,2026-09-15 00:00:00,558.22,,False,0.0,3
p15916040,698133419,有色,yoose,Yoose-MINI 5 往復式五刀頭迷你電動鬚刨 礦石綠【下單請勿選京東代收點，詳細查看購買須知】,599,699.0,8.6,100.0,,25,25,,0,2026-09-15 00:00:00,558.22,,False,0.0,3
p15916041,698133424,有色,yoose,Yoose-Mini Cube 多功能便攜電動鬚刨 克萊因藍【下單請勿選京東代收點，詳細查看購買須知】,399,499.0,8.0,100.0,,25,25,,0,2026-09-15 00:00:00,371.84,,False,0.0,3
p15916048,698133418,有色,yoose,Yoose-MINI 5 往復式五刀頭迷你電動鬚刨 曜石黑【下單請勿選京東代收點，詳細查看購買須知】,599,699.0,8.6,100.0,,25,25,,0,2026-09-15 00:00:00,558.22,,False,0.0,3
p15915659,698133422,有色,yoose,Yoose-Mini Cube 多功能便攜電動鬚刨 電鍍銀【下單請勿選京東代收點，詳細查看購買須知】,399,499.0,8.0,100.0,,25,25,1,0,2026-09-15 00:00:00,371.84,,False,0.0,3
p15782300,C102485,蘭蔻,LANCOME,LANCOME蘭蔻亮眼青春活膚濃縮液套裝20ML*2,881,1420.0,881.0,539.0,,22,22,75,0,2026-09-18 00:00:00,821.03,,False,0.0,3
p16070200,C123439,聖羅蘭,YSL,YSL聖羅蘭恒久無瑕柔霧定妝輕墊液,403,575.0,403.0,172.0,,21,21,36,0,2026-09-18 00:00:00,375.57,,False,0.0,3
p16095832,F122507,家得路,CATALO,Catalo家得路兒童全效護眼專家+葉黃素&玉米黃質100粒(保質期至：2027.7.1),345,548.0,345.0,203.0,,20,20,,0,2026-09-18 00:00:00,321.51,,False,0.0,3
p15738759,C056620,雪肌精,SEKKISEI,SEKKISEI雪肌精逸透臻顏煥活精華露 50ml,360,600.0,360.0,240.0,,20,20,32,0,2026-09-15 00:00:00,335.49,,False,0.0,3
p15741126,C028836,聖羅蘭,YSL BEAUTY,YSL聖羅蘭 BLACalvin Klein OPIUM 濃香水 90ML,1010,1655.0,6.1,645.0,,19,19,15,0,2026-09-15 00:00:00,941.25,,False,0.0,3
p15867666,C114067,蘭蔻,LANCOME,LANCOME蘭蔻極光乳液淨澈煥膚亮白乳液 75ml 勻淨透亮,486,810.0,486.0,324.0,,19,19,50,0,2026-09-18 00:00:00,452.92,,False,0.0,3
p15742068,C050278,馥蕾詩,FRESH,fresh馥蕾詩澄糖滋養夜間修護唇膜,150,250.0,150.0,100.0,,18,18,100+,5,2026-09-15 00:00:00,139.79,,False,0.0,3
p15742068,C050278,馥蕾詩,FRESH,fresh馥蕾詩澄糖滋養夜間修護唇膜,150,250.0,150.0,100.0,,18,18,100+,5,2026-09-15 00:00:00,139.79,,False,0.0,3
p16075669,698135784,Kanine,Kanine,Kanine-湯米·希爾費格旗幟Polo衫 Primary Red,670,,,,,0,18,,0,2026-06-26 14:02:21,624.39,,False,,0
p16076172,698135375,Kanine,Kanine,Kanine-狗狗天然纖維毛衣 Tap Shoe Black,320,,,,,0,18,,0,2026-06-26 14:02:45,298.22,,False,,0
p16076182,698135442,Kanine,Kanine,Kanine-狗狗條紋T恤 Solar Power Yellow,160,,,,,0,18,,0,2026-06-26 14:02:43,149.11,,False,,0
p16076107,698135903,Kanine,Kanine,Kanine-湯米·希爾費格狗狗標誌衛衣 Desert Sky,620,,,,,0,18,,0,2026-06-26 14:02:22,577.79,,False,,0
p16075665,698135915,Kanine,Kanine,Kanine-湯米·希爾費格狗狗徽標印花軟墊夾克 Desert Sky,1090,,,,,0,18,,0,2026-06-26 14:02:21,1015.8,,False,,0
p16076101,698135769,Kanine,Kanine,Kanine-湯米·希爾費格旗幟Polo衫 Breezy Blue,670,,,,,0,18,,0,2026-06-26 14:02:22,624.39,,False,,0
p16076146,698135642,Kanine,Kanine,Kanine-超級英雄寵物連帽衫 Krypto - Blue,240,,,,,0,18,,0,2026-06-26 14:02:21,223.66,,False,,0
p16138439,F125941,Apple,APPLE,iPhone 18 Pro【5日內發貨】,10499,,,,,0,18,19,1,2026-09-18 14:18:03,9784.29,,False,,0
p16076129,698135972,Kanine,Kanine,Kanine-熱刺官方寵物球衣套裝 Spurs Navy,400,,,,,0,18,,0,2026-06-26 14:02:43,372.77,,False,,0
p15869867,C114852,歐緹麗,CAUDALIE,CAUDALIE歐緹麗白藜蘆醇提升緊致絲漾乳液-40ML,270,,,,,0,17,1,0,2024-10-12 15:31:26,419.37,,False,,2
p15740198,C051512,喬治阿瑪尼,GIORGIO ARMANI,GIORGIO ARMANI阿瑪尼黑鑰匙至臻奐顏保濕賦活精華水 150ml,791,1235.0,791.0,444.0,,17,17,100+,0,2026-09-18 00:00:00,737.15,,False,0.0,3
p15913047,C121173,理膚泉,LA ROCHE-POSAY,LA ROCHE-POSAY理膚泉清痘淨膚淨徹潔膚啫喱-400ML,153,250.0,153.0,97.0,,16,16,27,0,2026-09-18 00:00:00,142.58,,False,0.0,3
p15915719,698133268,JBL,JBL,JBL-Grip 便攜式霓虹燈防水藍牙喇叭 黑色【下單請勿選京東代收點，詳細查看購買須知】,799,,,,,0,16,,0,2025-11-27 13:58:31,744.61,,False,,0
p15792866,C101990,希思黎,SISLEY PARIS,sisley希思黎三重精華油卸妝乳膏,570,,,,,0,16,45,0,2024-07-31 11:46:15,885.33,,False,,2
p16075670,698135790,Kanine,Kanine,Kanine-湯米·希爾費格旗幟Polo衫 TH Optic White,670,,,,,0,15,,0,2026-06-26 14:02:21,624.39,,False,,0
p16075740,698135339,Kanine,Kanine,Kanine-Aigle RainPack Warm 寵物防雨外套 Black A,980,,,,,0,15,,0,2026-06-26 14:02:45,913.29,,False,,0
p15916017,698133375,韶音,Shokz,Shokz - OpenFit Air 開放式藍牙耳機 T511 冰川白【下單請勿選京東代收點，詳細查看購買須知】,899,,,,,0,15,,0,2025-11-27 14:55:22,837.8,,False,,0
p15916022,698133394,徠芬,Laifen,Laifen 徠芬 SE 2 負離子高速風筒 - 附送標準順滑風嘴 白色【下單請勿選京東代收點，詳細查看購買須知】,749,949.0,7.9,200.0,,15,15,,0,2026-09-15 00:00:00,698.01,,False,0.0,3
p15916034,698133416,奧多友,ODOYO,ODOYO - Magic Punch Nano 超便攜隨身按摩槍 藍色【下單請勿選京東代收點，詳細查看購買須知】,599,,,,,0,15,,0,2025-11-27 16:00:13,558.22,,False,,0
p15915644,698133410,奧多友,ODOYO,ODOYO - Magic Punch Color 便攜熱敷按摩槍 霧面紫色【下單請勿選京東代收點，詳細查看購買須知】,499,599.0,8.3,100.0,,15,15,,0,2026-09-15 00:00:00,465.03,,False,0.0,3
p15915645,698133397,徠芬,Laifen,Laifen 徠芬 SE 2 負離子高速風筒 (限量別注版：魅影黑 )【下單請勿選京東代收點，詳細查看購買須知】,749,949.0,7.9,200.0,,15,15,,0,2026-09-15 00:00:00,698.01,,False,0.0,3
p15915650,698133392,徠芬,Laifen,Laifen 徠芬 SE 2 負離子高速風筒 - 附送標準順滑風嘴 紫色【下單請勿選京東代收點，詳細查看購買須知】,749,949.0,7.9,200.0,,15,15,,0,2026-09-15 00:00:00,698.01,,False,0.0,3
p15915681,698133358,韶音,Shokz,Shokz -【影院級】OpenDots ONE 杜比音效開放式藍牙耳機 (E310) 星際灰【下單請勿選京東代收點，詳細查看購買須知】,1399,1599.0,8.7,200.0,,15,15,,0,2026-09-15 00:00:00,1303.76,,False,0.0,3
p16075670,698135790,Kanine,Kanine,Kanine-湯米·希爾費格旗幟Polo衫 TH Optic White,670,,,,,0,15,,0,2026-06-26 14:02:21,624.39,,False,,0
p16075740,698135339,Kanine,Kanine,Kanine-Aigle RainPack Warm 寵物防雨外套 Black A,980,,,,,0,15,,0,2026-06-26 14:02:45,913.29,,False,,0
p15915641,698133393,徠芬,Laifen,Laifen 徠芬 SE 2 負離子高速風筒 - 附送標準順滑風嘴 黃色【下單請勿選京東代收點，詳細查看購買須知】,749,949.0,7.9,200.0,,15,15,,0,2026-09-15 00:00:00,698.01,,False,0.0,3
p15915642,698133390,徠芬,Laifen,【最新】Laifen 徠芬 Swift 4 正負離子高速護髮風筒 - 附送標準順滑風嘴及精華導入風嘴 鈦灰色【下單請勿選京東代收點，詳細查看購買須知】,1099,1299.0,8.5,200.0,,15,15,,0,2026-09-15 00:00:00,1024.19,,False,0.0,3
p15915651,698133398,徠芬,Laifen,Laifen 徠芬 Mini 負離子高速風筒 - 附送標準順滑風嘴/便攜收納包 抹茶綠【下單請勿選京東代收點，詳細查看購買須知】,599,799.0,7.5,200.0,,15,15,,0,2026-09-15 00:00:00,558.22,,False,0.0,3
p15915729,698133270,JBL,JBL,JBL-Grip 便攜式霓虹燈防水藍牙喇叭 藍色【下單請勿選京東代收點，詳細查看購買須知】,799,,,,,0,15,,0,2025-11-27 13:58:31,744.61,,False,,0
p15915732,698133273,JBL,JBL,JBL-Grip 便攜式霓虹燈防水藍牙喇叭 紫色【下單請勿選京東代收點，詳細查看購買須知】,799,,,,,0,15,,0,2025-11-27 13:58:31,744.61,,False,,0
p15916023,698133377,韶音,Shokz,Shokz - OpenFit Air 開放式藍牙耳機 T511 寶石藍【下單請勿選京東代收點，詳細查看購買須知】,899,,,,,0,15,,0,2025-11-27 14:55:43,837.8,,False,,0
p15916031,698133389,徠芬,Laifen,【最新】Laifen 徠芬 Swift 4 正負離子高速護髮風筒 - 附送標準順滑風嘴及精華導入風嘴 星光色【下單請勿選京東代收點，詳細查看購買須知】,1099,1299.0,8.5,200.0,,15,15,1,0,2026-09-15 00:00:00,1024.19,,False,0.0,3
p15916039,698133413,奧多友,ODOYO,ODOYO - Magic Punch Color 便攜熱敷按摩槍 霧面粉色【下單請勿選京東代收點，詳細查看購買須知】,499,599.0,8.3,100.0,,15,15,,0,2026-09-15 00:00:00,465.03,,False,0.0,3
p15916090,698133370,韶音,Shokz,Shokz OpenSwim Pro (S710) 水陸兩用 專業運動耳機 珊瑚紅【下單請勿選京東代收點，詳細查看購買須知】,1399,1599.0,8.7,200.0,,15,15,,0,2026-09-15 00:00:00,1303.76,,False,0.0,3
p16075705,698135481,Kanine,Kanine,Kanine-狗狗胸背帶與牽繩 Sodalite Blue,240,,,,,0,15,,0,2026-06-26 14:02:22,223.66,,False,,0
p16075729,698135354,Kanine,Kanine,Kanine-Aigle 寵物風衣 Osier A,1480,,,,,0,15,,0,2026-06-26 14:02:45,1379.25,,False,,0
p16075749,698135388,Kanine,Kanine,Kanine-狗狗天然纖維毛衣 Black Iris,320,,,,,0,15,,0,2026-06-26 14:02:44,298.22,,False,,0
p15915652,698133407,徠芬,Laifen,Laifen 徠芬 SE Lite 負離子高速風筒 (附送標準順滑風嘴) 亮紫色【下單請勿選京東代收點，詳細查看購買須知】,399,499.0,8.0,100.0,,15,15,,0,2026-09-15 00:00:00,371.84,,False,0.0,3
p15915730,698133272,JBL,JBL,JBL-Grip 便攜式霓虹燈防水藍牙喇叭 白色【下單請勿選京東代收點，詳細查看購買須知】,799,,,,,0,15,,0,2025-11-27 13:58:31,744.61,,False,,0
p15916018,698133374,韶音,Shokz,Shokz - OpenFit Air 開放式藍牙耳機 T511 玄武黑【下單請勿選京東代收點，詳細查看購買須知】,899,,,,,0,15,,0,2025-11-27 14:54:11,837.8,,False,,0
p15916032,698133411,奧多友,ODOYO,ODOYO - Magic Punch Color 便攜熱敷按摩槍 霧面黃色【下單請勿選京東代收點，詳細查看購買須知】,499,599.0,8.3,100.0,,15,15,,0,2026-09-15 00:00:00,465.03,,False,0.0,3
p15916074,698133277,JBL,JBL,JBL-Horizon 3 藍牙FM收音機鬧鐘喇叭 白色【下單請勿選京東代收點，詳細查看購買須知】,1199,,,,,0,15,,0,2025-11-26 14:31:41,1117.38,,False,,0
p16075746,698135461,Kanine,Kanine,Kanine-狗狗繩索項圈 Zinfandel Burgundy,200,,,,,0,15,,0,2026-06-26 14:02:44,186.39,,False,,0
p16075679,698135948,Kanine,Kanine,Kanine-阿森納寵物衛衣 Primary Red,300,,,,,0,15,,0,2026-06-26 14:02:44,279.58,,False,,0
p15916021,698133391,徠芬,Laifen,【最新】Laifen 徠芬 Swift 4 正負離子高速護髮風筒 - 附送標準順滑風嘴及精華導入風嘴 幻紫色【下單請勿選京東代收點，詳細查看購買須知】,1099,1299.0,8.5,200.0,,15,15,1,0,2026-09-15 00:00:00,1024.19,,False,0.0,3
p15916085,698133359,韶音,Shokz,Shokz -【影院級】OpenDots ONE 杜比音效開放式藍牙耳機 (E310) 柔霧粉【下單請勿選京東代收點，詳細查看購買須知】,1399,1599.0,8.7,200.0,,15,15,,0,2026-09-15 00:00:00,1303.76,,False,0.0,3
p15916106,698133271,JBL,JBL,JBL-Grip 便攜式霓虹燈防水藍牙喇叭 迷彩色【下單請勿選京東代收點，詳細查看購買須知】,799,,,,,0,15,,0,2025-11-27 13:58:31,744.61,,False,,0
p16117443,C125139,嬌韻詩,CLARINS,Clarins嬌韻詩煥顏彈力緊致頸霜75ml,608,,,,,0,15,,0,2026-09-15 15:03:50,708.26,,False,,2
p16076156,698135977,Kanine,Kanine,Kanine-熱刺官方寵物球衣套裝 Navy - 21,400,,,,,0,15,,0,2026-06-26 14:02:22,372.77,,False,,0
p16076160,698135399,Kanine,Kanine,Kanine-狗狗Polo衫 Sodalite Blue,200,,,,,0,15,,0,2026-06-26 14:02:56,186.39,,False,,0
p16076163,698135349,Kanine,Kanine,Kanine-Aigle 寵物風衣 Empire A,1480,,,,,0,15,,0,2026-06-26 14:02:45,1379.25,,False,,0
p16076153,698135953,Kanine,Kanine,Kanine-官方阿森納寵物球衣套裝 Primary Red,400,,,,,0,15,,0,2026-06-26 14:02:22,372.77,,False,,0
p16076164,698135363,Kanine,Kanine,Kanine-Aigle RainPack Light 寵物防雨外套 Black A,980,,,,,0,15,,0,2026-06-26 14:02:45,913.29,,False,,0
p16076165,698135344,Kanine,Kanine,Kanine-Aigle RainPack Warm 寵物防雨外套 Misty Blue A,980,,,,,0,15,,0,2026-06-26 14:02:44,913.29,,False,,0
p15916019,698133372,韶音,Shokz,Shokz OpenRun Air 專業運動耳機 風信紫【下單請勿選京東代收點，詳細查看購買須知】,899,1199.0,7.5,300.0,,15,15,,0,2026-09-15 00:00:00,837.8,,False,0.0,3
p15916024,698133368,韶音,Shokz,Shokz OpenFit 2 雙單元開放式藍牙耳機 T920 靜夜黑【下單請勿選京東代收點，詳細查看購買須知】,1199,1599.0,7.5,400.0,,15,15,,0,2026-09-15 00:00:00,1117.38,,False,0.0,3
p15916028,698133378,韶音,Shokz,Shokz OpenMeet 開放式藍牙通訊耳機 (C610)【下單請勿選京東代收點，詳細查看購買須知】,1799,,,,,0,15,,0,2025-11-27 14:58:40,1676.53,,False,,0
p15916044,698133414,奧多友,ODOYO,ODOYO - Magic Punch Nano 超便攜隨身按摩槍 深紫色【下單請勿選京東代收點，詳細查看購買須知】,599,,,,,0,15,,0,2025-11-27 16:00:13,558.22,,False,,0
p15916046,698133395,徠芬,Laifen,Laifen 徠芬 SE 2 負離子高速風筒 - 附送標準順滑風嘴 櫻花粉【下單請勿選京東代收點，詳細查看購買須知】,749,949.0,7.9,200.0,,15,15,,0,2026-09-15 00:00:00,698.01,,False,0.0,3
p15916028,698133378,韶音,Shokz,Shokz OpenMeet 開放式藍牙通訊耳機 (C610)【下單請勿選京東代收點，詳細查看購買須知】,1799,,,,,0,15,,0,2025-11-27 14:58:40,1676.53,,False,,0
p15916044,698133414,奧多友,ODOYO,ODOYO - Magic Punch Nano 超便攜隨身按摩槍 深紫色【下單請勿選京東代收點，詳細查看購買須知】,599,,,,,0,15,,0,2025-11-27 16:00:13,558.22,,False,,0
p15916046,698133395,徠芬,Laifen,Laifen 徠芬 SE 2 負離子高速風筒 - 附送標準順滑風嘴 櫻花粉【下單請勿選京東代收點，詳細查看購買須知】,749,949.0,7.9,200.0,,15,15,,0,2026-09-15 00:00:00,698.01,,False,0.0,3
p15916066,698133354,韶音,Shokz,Shokz OpenFit 2+【全新旗艦級】雙單元開放式藍牙耳機 T921 靜夜黑【下單請勿選京東代收點，詳細查看購買須知】,1399,1599.0,8.7,200.0,,15,15,,0,2026-09-15 00:00:00,1303.76,,False,0.0,3
p15916068,698133357,韶音,Shokz,Shokz -【影院級】OpenDots ONE 杜比音效開放式藍牙耳機 (E310) 原石黑【下單請勿選京東代收點，詳細查看購買須知】,1399,1599.0,8.7,200.0,,15,15,1,0,2026-09-15 00:00:00,1303.76,,False,0.0,3
p15916073,698133276,JBL,JBL,JBL-Horizon 3 藍牙FM收音機鬧鐘喇叭 黑色【下單請勿選京東代收點，詳細查看購買須知】,1199,,,,,0,15,,0,2025-11-26 14:31:35,1117.38,,False,,0
p15916105,698133269,JBL,JBL,JBL-Grip 便攜式霓虹燈防水藍牙喇叭 紅色【下單請勿選京東代收點，詳細查看購買須知】,799,,,,,0,15,,0,2025-11-27 13:58:29,744.61,,False,,0
p15892668,IN100530,自然堂,CHANDO,自然堂蝦青素緊致煥亮安瓶面膜-安瓶1.5ml+面膜33mL,38,62.0,38.0,24.0,,14,14,55,0,2026-09-15 00:00:00,35.41,,False,0.0,3
p15915660,698133401,徠芬,Laifen,Laifen 徠芬 Mini 負離子高速風筒 - 附送標準順滑風嘴/便攜收納包 珠光白【下單請勿選京東代收點，詳細查看購買須知】,599,799.0,7.5,200.0,,14,14,1,0,2026-09-15 00:00:00,558.22,,False,0.0,3
p15915699,698133371,韶音,Shokz,Shokz OpenSwim Pro (S710) 水陸兩用 專業運動耳機 頁岩灰【下單請勿選京東代收點，詳細查看購買須知】,1399,1599.0,8.7,200.0,,14,14,1,0,2026-09-15 00:00:00,1303.76,,False,0.0,3
p15782333,C100923,祖瑪瓏,JO MALONE LONDON,JO MALONE祖瑪瓏枕香噴霧(洋甘菊香型)50ml,193,365.0,193.0,172.0,,13,13,100+,0,2026-09-18 00:00:00,179.86,,False,0.0,3
p15805998,C102363,馥蕾詩,FRESH,fresh 馥蕾詩紅茶緊致塑顏面霜 50ml（版）,559,,,,,0,13,49,5,2024-08-07 14:21:28,801.46,,False,,2
p15811721,C105847,赫蓮娜,HELENA RUBINSTEIN,HR赫蓮娜綠寶瓶亮采精靈眼部精華乳 15ml,860,,,,,0,12,38,0,2024-07-31 11:53:02,801.46,,False,,0
p16126451,C125228,歐舒丹,L'OCCITANE,L’occitane歐舒丹藏紅暖木香潤膚乳250ml,232,290.0,8.0,58.0,,12,12,,0,2026-09-15 00:00:00,216.21,,False,0.0,3
p16076181,698135393,Kanine,Kanine,Kanine-狗狗天然纖維毛衣 Solar Power Yellow,320,,,,,0,12,,0,2026-06-26 14:02:43,298.22,,False,,0
p16076183,698135381,Kanine,Kanine,Kanine-狗狗天然纖維毛衣 Zinfandel Burgundy,320,,,,,0,12,,0,2026-06-26 14:02:44,298.22,,False,,0
p16076186,698135499,Kanine,Kanine,Kanine-狗狗條紋胸背帶 Zinfandel Burgundy,280,,,,,0,12,,0,2026-06-26 14:02:22,260.94,,False,,0
p16076188,698135367,Kanine,Kanine,Kanine-Aigle RainPack Light 寵物防雨外套 Sauterne A,980,,,,,0,12,,0,2026-06-26 14:02:21,913.29,,False,,0
p16076159,698135358,Kanine,Kanine,Kanine-Aigle RainPack Light 寵物防雨外套 Avocat A,980,,,,,0,12,,0,2026-06-26 14:02:56,913.29,,False,,0
p16116463,C121942,歐舒丹,L'OCCITANE,L’occitane歐舒丹甜扁桃緊致保濕美體乳輕盈版240ml,312,390.0,8.0,78.0,,12,12,,0,2026-09-15 00:00:00,290.76,,False,0.0,3
p16118972,C125004,資生堂,SHISEIDO,Shiseido資生堂百優精純乳霜組合75ml*2,953,1465.0,953.0,512.0,,12,12,,0,2026-09-18 00:00:00,888.13,,False,0.0,3
p15735847,C041210,悦木之源,ORIGINS,ORIGINS悅木之源韋博士靈芝煥能好底子精華面霜50毫升,372,620.0,372.0,248.0,,12,12,45,5,2026-09-15 00:00:00,346.68,,False,0.0,3
p16075716,698135697,Kanine,Kanine,Kanine-超級英雄寵物經典項圈 Logo Print,160,,,,,0,12,,0,2026-06-26 14:02:22,149.11,,False,,0
p16075703,698135477,Kanine,Kanine,Kanine-狗狗胸背帶與牽繩 Tap Shoe Black,240,,,,,0,12,,0,2026-06-26 14:02:43,223.66,,False,,0
p16076141,698135614,Kanine,Kanine,Kanine-超級英雄寵物 T 恤 Krypto - Blue,160,,,,,0,12,,0,2026-06-26 14:02:22,149.11,,False,,0
p16132733,C124089,碧歐泉,BIOTHERM,Biotherm碧歐泉水動力隨身瓶 125ml+30ml+20ml+5ml+1L,285,,,,,0,12,,0,2026-09-11 17:45:09,265.6,,False,,0
p15833677,C106652,紀梵希,Givenchy,GIVENCHY紀梵希光彩煥膚粉凝霜 12g,251,490.0,251.0,239.0,,12,12,18,0,2026-09-18 00:00:00,233.91,,False,0.0,3
p15846926,C110788,雅詩蘭黛,ESTEE LAUDER,Estee Lauder雅詩蘭黛鮮活亮采二合一面霜 雙支裝 50ML*2,627,1160.0,627.0,533.0,,12,12,33,5,2026-09-18 00:00:00,584.32,,False,0.0,3
p15737930,C039977,赫蓮娜,HELENA RUBINSTEIN,HR赫蓮娜活顏修復舒緩面膜 50ML,1917,3195.0,1917.0,1278.0,,12,12,32,0,2026-09-18 00:00:00,1786.5,,False,0.0,3
p16075646,698135839,Kanine,Kanine,Kanine-湯米·希爾費格寵物雨衣兜帽 Vivid Yellow,1180,,,,,0,12,,0,2026-06-26 14:02:44,1099.67,,False,,0
p15883653,C117793,喬治阿瑪尼,GIORGIO ARMANI,Giorgio Armani阿瑪尼權力持久絲絨啞光粉底液U00A01-5 30ml,407,625.0,407.0,218.0,,12,12,7,0,2026-09-18 00:00:00,379.29,,False,0.0,3
p16126450,C125230,歐舒丹,L'OCCITANE,L’occitane歐舒丹海鹽橡木香潤膚乳250ml,232,290.0,8.0,58.0,,12,12,,0,2026-09-15 00:00:00,216.21,,False,0.0,3
p16075717,698135693,Kanine,Kanine,Kanine-超級英雄寵物經典項圈 Krypto Print,160,,,,,0,12,,0,2026-06-26 14:02:21,149.11,,False,,0
p16075742,698135409,Kanine,Kanine,Kanine-狗狗T恤 Tap Shoe Black,160,,,,,0,12,,0,2026-06-26 14:02:44,149.11,,False,,0
p15876839,C116342,馥蕾詩,FRESH,FRESH馥蕾詩蓮花青春煥顏水150ml,216,360.0,216.0,144.0,,12,12,61,0,2026-09-15 00:00:00,201.3,,False,0.0,3
p16076179,698135548,Kanine,Kanine,Kanine-狗狗鈕扣花朵圍兜 Blue,235,,,,,0,12,,0,2026-06-26 14:02:22,219.0,,False,,0
p16075739,698135334,Kanine,Kanine,Kanine-Aigle RainPack Warm 寵物防雨外套 Avocat A,980,,,,,0,12,,0,2026-06-26 14:02:45,913.29,,False,,0
p16075760,698135510,Kanine,Kanine,Kanine-狗狗條紋胸背帶 Mars Red,280,,,,,0,12,,0,2026-06-26 14:02:22,260.94,,False,,0
p15833289,C109580,聖羅蘭,YSL BEAUTY,YSL 聖羅蘭悅享青春雙重煥膚潔面露-125ML,273,455.0,273.0,182.0,,12,12,24,0,2026-09-18 00:00:00,254.42,,False,0.0,3
p16132715,C125070,理膚泉,LA ROCHE-POSAY,LA ROCHE-POSAY理膚泉特護清透防曬乳SPF50+第二代 50ml,205,,,,,0,12,,0,2026-09-11 17:45:08,191.04,,False,,0
p15896497,C118217,海藍之謎,LA MER,La Mer海藍之謎提升緊致精華面膜50ml,1692,2820.0,1692.0,1128.0,,11,11,20,0,2026-09-15 00:00:00,1576.82,,False,0.0,3
p15743185,C053172,CLINIQUE,CLINIQUE (Beauty),CLINIQUE倩碧水嫩保濕潤膚霜 75ml,276,500.0,5.5,224.0,,11,11,15,5,2026-09-15 00:00:00,257.21,,False,0.0,3
p15889833,C117493,紀梵希,Givenchy,GIVENCHY 紀梵希明星流光菁潤粉底液-3W 30ML,296,580.0,5.1,284.0,,11,11,,0,2026-09-15 00:00:00,275.85,,False,0.0,3
p15876792,C115065,魅可,MAC,MAC魅可新經典緞光唇膏3.5g,103,190.0,103.0,87.0,,11,11,17,0,2026-09-18 00:00:00,95.99,,False,0.0,3
p15737117,C044339,肌膚之鑰,CLE DE PEAU BEAUTE,CPB 肌膚之鑰撫紋抗皺精華眼膜15ml*6,1020,1200.0,8.5,180.0,,11,11,31,0,2026-09-15 00:00:00,950.56,,False,780.0,2
p15825238,C106135,艾梵達,AVEDA,AVEDA艾凡達頭皮去角質膏-150ML,204,340.0,204.0,136.0,,11,11,55,0,2026-09-18 00:00:00,190.11,,False,0.0,3
p15946066,C121287,資生堂,SHISEIDO,Shiseido資生堂悅薇智感緊顏抗皺三件組150ml+100ml+20ml,1432,2105.0,1432.0,673.0,,10,10,4,0,2026-09-18 00:00:00,1334.52,,False,0.0,3
p15916027,698133386,韶音,Shokz,Shokz OpenRun Pro (S810) 骨傳導藍牙運動耳機 珊瑚粉【下單請勿選京東代收點，詳細查看購買須知】,1199,1599.0,7.5,400.0,,10,10,,0,2026-09-15 00:00:00,1117.38,,False,0.0,3
p15916053,698133302,JBL,JBL,JBL-GO 4 便攜式防水藍牙喇叭 迷彩色【下單請勿選京東代收點，詳細查看購買須知】,399,,,,,0,10,,0,2025-11-12 16:22:39,371.84,,False,,0
p15916114,698133284,JBL,JBL,JBL-Flip 7 便攜式防水藍牙喇叭 迷彩色【下單請勿選京東代收點，詳細查看購買須知】,998,,,,,0,10,,0,2025-11-27 13:58:32,930.06,,False,,0
p15915690,698133310,JBL,JBL,JBL-CLIP 5 防水掛勾藍牙喇叭 沙色【下單請勿選京東代收點，詳細查看購買須知】,499,549.0,9.1,50.0,,10,10,1,0,2026-09-15 00:00:00,465.03,,False,0.0,3
p15915724,698133287,JBL,JBL,JBL-Charge 6 便攜式防水藍牙喇叭 黑色【下單請勿選京東代收點，詳細查看購買須知】,1199,1399.0,8.6,200.0,,10,10,,0,2026-09-15 00:00:00,1117.38,,False,0.0,3
p15915731,698133279,JBL,JBL,JBL-Flip 7 便攜式防水藍牙喇叭 藍色【下單請勿選京東代收點，詳細查看購買須知】,998,,,,,0,10,,0,2025-11-27 13:59:43,930.06,,False,,0
p15915643,698133388,韶音,Shokz,Shokz OpenRun (S803) 骨傳導藍牙運動耳機 藍色【下單請勿選京東代收點，詳細查看購買須知】,899,1199.0,7.5,300.0,,10,10,,0,2026-09-15 00:00:00,837.8,,False,0.0,3
p15915671,698133320,JBL,JBL,JBL-Wind 3 可攜式收音機藍牙喇叭 (FM收音機/LED 顯示/免提通話/記憶卡輸入) 黑色【下單請勿選京東代收點，詳細查看購買須知】,299,599.0,5.0,300.0,,10,10,,0,2026-09-15 00:00:00,278.65,,False,0.0,3
p15915687,698133297,JBL,JBL,JBL-GO 4 便攜式防水藍牙喇叭 藍色【下單請勿選京東代收點，詳細查看購買須知】,399,,,,,0,10,,0,2025-11-12 16:22:39,371.84,,False,,0
p15915689,698133304,JBL,JBL,JBL-GO 4 便攜式防水藍牙喇叭 黑橙色【下單請勿選京東代收點，詳細查看購買須知】,399,,,,,0,10,,0,2025-11-12 16:22:39,371.84,,False,,0
p15915691,698133307,JBL,JBL,JBL-CLIP 5 防水掛勾藍牙喇叭 粉色【下單請勿選京東代收點，詳細查看購買須知】,499,549.0,9.1,50.0,,10,10,,0,2026-09-15 00:00:00,465.03,,False,0.0,3
p15915720,698133285,JBL,JBL,JBL-Flip 7 便攜式防水藍牙喇叭 白色【下單請勿選京東代收點，詳細查看購買須知】,998,,,,,0,10,,0,2025-11-27 13:59:43,930.06,,False,,0
p15915726,698133294,JBL,JBL,JBL-Charge 6 便攜式防水藍牙喇叭 白色【下單請勿選京東代收點，詳細查看購買須知】,1199,1399.0,8.6,200.0,,10,10,,0,2026-09-15 00:00:00,1117.38,,False,0.0,3
p15915728,698133292,JBL,JBL,JBL-Charge 6 便攜式防水藍牙喇叭 沙色【下單請勿選京東代收點，詳細查看購買須知】,1199,1399.0,8.6,200.0,,10,10,,0,2026-09-15 00:00:00,1117.38,,False,0.0,3
p15916030,698133387,韶音,Shokz,Shokz OpenRun Pro Mini (S811) 骨傳導藍牙運動耳機 騎士黑【下單請勿選京東代收點，詳細查看購買須知】,1199,1599.0,7.5,400.0,,10,10,,0,2026-09-15 00:00:00,1117.38,,False,0.0,3
p15916059,698133321,JBL,JBL,JBL-Wind 3 可攜式收音機藍牙喇叭 (FM收音機/LED 顯示/免提通話/記憶卡輸入) 藍色【下單請勿選京東代收點，詳細查看購買須知】,299,599.0,5.0,300.0,,10,10,,0,2026-09-15 00:00:00,278.65,,False,0.0,3
p15916089,698133361,韶音,Shokz,Shokz OpenRun Pro 2 (S820) 專業運動耳機 熔岩橙【下單請勿選京東代收點，詳細查看購買須知】,1399,1599.0,8.7,200.0,,10,10,,0,2026-09-15 00:00:00,1303.76,,False,0.0,3
p15915666,698133316,JBL,JBL,JBL-GO Essential 2 便攜式防水喇叭 紅色【下單請勿選京東代收點，詳細查看購買須知】,299,,,,,0,10,,0,2025-11-27 13:59:43,278.65,,False,,0
p15915668,698133315,JBL,JBL,JBL-GO Essential 2 便攜式防水喇叭 藍色【下單請勿選京東代收點，詳細查看購買須知】,299,,,,,0,10,,0,2025-11-27 13:59:43,278.65,,False,,0
p15915669,698133313,JBL,JBL,JBL-CLIP 5 防水掛勾藍牙喇叭 黑橙色【下單請勿選京東代收點，詳細查看購買須知】,499,549.0,9.1,50.0,,10,10,,0,2026-09-15 00:00:00,465.03,,False,0.0,3
p15915688,698133296,JBL,JBL,JBL-GO 4 便攜式防水藍牙喇叭 黑色【下單請勿選京東代收點，詳細查看購買須知】,399,,,,,0,10,,0,2025-11-12 16:22:39,371.84,,False,,0
p15915733,698133280,JBL,JBL,JBL-Flip 7 便攜式防水藍牙喇叭 粉色【下單請勿選京東代收點，詳細查看購買須知】,998,,,,,0,10,,0,2025-11-27 13:58:30,930.06,,False,,0
p15916076,698133305,JBL,JBL,JBL-CLIP 5 防水掛勾藍牙喇叭 黑色【下單請勿選京東代收點，詳細查看購買須知】,499,549.0,9.1,50.0,,10,10,,0,2026-09-15 00:00:00,465.03,,False,0.0,3
p15916078,698133300,JBL,JBL,JBL-GO 4 便攜式防水藍牙喇叭 紅色【下單請勿選京東代收點，詳細查看購買須知】,399,,,,,0,10,,0,2025-11-12 15:59:57,371.84,,False,,0
p15916087,698133360,韶音,Shokz,Shokz OpenRun Pro 2 (S820) 專業運動耳機 冰川銀【下單請勿選京東代收點，詳細查看購買須知】,1399,1599.0,8.7,200.0,,10,10,,0,2026-09-15 00:00:00,1303.76,,False,0.0,3
p15795051,C103090,巴黎歐萊雅,L'OREAL PARIS,L'OREAL Paris歐萊雅複顏玻尿酸眼霜 65ml,364,615.0,364.0,251.0,,10,10,27,0,2026-09-18 00:00:00,339.22,,False,0.0,3
p15915640,698133385,韶音,Shokz,Shokz OpenRun Pro (S810) 骨傳導藍牙運動耳機 牛仔藍【下單請勿選京東代收點，詳細查看購買須知】,1199,1599.0,7.5,400.0,,10,10,,0,2026-09-15 00:00:00,1117.38,,False,0.0,3
p15915665,698133314,JBL,JBL,JBL-GO Essential 2 便攜式防水喇叭 黑色【下單請勿選京東代收點，詳細查看購買須知】,299,,,,,0,10,1,0,2025-11-27 13:59:43,278.65,,False,,0
p15915722,698133286,JBL,JBL,JBL-Flip 7 便攜式防水藍牙喇叭 網店限定黑橙色【下單請勿選京東代收點，詳細查看購買須知】,998,,,,,0,10,,0,2025-11-27 13:58:31,930.06,,False,,0
p15915734,698133282,JBL,JBL,JBL-Flip 7 便攜式防水藍牙喇叭 紅色【下單請勿選京東代收點，詳細查看購買須知】,998,,,,,0,10,,0,2025-11-27 13:59:42,930.06,,False,,0
p15915735,698133291,JBL,JBL,JBL-Charge 6 便攜式防水藍牙喇叭 紅色【下單請勿選京東代收點，詳細查看購買須知】,1199,1399.0,8.6,200.0,,10,10,,0,2026-09-15 00:00:00,1117.38,,False,0.0,3
p15915736,698133289,JBL,JBL,JBL-Charge 6 便攜式防水藍牙喇叭 粉色【下單請勿選京東代收點，詳細查看購買須知】,1199,1399.0,8.6,200.0,,10,10,,0,2026-09-15 00:00:00,1117.38,,False,0.0,3
p15916055,698133303,JBL,JBL,JBL-GO 4 便攜式防水藍牙喇叭 白色【下單請勿選京東代收點，詳細查看購買須知】,399,,,,,0,10,,0,2025-11-12 16:22:39,371.84,,False,,0
p15915722,698133286,JBL,JBL,JBL-Flip 7 便攜式防水藍牙喇叭 網店限定黑橙色【下單請勿選京東代收點，詳細查看購買須知】,998,,,,,0,10,,0,2025-11-27 13:58:31,930.06,,False,,0
p15915734,698133282,JBL,JBL,JBL-Flip 7 便攜式防水藍牙喇叭 紅色【下單請勿選京東代收點，詳細查看購買須知】,998,,,,,0,10,,0,2025-11-27 13:59:42,930.06,,False,,0
p15915735,698133291,JBL,JBL,JBL-Charge 6 便攜式防水藍牙喇叭 紅色【下單請勿選京東代收點，詳細查看購買須知】,1199,1399.0,8.6,200.0,,10,10,,0,2026-09-15 00:00:00,1117.38,,False,0.0,3
p15915736,698133289,JBL,JBL,JBL-Charge 6 便攜式防水藍牙喇叭 粉色【下單請勿選京東代收點，詳細查看購買須知】,1199,1399.0,8.6,200.0,,10,10,,0,2026-09-15 00:00:00,1117.38,,False,0.0,3
p15872528,C113809,肌膚之鑰,CLE DE PEAU BEAUTE,CLE DE PEAU BEAUTE肌膚之鑰晶致煥采精華露50ML,1768,2080.0,8.5,312.0,,10,10,100+,0,2026-09-15 00:00:00,1647.65,,False,1352.0,2
p15916054,698133299,JBL,JBL,JBL-GO 4 便攜式防水藍牙喇叭 紫色【下單請勿選京東代收點，詳細查看購買須知】,399,,,,,0,10,,0,2025-11-12 16:22:39,371.84,,False,,0
p15916060,698133322,JBL,JBL,JBL-Wind 3 可攜式收音機藍牙喇叭 (FM收音機/LED 顯示/免提通話/記憶卡輸入) 紅色【下單請勿選京東代收點，詳細查看購買須知】,299,599.0,5.0,300.0,,10,10,,0,2026-09-15 00:00:00,278.65,,False,0.0,3
p15916077,698133306,JBL,JBL,JBL-CLIP 5 防水掛勾藍牙喇叭 藍色【下單請勿選京東代收點，詳細查看購買須知】,499,549.0,9.1,50.0,,10,10,,0,2026-09-15 00:00:00,465.03,,False,0.0,3
p15916088,698133362,韶音,Shokz,Shokz OpenRun Pro 2 (S820) 專業運動耳機 砂石黑【下單請勿選京東代收點，詳細查看購買須知】,1399,1599.0,8.7,200.0,,10,10,,0,2026-09-15 00:00:00,1303.76,,False,0.0,3
p15915664,698133301,JBL,JBL,JBL-GO 4 便攜式防水藍牙喇叭 沙色【下單請勿選京東代收點，詳細查看購買須知】,399,,,,,0,10,,0,2025-11-12 16:22:39,371.84,,False,,0
p15915667,698133311,JBL,JBL,JBL-CLIP 5 防水掛勾藍牙喇叭 迷彩色【下單請勿選京東代收點，詳細查看購買須知】,499,549.0,9.1,50.0,,10,10,,0,2026-09-15 00:00:00,465.03,,False,0.0,3
p15915684,698133353,韶音,Shokz,Shokz OpenFit 2+【全新旗艦級】雙單元開放式藍牙耳機 T921 暖日白【下單請勿選京東代收點，詳細查看購買須知】,1399,1599.0,8.7,200.0,,10,10,,0,2026-09-15 00:00:00,1303.76,,False,0.0,3
p15915692,698133309,JBL,JBL,JBL-CLIP 5 防水掛勾藍牙喇叭 紅色【下單請勿選京東代收點，詳細查看購買須知】,499,549.0,9.1,50.0,,10,10,,0,2026-09-15 00:00:00,465.03,,False,0.0,3
p15915700,698133363,韶音,Shokz,Shokz OpenRun Pro 2 (S820) 專業運動耳機 - Eliud Kipchoge 限定聯乘版【下單請勿選京東代收點，詳細查看購買須知】,1399,1599.0,8.7,200.0,,10,10,,0,2026-09-15 00:00:00,1303.76,,False,0.0,3
p15915725,698133290,JBL,JBL,JBL-Charge 6 便攜式防水藍牙喇叭 紫色【下單請勿選京東代收點，詳細查看購買須知】,1199,1399.0,8.6,200.0,,10,10,,0,2026-09-15 00:00:00,1117.38,,False,0.0,3
p15830424,C107873,魅可,MAC,MAC魅可啞光鎖色唇膏1.8g,150,255.0,150.0,105.0,,10,10,21,0,2026-09-18 00:00:00,139.79,,False,0.0,3
p15821472,C106462,科顏氏,KIEHL'S,Kiehl's科顏氏高保濕清爽潔面乳 150ml,135,225.0,6.0,90.0,,9,9,78,0,2026-09-15 00:00:00,125.81,,False,0.0,3
p15872006,C106055,聖羅蘭,YSL,YSL聖羅蘭瑩亮潤彩唇膏4,380,,,,,0,9,12,0,2024-11-13 16:03:31,354.13,,False,,0
p15902872,C120022,理膚泉,LA ROCHE-POSAY,LA ROCHE-POSAY理膚泉全效廣譜輕盈隔離乳液50ml,132,215.0,132.0,83.0,,9,9,5,0,2026-09-18 00:00:00,123.01,,False,0.0,3
p15913040,C120620,植村秀,SHU UEMURA,SHU UEMURA植村秀專業睫毛夾,160,245.0,160.0,85.0,,9,9,18,0,2026-09-18 00:00:00,149.11,,False,0.0,3
p16076161,698135405,Kanine,Kanine,Kanine-狗狗Polo衫 Black Iris,200,,,,,0,9,,0,2026-06-26 14:02:56,186.39,,False,,0
p15884173,C107405,巴黎歐萊雅,L'OREAL PARIS,L'oreal歐萊雅複顏滋潤眼霜-15ML,116,190.0,6.1,74.0,,9,9,31,0,2026-09-15 00:00:00,108.1,,False,0.0,3
p15872006,C106055,聖羅蘭,YSL,YSL聖羅蘭瑩亮潤彩唇膏4,380,,,,,0,9,12,0,2024-11-13 16:03:31,354.13,,False,,0
p15902872,C120022,理膚泉,LA ROCHE-POSAY,LA ROCHE-POSAY理膚泉全效廣譜輕盈隔離乳液50ml,132,215.0,132.0,83.0,,9,9,5,0,2026-09-18 00:00:00,123.01,,False,0.0,3
p15913040,C120620,植村秀,SHU UEMURA,SHU UEMURA植村秀專業睫毛夾,160,245.0,160.0,85.0,,9,9,18,0,2026-09-18 00:00:00,149.11,,False,0.0,3
p16075758,698135506,Kanine,Kanine,Kanine-狗狗條紋胸背帶 Black Iris,280,,,,,0,9,,0,2026-06-26 14:02:22,260.94,,False,,0
p16076114,698135849,Kanine,Kanine,Kanine-湯米·希爾費格旗幟徽標T恤 TH Optic White,395,,,,,0,9,,0,2026-06-26 14:02:21,368.11,,False,,0
p16132727,C123034,卡詩,KERASTASE,KERASTASE巴黎卡詩「元氣薑」粉瓶防掉護理套組 500ml+90ml*2,1270,,,,,0,9,,0,2026-09-11 17:45:08,1183.55,,False,,0
p15915737,698133295,JBL,JBL,JBL-Charge 6 便攜式防水藍牙喇叭 網店限定黑橙色【下單請勿選京東代收點，詳細查看購買須知】,1199,1399.0,8.6,200.0,,9,9,1,0,2026-09-15 00:00:00,1117.38,,False,0.0,3
p15877399,C107408,巴黎歐萊雅,L'OREAL PARIS,L'OREAL歐萊雅複顏晚霜 50ml,126,210.0,126.0,84.0,,9,9,20,0,2026-09-15 00:00:00,117.42,,False,0.0,3
p16075732,698135370,Kanine,Kanine,Kanine-Aigle 狗項圈 Empire A,480,,,,,0,9,,0,2026-06-26 14:02:56,447.32,,False,,0
p16095837,C125671,科顏氏,KIEHL'S,Kiehl’s科顏氏急護舒緩套裝250ml+50ml,413,635.0,413.0,222.0,,9,9,,0,2026-09-15 00:00:00,384.89,,False,0.0,3
p15864626,C113065,聖羅蘭,YSL,YSL聖羅蘭恆時輕透保濕蜜粉 7.5g,550,,,,,0,9,50,0,2024-11-14 09:31:35,512.56,,False,,0
p15738355,C055280,植村秀,SHU UEMURA,shu uemura植村秀綠茶肌潔顏油 - 包裝 150ml,215,360.0,215.0,145.0,,9,9,72,0,2026-09-18 00:00:00,200.36,,False,0.0,3
p16076174,698135385,Kanine,Kanine,Kanine-狗狗天然纖維毛衣 Fern Green,320,,,,,0,9,,0,2026-06-26 14:02:44,298.22,,False,,0
p15742814,C055062,雪肌精,SEKKISEI,SEKKISEI雪肌精逸透櫻粉面霜 39ml,104,250.0,104.0,146.0,,9,9,20,5,2026-09-18 00:00:00,96.92,,False,0.0,3
p15736594,C053178,倩碧,CLINIQUE,CLINIQUE倩碧男士青春修護乳 100ml,221,400.0,5.5,179.0,,9,9,2,0,2026-09-15 00:00:00,205.96,,False,0.0,3
p16076166,698135373,Kanine,Kanine,Kanine-Aigle 狗胸背帶 Empire A,780,,,,,0,9,,0,2026-06-26 14:02:45,726.9,,False,,0
p15866270,C112326,AVEDA,AVEDA (Hair Care),Aveda升級版強效豐盈防掉套裝200ml+200ml+150ml+100ml,794,1380.0,794.0,586.0,,8,8,30,0,2026-09-18 00:00:00,739.95,,False,0.0,3
p15742297,C054984,雪肌精,SEKKISEI,SEKKISEI雪肌精經典組合套裝124ml+360ml+140ml+79ml,423,1023.0,423.0,600.0,,8,8,17,0,2026-09-18 00:00:00,394.2,,False,0.0,3
p15736788,C019872,希思黎,SISLEY PARIS,sisley希思黎黑玫瑰煥采緊致面膜 60ml,813,,,,,0,8,57,0,2024-08-07 14:21:17,1230.14,,False,,2
p15794667,C103418,希思黎,SISLEY PARIS,sisley 希思黎瞬間保濕去角質面膜 40g,585,,,,,0,8,31,0,2024-08-07 14:21:28,913.29,,False,,2
p15742401,C053784,植村秀,SHU UEMURA,shu uemura 植村秀如膠似漆眼線筆 深棕 0.08g,156,260.0,156.0,104.0,,8,8,33,0,2026-09-18 00:00:00,145.38,,False,0.0,3
p15739677,C057464,倩碧,CLINIQUE,CLINIQUE倩碧鐳射活膚緊緻精華 大容量 雙支裝100ml x 2,1344,2305.0,1344.0,961.0,,8,8,14,0,2026-09-18 00:00:00,1252.51,,False,0.0,3
p15896940,C118077,歐舒丹,L'OCCITANE,L’occitane歐舒丹防曬30ml,234,,,,,0,8,10,0,2026-09-15 15:02:55,363.45,,False,,2
p15851796,C111184,魅可,MAC,MAC魅可絲柔啞光唇膏 3.5g,122,190.0,122.0,68.0,,8,8,9,0,2026-09-18 00:00:00,113.69,,False,0.0,3
p15871566,C114197,資生堂,SHISEIDO,SHISEIDO資生堂時光琉璃豐盈夜霜50ml,1680,2800.0,1680.0,1120.0,,8,8,49,5,2026-09-18 00:00:00,1565.64,,False,0.0,3
p15915649,698133376,韶音,Shokz,Shokz - OpenFit Air 開放式藍牙耳機 T511 櫻花粉【下單請勿選京東代收點，詳細查看購買須知】,899,,,,,0,8,,0,2025-11-27 14:55:32,837.8,,False,,0
p15915897,C120973,歐舒丹,L'OCCITANE,L’occitane歐舒丹賦顏禦齡臘菊香味面部精華油及精華霜套裝30ml+50ml,1068,,,,,0,8,6,0,2026-09-15 15:03:03,1658.83,,False,,2
p15806117,C040364,倩碧,CLINIQUE,CLINIQUE倩碧心悦香氛 100ml,193,350.0,193.0,157.0,,8,8,23,0,2026-09-18 00:00:00,179.86,,False,0.0,3
p15735398,C047326,茵芙莎,IPSA,IPSA茵芙莎水潤凝滑卸妝啫喱 150G,160,290.0,5.5,130.0,,7,7,51,0,2026-09-15 00:00:00,149.11,,False,0.0,3
p15828392,C107579,庭潤,THANN,THANN庭潤繽紛果園精油50ml,253,505.0,253.0,252.0,,7,7,10,0,2026-09-18 00:00:00,235.78,,False,0.0,3
p15742744,C051982,雪肌精,SEKKISEI,SEKKISEI雪肌精逸透潔膚啫喱142ml /卸妝,62,150.0,62.0,88.0,,7,7,27,0,2026-09-18 00:00:00,57.78,,False,0.0,3
p15743194,C004513,雅詩蘭黛,ESTEE LAUDER,ESTEE LAUDER雅詩蘭黛柔和眼部卸妝液100ml,210,370.0,5.7,160.0,,7,7,3,0,2026-09-15 00:00:00,195.7,,False,0.0,3
p15912567,C118917,理膚泉,LA ROCHE-POSAY,LA ROCHE-POSAY理膚泉-特護輕盈防曬400-煥白淡斑版--SPF-50--PA-----50ML,295,,,,,0,7,9,0,2025-12-04 15:34:47,274.92,,False,,0
p16096255,C125172,科顏氏,KIEHL'S,Kiehl’s科顏氏水潤直達套裝50ml+125ml,572,880.0,572.0,308.0,,7,7,,0,2026-09-15 00:00:00,533.06,,False,0.0,3
p15796908,C101193,魅可,MAC,MAC魅可絲緞絨霧細管唇膏2g,128,235.0,5.4,107.0,,7,7,3,0,2026-09-15 00:00:00,119.29,,False,0.0,3
p15865836,C112331,艾梵達,AVEDA,Aveda升級版強禦修護精華100毫升,204,340.0,204.0,136.0,,7,7,33,0,2026-09-18 00:00:00,190.11,,False,0.0,3
p15846149,C102543,奧碧虹,ALBION,ALBION全物理性溫和輕透防曬乳 40g,189,,,,,0,7,100+,0,2024-09-20 10:22:51,270.26,,False,,2
p16095249,C124768,奧碧虹,ALBION,ELEGANCE 持久剔透防曬調色乳 30g (粉紅色),304,,,,,0,7,1,0,2026-07-06 15:23:04,354.13,,False,,2
p15829354,C107214,馥蕾詩,FRESH,fresh馥蕾詩玫瑰密集保濕平衡乳 100ml,213,450.0,213.0,237.0,,7,7,43,0,2026-09-18 00:00:00,198.5,,False,0.0,3
p15858616,C054701,蘭嘉絲汀,Lancaster,LANCASTER蘭嘉絲汀禦光淡斑防曬乳SPF50 PA++++ 50ml,580,,,,,0,7,20,0,2025-12-24 10:12:48,540.52,,False,,0
p16096607,C114239,朋博灣,Bonpoint,Bonpoint朋博灣全新摯愛小櫻桃面霜(按壓版）50ML,560,700.0,8.0,140.0,,7,7,1,0,2026-09-15 00:00:00,521.88,,False,0.0,3
p15737560,C040766,祖瑪瓏,JO MALONE LONDON,JO MALONE祖·瑪瓏香氛蠟燭(牡丹與胭紅麂絨香型) 200g,310,555.0,310.0,245.0,,6,6,51,0,2026-09-18 00:00:00,288.9,,False,0.0,3
p16075647,698135899,Kanine,Kanine,Kanine-湯米·希爾費格狗狗織帶牽引繩 Desert Sky/Red,670,,,,,0,6,,0,2026-06-26 14:02:44,624.39,,False,,0
p16075648,698135893,Kanine,Kanine,Kanine-湯米·希爾費格狗狗織帶牽引繩 Vivid Yellow/Navy,670,,,,,0,6,,0,2026-06-26 14:02:22,624.39,,False,,0
p16075694,698135678,Kanine,Kanine,Kanine-超級英雄寵物易繫式免摺頭巾與夾式領結 Krypto Print,120,,,,,0,6,,0,2026-06-26 14:02:44,111.83,,False,,0
p16076137,698135562,Kanine,Kanine,Kanine-狗狗浴袍 Cream,195,,,,,0,6,,0,2026-06-26 14:02:43,181.73,,False,,0
p16076142,698135687,Kanine,Kanine,Kanine-超級寵物背包 Ace - Grey,240,,,,,0,6,,0,2026-06-26 14:02:22,223.66,,False,,0
p16069851,C123455,科顏氏,KIEHL'S,Kiehl’s科顏氏精研三酸煥膚精華100ml,707,1010.0,707.0,303.0,,6,6,,0,2026-09-15 00:00:00,658.87,,False,0.0,3
p16075710,698135965,Kanine,Kanine,Kanine-阿森納寵物餐碗 Primary Red,140,,,,,0,6,,0,2026-06-26 14:02:21,130.47,,False,,0
p16075711,698135689,Kanine,Kanine,Kanine-超級寵物背包 Krypto - Navy,240,,,,,0,6,,0,2026-06-26 14:02:22,223.66,,False,,0
p16076111,698135937,Kanine,Kanine,Kanine-湯米·希爾費格狗狗項圈 Classic Beige,470,,,,,0,6,,0,2026-06-26 14:02:22,438.01,,False,,0
p16076116,698135445,Kanine,Kanine,Kanine-狗狗頭巾與夾式領結 Fern Green,160,,,,,0,6,,0,2026-06-26 14:02:44,149.11,,False,,0
p16076117,698135491,Kanine,Kanine,Kanine-狗狗胸背帶與牽繩 Mars Red,240,,,,,0,6,,0,2026-06-26 14:02:44,223.66,,False,,0
p16089432,C123055,儀式,RITUALS,RITUALS羊絨玫瑰藤條香薰450ml,375,625.0,375.0,250.0,,6,6,,0,2026-09-18 00:00:00,349.47,,False,0.0,3
p15849740,C111737,資生堂,SHISEIDO,SHISEIDO資生堂男士潔面爽膚兩部曲125ml+150ml,241,410.0,5.9,169.0,,6,6,61,0,2026-09-15 00:00:00,224.59,,False,0.0,3
p15849745,C111764,聖羅蘭,YSL BEAUTY,YSL聖羅蘭恒顏無瑕粉底液 LC2 25ml 雙支裝,730,1200.0,6.1,470.0,,6,6,16,0,2026-09-15 00:00:00,680.31,,False,0.0,3
p15743175,C055156,聖羅蘭,YSL,YSL聖羅蘭 自由之水清版淡香水 50ML,684,1140.0,6.0,456.0,,6,6,12,0,2026-09-15 00:00:00,637.44,,False,0.0,3
p15891089,C118110,植村秀,SHU UEMURA,shu uemura 植村秀羽紗輕盈持妝粉底液674 35ml,485,,,,,0,6,16,0,2026-09-15 15:02:51,451.98,,False,,0
p16125986,C126489,歐舒丹,L'OCCITANE,L’occitane歐舒丹甜扁桃味煥膚身體精華100ml,448,560.0,8.0,112.0,,6,6,,0,2026-09-15 00:00:00,417.5,,False,0.0,3
p16075704,698135450,Kanine,Kanine,Kanine-狗狗頭巾與夾式領結 Solar Power Yellow,160,,,,,0,6,,0,2026-06-26 14:02:43,149.11,,False,,0
p16075722,698136007,Kanine,Kanine,Kanine-熱刺寵物棒球帽 Spurs Navy,150,,,,,0,6,,0,2026-06-26 14:02:21,139.79,,False,,0
p16096267,C125688,巴黎歐萊雅,L'OREAL PARIS,L`oreal歐萊雅複顏活力緊致修護套裝,316,485.0,316.0,169.0,,6,6,,0,2026-09-18 00:00:00,294.49,,False,0.0,3
p16076115,698135802,Kanine,Kanine,Kanine-湯米·希爾費格手提包 Weathered White/Navy,1140,,,,,0,6,,0,2026-06-26 14:02:21,1062.4,,False,,0
p16076126,698135680,Kanine,Kanine,Kanine-超級英雄寵物易繫式免摺頭巾與夾式領結 Logo Print,120,,,,,0,6,,0,2026-06-26 14:02:44,111.83,,False,,0
p16076154,698135604,Kanine,Kanine,Kanine-超級英雄寵物天然纖維毛衣 Wonder Woman,240,,,,,0,6,,0,2026-06-26 14:02:22,223.66,,False,,0
p16076178,698135525,Kanine,Kanine,Kanine-狗狗帽子 Tap Shoe Black,160,,,,,0,6,,0,2026-06-26 14:02:22,149.11,,False,,0
p15948974,C122377,嬌韻詩,CLARINS,Clarins嬌韻詩輕透養膚防曬乳（自然色）雙瓶裝50ml*2,624,,,,,0,6,2,0,2026-09-15 15:03:27,894.65,,False,,2
p15736398,C036472,希思黎,SISLEY PARIS,sisley希思黎緊致美頸霜 50ml,845,,,,,0,6,30,0,2024-07-31 11:12:28,1286.06,,False,,2
p16075709,698135962,Kanine,Kanine,Kanine-阿森納寵物棒球帽 Primary Red,150,,,,,0,6,,0,2026-06-26 14:02:22,139.79,,False,,0
p16076125,698135602,Kanine,Kanine,Kanine-超級英雄寵物天然纖維毛衣 Superman,240,,,,,0,6,,0,2026-06-26 14:02:44,223.66,,False,,0
p16133195,C126569,赫蓮娜,HELENA RUBINSTEIN,HR赫蓮娜活顏修護眼面輪廓精華 15ml,2780,,,,,0,6,,0,2026-09-11 17:45:10,2590.75,,False,,0
p16076177,698135447,Kanine,Kanine,Kanine-狗狗頭巾與夾式領結 Black Iris,160,,,,,0,6,,0,2026-06-26 14:02:44,149.11,,False,,0
p15741646,C027965,希思黎,SISLEY PARIS,sisley希思黎抗皺修活精華水 150ml,845,,,,,0,6,32,0,2025-02-20 12:53:36,1286.06,,False,,2
p15846937,C111082,倩碧,CLINIQUE,CLINIQUE倩碧小雛菊持妝口紅 3.9G,115,205.0,115.0,90.0,,6,6,24,0,2026-09-18 00:00:00,107.17,,False,0.0,3
p15737157,C040286,芭比布朗,BOBBI BROWN,BOBBI BROWN芭比波朗至盈呵護亮顏美肌乳(素顏霜)璨香檳30ml,336,740.0,4.5,404.0,,6,6,5,0,2026-09-15 00:00:00,313.13,,False,0.0,3
p15832452,C108621,資生堂,SHISEIDO,SHISEIDO資生堂紅色蜜露精萃液-145ML,390,795.0,390.0,405.0,,6,6,21,0,2026-09-18 00:00:00,363.45,,False,0.0,3
p15824438,C102777,芭比布朗,BOBBI BROWN,BOBBI BROWN芭比波朗純色奢金緞光唇膏3.5g,189,360.0,189.0,171.0,,6,6,24,0,2026-09-18 00:00:00,176.13,,False,0.0,3
p15839227,C108741,植村秀,SHU UEMURA,shu uemura 植村秀臻萃養膚潔顏泡沫 125ml,230,385.0,230.0,155.0,,6,6,18,0,2026-09-18 00:00:00,214.34,,False,0.0,3
p16075712,698135691,Kanine,Kanine,Kanine-超級寵物背包 PB - Red,240,,,,,0,6,,0,2026-06-26 14:02:21,223.66,,False,,0
p16075726,698136005,Kanine,Kanine,Kanine-熱刺寵物胸背帶 Spurs White,250,,,,,0,6,,0,2026-06-26 14:02:21,232.98,,False,,0
p16075733,698135530,Kanine,Kanine,Kanine-狗狗花朵蕾絲連衣裙 Pink,360,,,,,0,6,,0,2026-06-26 14:02:56,335.49,,False,,0
p16075751,698135515,Kanine,Kanine,Kanine-狗狗繩索牽繩 Tap Shoe Black,240,,,,,0,6,,0,2026-06-26 14:02:44,223.66,,False,,0
p16075752,698135517,Kanine,Kanine,Kanine-狗狗繩索牽繩 Zinfandel Burgundy,240,,,,,0,6,,0,2026-06-26 14:02:44,223.66,,False,,0
p15892666,C117418,嬌蘭,GUERLAIN,Guerlain嬌蘭帝皇蜂姿復原精華雙支套裝50+50ml,2150,,,,,0,6,38,0,2026-09-15 15:02:37,2003.64,,False,,0
p15825996,C107276,喬治阿瑪尼,GIORGIO ARMANI,GIORGIO ARMANI 阿瑪尼黑鑰匙緊致眼霜-20ML,1034,1590.0,6.5,556.0,,6,6,44,0,2026-09-15 00:00:00,963.61,,False,0.0,3
p16076162,698135397,Kanine,Kanine,Kanine-狗狗Polo衫 Tap Shoe Black,200,,,,,0,6,,0,2026-06-26 14:02:56,186.39,,False,,0
p16094858,C122061,奧碧虹,ALBION,ALBION澄透角質速煥精華40ml,528,,,,,0,6,,0,2026-09-15 15:03:56,615.07,,False,,2
p16075724,698136009,Kanine,Kanine,Kanine-熱刺寵物棒球帽 Spurs White,150,,,,,0,6,,0,2026-06-26 14:02:22,139.79,,False,,0
p16076118,698135443,Kanine,Kanine,Kanine-狗狗頭巾與夾式領結 Zinfandel Burgundy,160,,,,,0,6,,0,2026-06-26 14:02:44,149.11,,False,,0
p15946064,C121362,橘朵,JUDYDOLL,JUDYDOLL橘朵雙頭撕拉唇線豐潤唇油 03 2.4g+2g,54,89.0,54.0,35.0,,6,6,,0,2026-09-18 00:00:00,50.32,,False,0.0,3
p16075673,698135800,Kanine,Kanine,Kanine-湯米·希爾費格手提包 Desert Sky/Red,1140,,,,,0,6,,0,2026-06-26 14:02:21,1062.4,,False,,0
p16075691,698135682,Kanine,Kanine,Kanine-超級英雄寵物易繫式免摺頭巾與夾式領結 Shadow Print,120,,,,,0,6,,0,2026-06-26 14:02:44,111.83,,False,,0
p15893643,C112574,聖羅蘭,YSL,YSL聖羅蘭瑩亮純魅唇膏 154 3.2g,227,380.0,227.0,153.0,,6,6,18,0,2026-09-18 00:00:00,211.55,,False,0.0,3
p15830841,C108801,雅詩蘭黛,ESTEE LAUDER,ESTEE LAUDER雅詩蘭黛特潤舒緩修護精華液 20ml,366,610.0,366.0,244.0,,6,6,70,0,2026-09-15 00:00:00,341.08,,False,0.0,3
p15832834,C107209,馥蕾詩,FRESH,fresh馥蕾詩古源白松露珍萃修護精華 30ml,1937,,,,,0,6,15,0,2026-08-31 17:16:46,2777.14,,False,,2
p15737589,C040765,祖瑪瓏,JO MALONE LONDON,JO MALONE祖·瑪瓏香氛蠟燭(青檸羅勒與柑橘香型）,301,555.0,5.4,254.0,,5,5,35,0,2026-09-15 00:00:00,280.51,,False,0.0,3
p15793309,C007566,倩碧,CLINIQUE,CLINIQUE 倩碧快樂男香古龍水噴霧 50ml,135,270.0,135.0,135.0,,5,5,11,0,2026-09-18 00:00:00,125.81,,False,0.0,3
p15770464,C101629,嬌韻詩,CLARINS,CLARINS嬌韻詩花樣年華精華水 200ml,397,,,,,0,5,28,5,2024-08-26 17:49:03,568.47,,False,,2
p15741904,C039651,碧歐泉,BIOTHERM (Beauty),BIOTHERM 碧歐泉男士水動力爽膚水 200ml,190,305.0,6.2,115.0,,5,5,24,0,2026-09-15 00:00:00,177.07,,False,0.0,3
p15742045,C052844,黛珂,DECORTE,COSME DECORTE黛珂AQ珍萃精顏臻悅粉盒1pcs,109,220.0,5.0,111.0,,5,5,3,0,2026-09-15 00:00:00,101.58,,False,0.0,3
p15865817,C112553,嬌韻詩,CLARINS,CLARINS嬌韻詩舒緩化妝水 400ML,286,,,,,0,5,16,0,2026-08-11 10:16:12,410.05,,False,,2
p16078672,698136020,JBL,JBL,JBL GO 5 便攜式防水防摔藍牙喇叭 黑色【下單請勿選京東代收點，詳細查看購買須知】,449,499.0,9.0,50.0,,5,5,,0,2026-09-15 00:00:00,418.43,,False,0.0,3
p16079076,698136024,JBL,JBL,JBL GO 5 便攜式防水防摔藍牙喇叭 迷彩色【下單請勿選京東代收點，詳細查看購買須知】,449,499.0,9.0,50.0,,5,5,,0,2026-09-15 00:00:00,418.43,,False,0.0,3
p16079077,698136022,JBL,JBL,JBL GO 5 便攜式防水防摔藍牙喇叭 紅色【下單請勿選京東代收點，詳細查看購買須知】,449,499.0,9.0,50.0,,5,5,,0,2026-09-15 00:00:00,418.43,,False,0.0,3
p16079110,698136032,徠芬,Laifen,Laifen Wave Pro 專業掃震電動牙刷 - 透明探索版【下單請勿選京東代收點，詳細查看購買須知】,599,899.0,6.7,300.0,,5,5,,0,2026-09-15 00:00:00,558.22,,False,0.0,3
p16069827,C121286,資生堂,SHISEIDO,Shiseido資生堂時光琉璃緊致夜霜（輕盈版）50ml,1680,2800.0,1680.0,1120.0,,5,5,4,0,2026-09-18 00:00:00,1565.64,,False,0.0,3
p16069842,C123419,巴黎歐萊雅,L'OREAL PARIS,L`oreal巴黎歐萊雅膠原面霜80ml,325,500.0,325.0,175.0,,5,5,1,0,2026-09-18 00:00:00,302.88,,False,0.0,3
p16088831,698136075,几素,JisuLife,JisuLife幾素Stroller Fan 4 迷你多功能可拆式風扇(鋁合金夾版)-藍色【下單請勿選京東代收點，詳細查看購買須知】,249,349.0,7.1,100.0,,5,5,,0,2026-09-15 00:00:00,232.05,,False,0.0,3
p16088832,698136060,徠芬,Laifen,Laifen徠芬Wave SE 掃震電動牙刷-白色【下單請勿選京東代收點，詳細查看購買須知】,349,499.0,7.0,150.0,,5,5,,0,2026-09-15 00:00:00,325.24,,False,0.0,3
p16089212,698136072,几素,JisuLife,JisuLife幾素Stroller Fan 3 多功能可拆式風扇(鋁合金夾)-黃色【下單請勿選京東代收點，詳細查看購買須知】,349,449.0,7.8,100.0,,5,5,,0,2026-09-15 00:00:00,325.24,,False,0.0,3
p16089218,698136064,WACACO,WACACO,WACACO Picopresso 專業級便攜式濃縮咖啡機【下單請勿選京東代收點，詳細查看購買須知】,998,,,,,0,5,,0,2026-06-17 14:55:00,930.06,,False,,0
p16108832,698136126,徠芬,Laifen,Laifen P3 三刀頭超高速電鬚刨 - 曜石黑【下單請勿選京東代收點，詳細查看購買須知】,799,998.0,8.0,199.0,,5,5,,0,2026-09-15 00:00:00,744.61,,False,0.0,3
p15793223,C100921,祖瑪瓏,JO MALONE LONDON,JO MALONE祖瑪瓏香氛蠟燭(月光花香型)200g,310,555.0,5.6,245.0,,5,5,69,0,2026-09-15 00:00:00,288.9,,False,0.0,3
p15877257,C114478,湯姆福特,TOM FORD,TOM FORD湯姆福特新烈焰幻魅唇膏 3.5g,270,490.0,5.5,220.0,,5,5,17,0,2026-09-15 00:00:00,251.62,,False,0.0,3
p15872024,C055147,卡詩,KERASTASE,KERASTASE卡詩頭皮系列新雙重功能洗髪水-250ML,270,,,,,0,5,28,0,2025-02-18 15:35:27,251.62,,False,,0
p15857267,C112152,碧歐泉,BIOTHERM,BIOTHERM碧歐泉男士洗面奶 125ml,460,,,,,0,5,38,0,2024-08-01 10:43:25,428.69,,False,,0
p15902874,C120130,聖羅蘭,YSL,聖羅蘭YSL革新［小金條］口紅 #1936,390,,,,,0,5,8,0,2026-05-08 10:57:48,363.45,,False,,0
p15916062,698133326,JBL,JBL,JBL-Flip 6 便攜式防水無線藍牙喇叭 灰色【下單請勿選京東代收點，詳細查看購買須知】,899,998.0,9.0,99.0,,5,5,,0,2026-09-15 00:00:00,837.8,,False,0.0,3
p15916065,698133332,JBL,JBL,JBL-Flip 6 便攜式防水無線藍牙喇叭 迷彩色【下單請勿選京東代收點，詳細查看購買須知】,899,998.0,9.0,99.0,,5,5,,0,2026-09-15 00:00:00,837.8,,False,0.0,3
p15916113,698133274,JBL,JBL,JBL-Boombox 4 可攜式防水藍牙喇叭 黑色【下單請勿選京東代收點，詳細查看購買須知】,4299,,,,,0,5,,0,2025-11-26 13:54:38,4006.35,,False,,0
p15915648,698133379,韶音,Shokz,Shokz OpenMeet UC 開放式藍牙通訊耳機 (C610) USB-A【下單請勿選京東代收點，詳細查看購買須知】,1998,,,,,0,5,,0,2026-07-02 16:02:31,1861.99,,False,,0
p15915663,698133427,有色,yoose,Yoose-Mini 2.0 - 全合金便攜式電動鬚刨 電鍍銀【下單請勿選京東代收點，詳細查看購買須知】,499,,,,,0,5,,0,2025-12-04 14:17:47,465.03,,False,,0
p15916029,698133383,韶音,Shokz,Shokz OpenComm2 UC 2025 Upgrade 骨傳導通訊耳機 (C120) USB-C【下單請勿選京東代收點，詳細查看購買須知】,1599,,,,,0,5,,0,2026-07-02 16:05:38,1490.15,,False,,0
p15916042,698133429,有色,yoose,Yoose-Mini 2.0 - 全合金便攜式電動鬚刨 克萊因藍【下單請勿選京東代收點，詳細查看購買須知】,499,,,,,0,5,,0,2025-12-04 14:18:00,465.03,,False,,0
p15916043,698133434,有色,yoose,Yoose-N1-S 全合金便攜式電動鼻毛修剪器 克萊因藍【下單請勿選京東代收點，詳細查看購買須知】,199,,,,,0,5,1,0,2025-11-12 16:23:48,185.45,,False,,0
p15915655,698133431,有色,yoose,Yoose-Mini 2.0 - 全合金便攜式電動鬚刨 英倫綠【下單請勿選京東代收點，詳細查看購買須知】,499,,,,,0,5,,0,2025-12-04 14:18:07,465.03,,False,,0
p16087366,C123150,海藍之謎,LA MER,La Mer海藍之謎平衡修護精萃乳125ml,1936,2420.0,8.0,484.0,,5,5,,0,2026-09-15 00:00:00,1804.21,,False,0.0,3
p16108834,698136123,徠芬,Laifen,Laifen Air 負離子高速風筒 - 附送標準順滑風嘴  粉紅色【下單請勿選京東代收點，詳細查看購買須知】,449,649.0,6.9,200.0,,5,5,,0,2026-09-15 00:00:00,418.43,,False,0.0,3
p16088835,698136067,几素,JisuLife,JisuLife幾素Handheld Fan Life9 迷你高速手提風扇｜無線風扇｜便攜風扇｜渦輪風扇-黑色【下單請勿選京東代收點，詳細查看購買須知】,189,289.0,6.5,100.0,,5,5,,0,2026-09-15 00:00:00,176.13,,False,0.0,3
p16089213,698136074,几素,JisuLife,JisuLife幾素Stroller Fan 3 八爪魚嬰兒車便攜風扇-黃色【下單請勿選京東代收點，詳細查看購買須知】,349,449.0,7.8,100.0,,5,5,,0,2026-09-15 00:00:00,325.24,,False,0.0,3
p16089215,698136081,几素,JisuLife,JisuLife幾素Handheld Fan Ultra2【全新旗艦級】萬用龍捲風渦輪風炮-灰色【下單請勿選京東代收點，詳細查看購買須知】,599,699.0,8.6,100.0,,5,5,,0,2026-09-15 00:00:00,558.22,,False,0.0,3
p16089219,698136071,几素,JisuLife,JisuLife幾素Stroller Fan 3 多功能可拆式風扇(鋁合金夾)-藍色【下單請勿選京東代收點，詳細查看購買須知】,349,449.0,7.8,100.0,,5,5,,0,2026-09-15 00:00:00,325.24,,False,0.0,3
p15916051,698133430,有色,yoose,Yoose-Mini 2.0 - 全合金便攜式電動鬚刨 競速黃【下單請勿選京東代收點，詳細查看購買須知】,499,,,,,0,5,,0,2025-12-04 14:17:54,465.03,,False,,0
p15795055,C102421,蘭蔻,LANCOME,LANCOME蘭蔻菁純臻顏精華粉底霜 100 35ml,726,1210.0,6.0,484.0,,5,5,47,5,2026-09-15 00:00:00,676.58,,False,0.0,3
p15825596,C105569,嬌韻詩,CLARINS,CLARINS嬌韻詩沁潤奇肌保濕清爽凝露-75ML,332,,,,,0,5,8,5,2024-07-31 11:55:12,475.28,,False,,2
p15915661,698133435,有色,yoose,Yoose-N1-S 全合金便攜式電動鼻毛修剪器 競速黃【下單請勿選京東代收點，詳細查看購買須知】,199,,,,,0,5,,0,2025-11-12 16:23:48,185.45,,False,,0
p15915693,698133319,JBL,JBL,JBL-Xtreme 4 便攜式防水藍牙喇叭 迷彩色【下單請勿選京東代收點，詳細查看購買須知】,1998,2799.0,7.1,801.0,,5,5,,0,2026-09-15 00:00:00,1861.99,,False,0.0,3
p15916082,698133349,JBL,JBL,JBL-Partybox Wireless Mic (2支裝)【下單請勿選京東代收點，詳細查看購買須知】,1199,1299.0,9.2,100.0,,5,5,,0,2026-09-15 00:00:00,1117.38,,False,0.0,3
p15916108,698133275,JBL,JBL,JBL-Boombox 4 可攜式防水藍牙喇叭 迷彩色【下單請勿選京東代收點，詳細查看購買須知】,4299,,,,,0,5,,0,2025-11-26 13:52:28,4006.35,,False,,0
p16096609,C122056,朋博灣,Bonpoint,Bonpoint朋博灣摯愛保濕舒緩乳液50ml,459,705.0,459.0,246.0,,5,5,1,0,2026-09-18 00:00:00,427.75,,False,0.0,3
p16088829,698136077,几素,JisuLife,JisuLife幾素Stroller Fan 4 八爪魚嬰兒車便攜風扇-藍色【下單請勿選京東代收點，詳細查看購買須知】,249,349.0,7.1,100.0,,5,5,,0,2026-09-15 00:00:00,232.05,,False,0.0,3
p16088834,698136062,WACACO,WACACO,WACACO Pixapresso 電動便攜式濃縮咖啡機-黑色【下單請勿選京東代收點，詳細查看購買須知】,1269,,,,,0,5,,0,2026-06-17 14:55:00,1182.61,,False,,0
p16088839,698136070,几素,JisuLife,JisuLife幾素Handheld Fan Pro1 S 超高速小風炮手提風扇-啡色【下單請勿選京東代收點，詳細查看購買須知】,339,439.0,7.7,100.0,,5,5,1,0,2026-09-15 00:00:00,315.92,,False,0.0,3
p16089214,698136076,几素,JisuLife,JisuLife幾素Stroller Fan 4 迷你多功能可拆式風扇(鋁合金夾版)-黃色【下單請勿選京東代收點，詳細查看購買須知】,249,349.0,7.1,100.0,,5,5,,0,2026-09-15 00:00:00,232.05,,False,0.0,3
p16089217,698136058,徠芬,Laifen,Laifen徠芬Wave SE 掃震電動牙刷-黃色【下單請勿選京東代收點，詳細查看購買須知】,349,499.0,7.0,150.0,,5,5,1,0,2026-09-15 00:00:00,325.24,,False,0.0,3
p16089221,698136079,几素,JisuLife,JisuLife幾素Table Fan Pro3 空氣淨化無線座檯風扇-灰色【下單請勿選京東代收點，詳細查看購買須知】,699,799.0,8.7,100.0,,5,5,1,0,2026-09-15 00:00:00,651.42,,False,0.0,3
p16079078,698136026,JBL,JBL,JBL GO 5 便攜式防水防摔藍牙喇叭 橙色【下單請勿選京東代收點，詳細查看購買須知】,449,499.0,9.0,50.0,,5,5,,0,2026-09-15 00:00:00,418.43,,False,0.0,3
p15764377,C101233,汤姆福特,TOM FORD,TOM FORD湯姆福特璀璨琉金唇膏,294,490.0,294.0,196.0,,5,5,48,0,2026-09-18 00:00:00,273.99,,False,0.0,3
p15738296,C055897,植村秀,SHU UEMURA,shu uemura植村秀綠茶肌潔顏油 450ml,503,835.0,503.0,332.0,,5,5,54,0,2026-09-18 00:00:00,468.76,,False,0.0,3
p15802039,C103064,魅可,MAC,MAC魅可絲緞絨霧細管唇膏24 2g,128,235.0,5.4,107.0,,5,5,15,0,2026-09-15 00:00:00,119.29,,False,0.0,3
p15843597,C049522,希思黎,SISLEY PARIS,sisley希思黎藏紅花絲絨睡眠面膜 60ml,663,,,,,0,5,22,0,2024-07-31 11:39:25,1025.12,,False,,2
p15737289,C044572,祖瑪瓏,JO MALONE LONDON,JO MALONE祖·瑪瓏香氛蠟燭(黑石榴香型),301,555.0,5.4,254.0,,5,5,13,0,2026-09-15 00:00:00,280.51,,False,0.0,3
p15839860,C107898,魅可,MAC,MAC魅可啞光鎖色唇膏1.8g,153,255.0,153.0,102.0,,5,5,10,0,2026-09-18 00:00:00,142.58,,False,0.0,3
p15831816,C108165,聖羅蘭,YSL,YSL 聖羅蘭NEW MASC香水,504,850.0,5.9,346.0,,5,5,12,0,2026-09-15 00:00:00,469.69,,False,0.0,3
p15915653,698133428,有色,yoose,Yoose-Mini 2.0 - 全合金便攜式電動鬚刨 暗夜黑【下單請勿選京東代收點，詳細查看購買須知】,499,,,,,0,5,,0,2025-12-04 14:18:13,465.03,,False,,0
p15915696,698133329,JBL,JBL,JBL-Flip 6 便攜式防水無線藍牙喇叭 紅色【下單請勿選京東代收點，詳細查看購買須知】,899,998.0,9.0,99.0,,5,5,,0,2026-09-15 00:00:00,837.8,,False,0.0,3
p15915909,C118595,歐舒丹,L'OCCITANE,L’occitane歐舒丹臘菊賦顏禦齡緊致精華面霜50ml,594,,,,,0,5,7,0,2026-09-15 15:03:01,922.61,,False,,2
p15916025,698133382,韶音,Shokz,Shokz OpenComm2 UC 2025 Upgrade 骨傳導通訊耳機 (C120) USB-A【下單請勿選京東代收點，詳細查看購買須知】,1599,,,,,0,5,,0,2026-07-02 16:05:53,1490.15,,False,,0
p15916026,698133380,韶音,Shokz,Shokz OpenMeet UC 開放式藍牙通訊耳機 (C610) USB-C【下單請勿選京東代收點，詳細查看購買須知】,1998,,,,,0,5,,0,2026-07-02 16:03:55,1861.99,,False,,0
p15916052,698133436,有色,yoose,Yoose-N1-S 全合金便攜式電動鼻毛修剪器 英倫綠【下單請勿選京東代收點，詳細查看購買須知】,199,,,,,0,5,,0,2025-11-12 16:23:48,185.45,,False,,0
p15916067,698133350,JBL,JBL,JBL-Partybox 520 便攜式藍牙派對喇叭【下單請勿選京東代收點，詳細查看購買須知】,5998,,,,,0,5,,0,2025-11-27 13:52:37,5589.69,,False,,0
p15916091,698133356,韶音,Shokz,Shokz OpenFit 2+【全新旗艦級】雙單元開放式藍牙耳機 T921 月華灰【下單請勿選京東代收點，詳細查看購買須知】,1399,1599.0,8.7,200.0,,5,5,,0,2026-09-15 00:00:00,1303.76,,False,0.0,3
p16079079,698136028,JBL,JBL,JBL GO 5 便攜式防水防摔藍牙喇叭 白色【下單請勿選京東代收點，詳細查看購買須知】,449,499.0,9.0,50.0,,5,5,,0,2026-09-15 00:00:00,418.43,,False,0.0,3
p16088828,698136066,WACACO,WACACO,WACACO Minipresso NS2 便攜式濃縮咖啡機 (加強版)【下單請勿選京東代收點，詳細查看購買須知】,469,479.0,9.8,10.0,,5,5,,0,2026-09-15 00:00:00,437.07,,False,0.0,3
p16088830,698136083,TYMO,TYMO,TYMO Porta Pro Plus 負離子無線直髮梳 HC123G【下單請勿選京東代收點，詳細查看購買須知】,599,699.0,8.6,100.0,,5,5,,0,2026-09-15 00:00:00,558.22,,False,0.0,3
p16088833,698136063,WACACO,WACACO,WACACO Pixapresso 電動便攜式濃縮咖啡機-紅色【下單請勿選京東代收點，詳細查看購買須知】,1269,,,,,0,5,,0,2026-06-17 14:55:00,1182.61,,False,,0
p16088840,698136080,几素,JisuLife,JisuLife幾素Handheld Fan Ultra2【全新旗艦級】萬用龍捲風渦輪風炮-啡色【下單請勿選京東代收點，詳細查看購買須知】,599,699.0,8.6,100.0,,5,5,,0,2026-09-15 00:00:00,558.22,,False,0.0,3
p16088841,698136082,TYMO,TYMO,TYMO Curl Pro 自動捲髮棒 HC503【下單請勿選京東代收點，詳細查看購買須知】,499,599.0,8.3,100.0,,5,5,,0,2026-09-15 00:00:00,465.03,,False,0.0,3
p16089211,698136065,WACACO,WACACO,WACACO Minipresso GR2便攜式濃縮咖啡機 (加強版)【下單請勿選京東代收點，詳細查看購買須知】,469,479.0,9.8,10.0,,5,5,,0,2026-09-15 00:00:00,437.07,,False,0.0,3
p16089220,698136073,几素,JisuLife,JisuLife幾素Stroller Fan 3 八爪魚嬰兒車便攜風扇-藍色【下單請勿選京東代收點，詳細查看購買須知】,349,449.0,7.8,100.0,,5,5,,0,2026-09-15 00:00:00,325.24,,False,0.0,3
p16108833,698136127,徠芬,Laifen,Laifen P3 三刀頭超高速電鬚刨 - 極地白【下單請勿選京東代收點，詳細查看購買須知】,799,998.0,8.0,199.0,,5,5,,0,2026-09-15 00:00:00,744.61,,False,0.0,3
p15736495,C038312,祖玛珑,JO MALONE LONDON,JO MALONE祖·瑪瓏沐浴露（青檸羅勒與柑橘香型）,224,405.0,224.0,181.0,,5,5,16,30,2026-09-18 00:00:00,208.75,,False,0.0,3
p15743671,C053171,倩碧,CLINIQUE,"CLINIQUE倩碧滋潤高效水嫩保濕套裝125ml, 30ml, 15ml",408,710.0,5.7,302.0,,5,5,16,30,2026-09-15 00:00:00,380.23,,False,0.0,3
p15743728,C055840,碧歐泉,BIOTHERM (Beauty),BIOTHERM 碧歐泉活泉潤透水分凝露 50ml,388,630.0,388.0,242.0,,5,5,34,5,2026-09-15 00:00:00,361.59,,False,0.0,3
p15764368,C100913,祖瑪瓏,JO MALONE LONDON,JO MALONE祖·瑪瓏香水(月光花香型)100ml,757,1355.0,5.6,598.0,,5,5,8,0,2026-09-15 00:00:00,705.47,,False,0.0,3
p15737838,C030079,祖瑪瓏,JO MALONE LONDON,JO MALONE祖·瑪瓏黑石榴香水100毫升,757,1355.0,5.6,598.0,,5,5,9,0,2026-09-15 00:00:00,705.47,,False,0.0,3
p15872227,C109145,馥蕾詩,FRESH,FRESH馥蕾詩古源傳奇面部精華油-30ML,1398,,,,,0,5,21,0,2024-10-15 12:02:23,2003.64,,False,,2
p15872476,C114208,資生堂,SHISEIDO,SHISEIDO資生堂時光琉璃禦藏豐盈奢養三部曲125ml+170ml+50ml,2121,3670.0,5.8,1549.0,,5,5,15,0,2026-09-15 00:00:00,1976.62,,False,0.0,3
p16078669,698136023,JBL,JBL,JBL GO 5 便攜式防水防摔藍牙喇叭 紫色【下單請勿選京東代收點，詳細查看購買須知】,449,499.0,9.0,50.0,,5,5,,0,2026-09-15 00:00:00,418.43,,False,0.0,3
p16078670,698136027,JBL,JBL,JBL GO 5 便攜式防水防摔藍牙喇叭 粉紅色【下單請勿選京東代收點，詳細查看購買須知】,449,499.0,9.0,50.0,,5,5,,0,2026-09-15 00:00:00,418.43,,False,0.0,3
p16078671,698136025,JBL,JBL,JBL GO 5 便攜式防水防摔藍牙喇叭 黃色【下單請勿選京東代收點，詳細查看購買須知】,449,499.0,9.0,50.0,,5,5,,0,2026-09-15 00:00:00,418.43,,False,0.0,3
p16078673,698136030,韶音,Shokz,Shokz OpenFit Pro【全新旗艦級】超級雙單元開放式濾噪耳機 T010 夜曲黑【下單請勿選京東代收點，詳細查看購買須知】,2099,2399.0,8.7,300.0,,5,5,,0,2026-09-15 00:00:00,1956.11,,False,0.0,3
p16078674,698136021,JBL,JBL,JBL GO 5 便攜式防水防摔藍牙喇叭 藍色【下單請勿選京東代收點，詳細查看購買須知】,449,499.0,9.0,50.0,,5,5,,0,2026-09-15 00:00:00,418.43,,False,0.0,3
p16079080,698136029,韶音,Shokz,Shokz OpenFit Pro【全新旗艦級】超級雙單元開放式濾噪耳機 T010 雲謠白【下單請勿選京東代收點，詳細查看購買須知】,2099,2399.0,8.7,300.0,,5,5,,0,2026-09-15 00:00:00,1956.11,,False,0.0,3
p16088836,698136068,几素,JisuLife,JisuLife幾素Handheld Fan Life9 迷你高速手提風扇｜無線風扇｜便攜風扇｜渦輪風扇-粉紅色【下單請勿選京東代收點，詳細查看購買須知】,189,289.0,6.5,100.0,,5,5,,0,2026-09-15 00:00:00,176.13,,False,0.0,3
p16088837,698136069,几素,JisuLife,JisuLife幾素Handheld Fan Pro1 S 超高速小風炮手提風扇-黑色【下單請勿選京東代收點，詳細查看購買須知】,339,439.0,7.7,100.0,,5,5,,0,2026-09-15 00:00:00,315.92,,False,0.0,3
p16088838,698136078,几素,JisuLife,JisuLife幾素Stroller Fan 4 八爪魚嬰兒車便攜風扇-黃色【下單請勿選京東代收點，詳細查看購買須知】,249,349.0,7.1,100.0,,5,5,,0,2026-09-15 00:00:00,232.05,,False,0.0,3
p16089216,698136059,徠芬,Laifen,Laifen徠芬Wave SE 掃震電動牙刷-粉紅色【下單請勿選京東代收點，詳細查看購買須知】,349,499.0,7.0,150.0,,5,5,,0,2026-09-15 00:00:00,325.24,,False,0.0,3
p16108835,698136124,徠芬,Laifen,Laifen Air 負離子高速風筒 - 附送標準順滑風嘴  紫色【下單請勿選京東代收點，詳細查看購買須知】,449,649.0,6.9,200.0,,5,5,,0,2026-09-15 00:00:00,418.43,,False,0.0,3
p15916083,698133352,JBL,JBL,JBL-PartyBox Stage 320 便攜式藍牙派對喇叭【下單請勿選京東代收點，詳細查看購買須知】,4299,,,,,0,5,,0,2025-11-27 13:59:44,4006.35,,False,,0
p15915657,698133433,有色,yoose,Yoose-N1-S 全合金便攜式電動鼻毛修剪器 暗夜黑【下單請勿選京東代收點，詳細查看購買須知】,199,,,,,0,5,,0,2025-11-12 16:23:48,185.45,,False,,0
p15915672,698133327,JBL,JBL,JBL-Flip 6 便攜式防水無線藍牙喇叭 粉色【下單請勿選京東代收點，詳細查看購買須知】,899,998.0,9.0,99.0,,5,5,,0,2026-09-15 00:00:00,837.8,,False,0.0,3
p15915675,698133328,JBL,JBL,JBL-Flip 6 便攜式防水無線藍牙喇叭 白色【下單請勿選京東代收點，詳細查看購買須知】,899,998.0,9.0,99.0,,5,5,,0,2026-09-15 00:00:00,837.8,,False,0.0,3
p15915677,698133330,JBL,JBL,JBL-Flip 6 便攜式防水無線藍牙喇叭 綠色【下單請勿選京東代收點，詳細查看購買須知】,899,998.0,9.0,99.0,,5,5,,0,2026-09-15 00:00:00,837.8,,False,0.0,3
p15872227,C109145,馥蕾詩,FRESH,FRESH馥蕾詩古源傳奇面部精華油-30ML,1398,,,,,0,5,21,0,2024-10-15 12:02:23,2003.64,,False,,2
p15872476,C114208,資生堂,SHISEIDO,SHISEIDO資生堂時光琉璃禦藏豐盈奢養三部曲125ml+170ml+50ml,2121,3670.0,5.8,1549.0,,5,5,15,0,2026-09-15 00:00:00,1976.62,,False,0.0,3
p15866249,C049301,魅可,MAC,MAC魅可細緻眉筆增量裝 01,128,235.0,5.4,107.0,,5,5,18,0,2026-09-15 00:00:00,119.29,,False,0.0,3
p15735481,C040730,祖瑪瓏,JO MALONE LONDON,JO MALONE祖·瑪瓏香水(英國橡樹與榛子香型)100ml,757,1355.0,757.0,598.0,,4,4,40,0,2026-09-18 00:00:00,705.47,,False,0.0,3
p15737003,C037751,魅可,MAC,MAC魅可#217經典暈色刷,145,255.0,145.0,110.0,,4,4,18,0,2026-09-18 00:00:00,135.13,,False,0.0,3
p15741767,C041908,祖瑪瓏,JO MALONE LONDON,JO MALONE祖·瑪瓏香水（忍冬與印蒿香型）30ML,378,640.0,5.9,262.0,,4,4,4,0,2026-09-15 00:00:00,352.27,,False,0.0,3
p15738647,C048825,理膚泉,LA ROCHE-POSAY,LA ROCHE POSAY理膚泉清痘淨膚細緻精華乳套裝40ml*2,294,490.0,294.0,196.0,,4,4,22,0,2026-09-18 00:00:00,273.99,,False,0.0,3
p15866240,C113753,湯姆福特,TOM FORD,TOM FORD湯姆福特琉璃煥彩唇膏3.3g,314,490.0,314.0,176.0,,4,4,43,0,2026-09-18 00:00:00,292.62,,False,0.0,3
p15948970,C122382,嬌韻詩,CLARINS,Clarins嬌韻詩勻淨煥白淡斑柔膚水200ml,273,,,,,0,4,6,0,2026-09-15 15:03:27,391.41,,False,,2
p16088842,698136084,TYMO,TYMO,TYMO CurlPro Plus 高效自動捲髮棒HC509G【下單請勿選京東代收點，詳細查看購買須知】,699,799.0,8.7,100.0,,4,4,1,0,2026-09-15 00:00:00,651.42,,False,0.0,3
p15793222,C100922,祖玛珑,JO MALONE LONDON,JO MALONE祖瑪瓏滿室幽香香薰(月光花香型)165ml,462,770.0,462.0,308.0,,4,4,35,0,2026-09-18 00:00:00,430.55,,False,0.0,3
p15884175,C117172,碧歐泉,BIOTHERM,Biotherm碧歐泉男士水動力保濕棒,177,295.0,6.0,118.0,,4,4,3,0,2026-09-15 00:00:00,164.95,,False,0.0,3
p15881533,C000278,蘭蔻,LANCOME,LANCOME蘭蔻奇跡濃香氛 50ml,578,965.0,6.0,387.0,,4,4,4,0,2026-09-15 00:00:00,538.65,,False,0.0,3
p15865721,C113843,蘭蔻,LANCOME,LANCOME蘭蔻空氣輕墊菁純粉底液 13g(110 IVOIRE-PO),448,750.0,6.0,302.0,,4,4,5,0,2026-09-15 00:00:00,417.5,,False,0.0,3
p15858207,C112035,博柏利,BURBERRY,BURBERRY博柏利之吻專屬標識絨霧啞光唇膏 3.3G,192,,,,,0,4,8,0,2024-07-31 11:23:17,298.22,,False,,2
p15896322,C118884,聖羅蘭,YSL,YSL聖羅蘭敢愛光耀豐盈唇蜜-1 6ml,247,380.0,6.5,133.0,,4,4,4,0,2026-09-15 00:00:00,230.19,,False,0.0,3
p15914829,F119402,德國科隆,Koln,德國科隆氣管咽喉寶 150粒（有效期至：2028.12.31）,400,,,,,0,4,6,0,2025-10-24 16:01:29,372.77,,False,,0
p15742417,C014421,CLINIQUE,CLINIQUE (Beauty),CLINIQUE倩碧明肌淨透水3號 400ml,174,315.0,174.0,141.0,,4,4,19,0,2026-09-18 00:00:00,162.16,,False,0.0,3
p15825602,C106396,悦木之源,ORIGINS,ORIGINS韋博士靈芝煥能強韌密集修護濃縮精華-30ML,265,490.0,265.0,225.0,,4,4,13,0,2026-09-18 00:00:00,246.96,,False,0.0,3
p15914176,C109771,艾哈佛,AHAVA,AHAVA死海礦物柔潤磨砂鹽 220g,242,,,,,0,4,4,0,2025-10-20 17:04:25,225.53,,False,,0
p15915679,698133338,JBL,JBL,JBL-Charge 5 便攜式防水藍牙喇叭 綠色【下單請勿選京東代收點，詳細查看購買須知】,998,1399.0,7.1,401.0,,4,4,,0,2026-09-15 00:00:00,930.06,,False,0.0,3
p15916081,698133342,JBL,JBL,JBL-Partybox Encore 2 手提式派對藍牙喇叭【下單請勿選京東代收點，詳細查看購買須知】,2998,,,,,0,4,,0,2025-11-27 13:44:48,2793.91,,False,,0
p16103112,C121076,蘭芝,LANEIGE,Laneige蘭芝修護舒緩睡眠面膜60ml,208,260.0,8.0,52.0,,4,4,1,0,2026-09-15 00:00:00,193.84,,False,0.0,3
p15828385,C106033,古馳,Gucci,GUCCI古馳極致透漾唇膏3.5g,254,,,,,0,4,21,0,2025-07-24 10:21:37,363.45,,False,,2
p15742088,C055308,CLINIQUE,CLINIQUE (Beauty),CLINIQUE倩碧鐳射活膚緊緻精華 50ml,454,800.0,454.0,346.0,,4,4,9,0,2026-09-18 00:00:00,423.09,,False,0.0,3
p15737464,C026585,CLINIQUE,CLINIQUE (Beauty),CLINIQUE倩碧淨透泡沫潔面乳/洗面奶 150ml,119,215.0,119.0,96.0,,4,4,16,0,2026-09-18 00:00:00,110.9,,False,0.0,3
p15742464,C053174,CLINIQUE,CLINIQUE (Beauty),CLINIQUE倩碧100 小時自我修護水嫩補濕啫喱200ML,601,1065.0,5.6,464.0,,4,4,19,5,2026-09-15 00:00:00,560.09,,False,0.0,3
p15741723,C039107,喬治阿瑪尼,GIORGIO ARMANI,GIORGIO ARMANI阿瑪尼迷情摯愛女士濃香水 50ML,1155,,,,,0,4,5,0,2026-04-24 11:24:39,1076.37,,False,,0
p15809820,C106044,古馳,Gucci,GUCCI古馳柔霧持妝粉底液 30ml,323,,,,,0,4,12,0,2025-02-25 15:56:14,577.79,,False,,2
p15819758,C106027,古馳,Gucci,GUCCI 古馳花悅綻放女士濃香水 50ml,761,,,,,0,4,5,0,2025-08-25 17:28:07,1090.35,,False,,2
p15738937,C043607,聖羅蘭,YSL,YSL聖羅蘭先鋒男士濃香水100ML,751,1230.0,6.1,479.0,,4,4,8,0,2026-09-15 00:00:00,699.88,,False,0.0,3
p15915678,698133337,JBL,JBL,JBL-Charge 5 便攜式防水藍牙喇叭 紅色【下單請勿選京東代收點，詳細查看購買須知】,998,1399.0,7.1,401.0,,4,4,,0,2026-09-15 00:00:00,930.06,,False,0.0,3
p15915682,698133348,JBL,JBL,JBL-Authentics 300 智能家居無線喇叭 (Wi-Fi 及藍牙連接功能)【下單請勿選京東代收點，詳細查看購買須知】,3299,,,,,0,4,,0,2025-11-27 13:59:42,3074.42,,False,,0
p15915683,698133339,JBL,JBL,JBL-Charge 5 便攜式防水藍牙喇叭 湖水綠【下單請勿選京東代收點，詳細查看購買須知】,998,1399.0,7.1,401.0,,4,4,,0,2026-09-15 00:00:00,930.06,,False,0.0,3
p15897680,C117125,娇韵诗,CLARINS,Clarins嬌韻詩舒潤磨砂膏50ML,202,,,,,0,4,4,0,2025-08-13 16:12:12,288.9,,False,,2
p15916063,698133341,JBL,JBL,JBL-Charge 5 便攜式防水藍牙喇叭 黑橙色【下單請勿選京東代收點，詳細查看購買須知】,998,1399.0,7.1,401.0,,4,4,,0,2026-09-15 00:00:00,930.06,,False,0.0,3
p15916064,698133340,JBL,JBL,JBL-Charge 5 便攜式防水藍牙喇叭 迷彩色【下單請勿選京東代收點，詳細查看購買須知】,998,1399.0,7.1,401.0,,4,4,,0,2026-09-15 00:00:00,930.06,,False,0.0,3
p15916070,698133345,JBL,JBL,JBL-CINEMA SB550 3.1 聲道Soundbar（含無線重低音喇叭）【下單請勿選京東代收點，詳細查看購買須知】,1799,,,,,0,4,,0,2025-11-27 13:59:43,1676.53,,False,,0
p15885778,C111759,蘭蔻,LANCOME,Lancome蘭蔻是我淡香水100ml,1285,,,,,0,4,3,0,2026-05-21 15:40:40,1197.52,,False,,0
p15916483,C118109,植村秀,SHU UEMURA,SHUUEMURA植村秀羽紗輕盈持妝粉底液784 35ml,485,,,,,0,4,7,0,2026-09-15 15:03:02,451.98,,False,,0
p15844737,C105936,祖瑪瓏,JO MALONE LONDON,JO MALONE祖瑪瓏潤膚乳霜馥鬱系列 200ml,555,990.0,5.6,435.0,,4,4,13,0,2026-09-15 00:00:00,517.22,,False,0.0,3
p15743284,C015057,伊麗莎白·雅頓,ELIZABETH ARDEN,Elizabeth Arden伊麗莎白雅頓逆時橘燦精純眼霜15ml,403,877.0,4.6,474.0,,4,4,11,0,2026-09-15 00:00:00,375.57,,False,0.0,3
p15739538,C022961,CLINIQUE,CLINIQUE (Beauty),CLINIQUE倩碧男士卓越潤膚乳潤膚乳100ml,182,335.0,5.4,153.0,,4,4,10,0,2026-09-15 00:00:00,169.61,,False,0.0,3
p15865801,C016692,海藍之謎,LA MER,LA MER海藍之謎身體修護乳霜300ML,1733,2775.0,1733.0,1042.0,,4,4,22,0,2026-09-18 00:00:00,1615.03,,False,0.0,3
p15915984,C116296,魅可,MAC,MAC魅可晶瑩沁透氣墊粉底液N11,207,380.0,207.0,173.0,,4,4,9,0,2026-09-18 00:00:00,192.91,,False,0.0,3
p15916061,698133334,JBL,JBL,JBL-Charge 5 便攜式防水藍牙喇叭 藍色【下單請勿選京東代收點，詳細查看購買須知】,998,1399.0,7.1,401.0,,4,4,,0,2026-09-15 00:00:00,930.06,,False,0.0,3
p15916069,698133344,JBL,JBL,JBL-CINEMA SB510 3.1 聲道Soundbar【下單請勿選京東代收點，詳細查看購買須知】,998,1299.0,7.7,301.0,,4,4,,0,2026-09-15 00:00:00,930.06,,False,0.0,3
p15916084,698133333,JBL,JBL,JBL-Charge 5 便攜式防水藍牙喇叭 黑色【下單請勿選京東代收點，詳細查看購買須知】,998,1399.0,7.1,401.0,,4,4,,0,2026-09-15 00:00:00,930.06,,False,0.0,3
p16121046,C126842,馥蕾詩,FRESH,FRESH馥蕾詩古源密集滋養乳霜-100ML,3920,,,,,0,4,,0,2026-08-28 11:31:29,3653.15,,False,,0
p16089210,698136061,徠芬,Laifen,Laifen徠芬Wave SE 掃震電動牙刷-灰色【下單請勿選京東代收點，詳細查看購買須知】,349,499.0,7.0,150.0,,4,4,2,0,2026-09-15 00:00:00,325.24,,False,0.0,3
p15737096,C101147,科顏氏,KIEHL'S,Kiehl's科顏氏高保濕面膜 100ml,291,485.0,291.0,194.0,,4,4,29,0,2026-09-18 00:00:00,271.19,,False,0.0,3
p15737541,C047906,祖瑪瓏,JO MALONE LONDON,JO MALONE祖·瑪瓏香水（虞美人與大麥香型）100ML,792,1355.0,792.0,563.0,,4,4,10,0,2026-09-18 00:00:00,738.09,,False,0.0,3
p15740394,C010378,巴黎歐萊雅,L'OREAL PARIS,L'OREAL 歐萊雅複顏清漾柔膚乳200ml,68,105.0,6.5,37.0,,4,4,22,0,2026-09-15 00:00:00,63.37,,False,0.0,3
p15864115,C112792,芭比布朗,BOBBI BROWN,BOBBI BROWN芭比波朗至盈呵護唇蜜 BARE 6ML,190,350.0,190.0,160.0,,3,3,45,0,2026-09-18 00:00:00,177.07,,False,0.0,3
p15877392,C106503,巴黎歐萊雅,L'OREAL PARIS,L'OREAL歐萊雅複顏滋潤眼霜套裝15ml*3,308,515.0,6.0,207.0,,4,4,8,0,2026-09-15 00:00:00,287.03,,False,0.0,3
p15872026,C115518,巴黎歐萊雅,L'OREAL PARIS,L'OREAL PARIS巴黎歐萊雅廣角密扇睫毛膏9.9ml*2,156,260.0,156.0,104.0,,4,4,9,0,2026-09-18 00:00:00,145.38,,False,0.0,3
p15828347,C105800,雅詩蘭黛,ESTEE LAUDER,ESTEE LAUDER雅詩蘭黛絕色由我緞光唇膏3.5g,180,360.0,180.0,180.0,,4,4,14,0,2026-09-18 00:00:00,167.75,,False,0.0,3
p15949235,C123048,儀式,RITUALS,RITUALS白色羅勒藤條香薰450ml,375,625.0,375.0,250.0,,4,4,4,0,2026-09-18 00:00:00,349.47,,False,0.0,3
p15825227,C105501,祖瑪瓏,JO MALONE LONDON,JO MALONE London祖瑪瓏香氛蠟燭-絲絨玫瑰與烏木--200G,375,705.0,375.0,330.0,,4,4,14,0,2026-09-18 00:00:00,349.47,,False,0.0,3
p15844014,C110985,蘭蔻,LANCOME,LANCOME蘭蔻是我（偶像）香水 50ml,615,945.0,615.0,330.0,,4,4,3,0,2026-09-18 00:00:00,573.13,,False,0.0,3
p15819757,C106255,倩碧,CLINIQUE (Beauty),CLINIQUE倩碧水嫩保濕舒潤凝霜 50ml*2,366,610.0,6.0,244.0,,4,4,9,5,2026-09-15 00:00:00,341.08,,False,0.0,3
p15915673,698133346,JBL,JBL,JBL-Authentics 200 智能家居無線喇叭 (Wi-Fi 及藍牙連接功能)【下單請勿選京東代收點，詳細查看購買須知】,2399,,,,,0,4,,0,2025-11-27 13:59:42,2235.69,,False,,0
p15915676,698133347,JBL,JBL,JBL-Authentics 500 智能家居無線喇叭 (Wi-Fi 及藍牙連接功能)【下單請勿選京東代收點，詳細查看購買須知】,4998,,,,,0,4,,0,2025-11-27 13:59:42,4657.77,,False,,0
p15915680,698133343,JBL,JBL,JBL-Partybox Encore Essential 2 手提式派對藍牙喇叭【下單請勿選京東代收點，詳細查看購買須知】,2499,,,,,0,4,,0,2025-11-27 13:46:04,2328.88,,False,,0
p15914169,C100466,艾哈佛,AHAVA,AHAVA礦物海泥光透保濕面膜 50ml,162,278.0,162.0,116.0,,4,4,3,0,2026-09-18 00:00:00,150.97,,False,0.0,3
p15916086,698133335,JBL,JBL,JBL-Charge 5 便攜式防水藍牙喇叭 粉色【下單請勿選京東代收點，詳細查看購買須知】,998,1399.0,7.1,401.0,,4,4,,0,2026-09-15 00:00:00,930.06,,False,0.0,3
p15916492,C120083,喬治阿瑪尼,GIORGIO ARMANI,Giorgio Armani阿瑪尼絲綢柔光氣墊 1 替換裝,330,440.0,7.5,110.0,,4,4,6,0,2026-09-15 00:00:00,307.54,,False,0.0,3
p15736156,C007992,CLINIQUE,CLINIQUE (Beauty),CLINIQUE倩碧修護滋養眼霜15ML,400,,,,,0,3,9,0,2024-09-20 10:21:02,372.77,,False,,0
p15830412,C108661,科顏氏,KIEHL'S,Kiehl's科顏氏多重緊致修顏輕乳霜 75ml,875,,,,,0,3,3,5,2024-08-13 16:39:48,815.44,,False,,0
p15739104,C035233,聖羅蘭,YSL BEAUTY,YSL聖羅蘭 MON PARIS 濃香水 90ML,1010,1655.0,6.1,645.0,,3,3,6,0,2026-09-15 00:00:00,941.25,,False,0.0,3
p15739847,C038131,魅可,MAC,MAC魅可#239S經典著色刷 (可攜式),168,305.0,168.0,137.0,,3,3,10,0,2026-09-18 00:00:00,156.56,,False,0.0,3
p15782299,C102481,聖羅蘭,YSL BEAUTY,YSL聖羅蘭先鋒男士淡香水 100ml,626,1040.0,6.0,414.0,,3,3,10,0,2026-09-15 00:00:00,583.39,,False,0.0,3
p15826129,C107281,赫蓮娜,HELENA RUBINSTEIN,HR赫蓮娜悅活強韌青春輕乳液-75ML,1740,,,,,0,3,6,0,2024-07-31 11:54:22,1621.55,,False,,0
p15811358,C102139,資生堂,SHISEIDO,SHISEIDO資生堂豔陽防曬霜 SPF50+ 30ml,410,,,,,0,3,200+,0,2025-04-17 14:57:58,382.09,,False,,0
p15819491,C105482,祖瑪瓏,JO MALONE LONDON,JO MALONE LONDON 祖瑪瓏古龍水-緋紅虞美人-50ML,752,1175.0,752.0,423.0,,3,3,5,0,2026-09-18 00:00:00,700.81,,False,0.0,3
p15866274,C112787,芭比布朗,BOBBI BROWN,BOBBI BROWN芭比波朗持久輕透霧鏡氣墊粉底PORCELAIN 瓷白膚色12G,245,450.0,245.0,205.0,,3,3,32,0,2026-09-18 00:00:00,228.32,,False,0.0,3
p15916016,698133365,韶音,Shokz,Shokz OpenRun Pro 2 Mini (S821) 專業運動耳機 熔岩橙【下單請勿選京東代收點，詳細查看購買須知】,1399,1599.0,8.7,200.0,,3,3,,0,2026-09-15 00:00:00,1303.76,,False,0.0,3
p15883304,C113658,博柏利,BURBERRY,Burberry博柏利英倫小姐水漾唇膏603,192,,,,,0,3,4,0,2025-03-05 17:50:13,298.22,,False,,2
p15883870,C117490,紀梵希,Givenchy,GIVENCHY紀梵希明星流光菁潤粉底液0.5N  30ML,580,,,,,0,3,5,0,2025-04-16 09:48:01,540.52,,False,,0
p15874519,C114200,資生堂,SHISEIDO,SHISEIDO資生堂-時光琉璃豐盈日霜50ml,1450,2300.0,1450.0,850.0,,3,3,37,0,2026-09-18 00:00:00,1351.29,,False,0.0,3
p16069841,C125073,喬治阿瑪尼,GIORGIO ARMANI,Giorgio Armani阿瑪尼中國限定版護手霜馥鬱香型50ml,515,,,,,0,3,3,0,2026-05-06 10:59:18,479.94,,False,,0
p15942692,C120142,科顏氏,KIEHL'S,Kiehl’s科顏氏金盞花三件套500ml+100ml+230ml,1400,,,,,0,3,2,0,2026-09-15 15:03:16,1304.7,,False,,0
p15946240,698134392,依波路,Ernest Borel,Ernest Borel依波路雅仕系列-N0105L0B-QR2L【下單請勿選京東代收點，詳細查看購買須知】,4378,,,,,0,3,,0,2026-02-04 13:58:13,4079.97,,False,,0
p16075681,698135964,Kanine,Kanine,Kanine-阿森納橡膠狗球牽繩玩具 Primary Red/Pure White OS,100,,,,,0,3,,0,2026-06-26 14:02:44,93.19,,False,,0
p16127825,C121269,茵芙莎,IPSA,IPSA茵芙莎自律光透美肌乳2 175ml【本品不含泵頭，需單獨購買】,510,,,,,0,3,,0,2026-09-04 16:08:51,475.28,,False,,0
p16132716,C120134,聖羅蘭,YSL,YSL聖羅蘭全新細管口紅 1966 2.2g,390,,,,,0,3,,0,2026-09-11 17:45:08,363.45,,False,,0
p16133171,C117178,聖羅蘭,YSL,YSL聖羅蘭黑管啞光唇釉 236 5.5ml,390,,,,,0,3,,0,2026-09-11 17:45:08,363.45,,False,,0
p16095251,C122417,奧碧虹,ALBION,ALBION雅思臻鉑28天速效淡斑凈亮安瓶精華1.5mlx28pcs,1648,,,,,0,3,,0,2026-09-15 15:02:00,1919.77,,False,,2
p16103116,C126560,喬治阿瑪尼,GIORGIO ARMANI,Giorgio Armani阿瑪尼 「權力」持妝氣墊 #1,544,680.0,8.0,136.0,,3,3,,0,2026-09-15 00:00:00,506.97,,False,0.0,3
p15826129,C107281,赫蓮娜,HELENA RUBINSTEIN,HR赫蓮娜悅活強韌青春輕乳液-75ML,1740,,,,,0,3,6,0,2024-07-31 11:54:22,1621.55,,False,,0
p15866274,C112787,芭比布朗,BOBBI BROWN,BOBBI BROWN芭比波朗持久輕透霧鏡氣墊粉底PORCELAIN 瓷白膚色12G,245,450.0,245.0,205.0,,3,3,32,0,2026-09-18 00:00:00,228.32,,False,0.0,3
p15883304,C113658,博柏利,BURBERRY,Burberry博柏利英倫小姐水漾唇膏603,192,,,,,0,3,4,0,2025-03-05 17:50:13,298.22,,False,,2
p15883870,C117490,紀梵希,Givenchy,GIVENCHY紀梵希明星流光菁潤粉底液0.5N  30ML,580,,,,,0,3,5,0,2025-04-16 09:48:01,540.52,,False,,0
p15874519,C114200,資生堂,SHISEIDO,SHISEIDO資生堂-時光琉璃豐盈日霜50ml,1450,2300.0,1450.0,850.0,,3,3,37,0,2026-09-18 00:00:00,1351.29,,False,0.0,3
p15830412,C108661,科顏氏,KIEHL'S,Kiehl's科顏氏多重緊致修顏輕乳霜 75ml,875,,,,,0,3,3,5,2024-08-13 16:39:48,815.44,,False,,0
p15916016,698133365,韶音,Shokz,Shokz OpenRun Pro 2 Mini (S821) 專業運動耳機 熔岩橙【下單請勿選京東代收點，詳細查看購買須知】,1399,1599.0,8.7,200.0,,3,3,,0,2026-09-15 00:00:00,1303.76,,False,0.0,3
p15739461,C053058,蒂芙尼,TIFFANY & CO,TIFFANY蒂芙尼玫瑰金濃香水,534,1335.0,5.1,801.0,,3,3,30,0,2026-09-15 00:00:00,497.65,,False,0.0,3
p15739590,C053016,卡爾文·克雷恩,CALVIN KLEIN,Calvin Klein卡爾文克萊Defy淡香水,347,770.0,347.0,423.0,,3,3,2,0,2026-09-18 00:00:00,323.38,,False,0.0,3
p15739020,C049797,古馳,Gucci,GUCCI 古馳仙之頌濃香水 100mL,1402,,,,,0,3,10,0,2024-12-27 12:07:39,2655.99,,False,,2
p15736981,C030073,祖瑪瓏,JO MALONE LONDON,JO MALONE祖·瑪瓏香水(鼠尾草與海鹽香型)30毫升,348,640.0,348.0,292.0,,3,3,12,0,2026-09-18 00:00:00,324.31,,False,0.0,3
p15738666,C032285,魅可,MAC,MAC魅可定制護唇膏/口紅 15ml,100,175.0,100.0,75.0,,3,3,16,0,2026-09-18 00:00:00,93.19,,False,0.0,3
p15792848,C024142,芭比布朗,BOBBI BROWN,BOBBI BROWN芭比波朗流雲眼影筆  1.6g,166,300.0,166.0,134.0,,3,3,4,0,2026-09-18 00:00:00,154.7,,False,0.0,3
p15736644,C100192,聖羅蘭,YSL BEAUTY,YSL聖羅蘭 自由之水清版淡香水 90ML,936,1560.0,6.0,624.0,,3,3,4,0,2026-09-15 00:00:00,872.28,,False,0.0,3
p15736175,C009666,倩碧,CLINIQUE,CLINIQUE倩碧淨顏清爽保濕乳 50ml,157,280.0,5.6,123.0,,3,3,2,0,2026-09-15 00:00:00,146.31,,False,0.0,3
p15736188,C020926,倩碧,CLINIQUE,CLINIQUE倩碧升級特效潤膚露+125ml,174,290.0,174.0,116.0,,3,3,11,0,2026-09-18 00:00:00,162.16,,False,0.0,3
p15887955,C116921,古馳,Gucci,Gucci古馳傾色雲霧唇釉308 6.5ml,203,,,,,0,3,,0,2026-09-15 15:02:44,363.45,,False,,2
p15893770,C117970,嬌韻詩,CLARINS,CLARINS嬌韻詩防曬身體噴霧SPF50--150ML,195,,,,,0,3,11,0,2025-06-19 14:00:54,279.58,,False,,2
p15894079,C112572,聖羅蘭,YSL,YSL聖羅蘭瑩亮純魅唇膏 201 3.2g,380,,,,,0,3,2,0,2025-06-16 17:23:45,354.13,,False,,0
p15885171,C118188,湯姆福特,TOM FORD,TOM FORD幻魅亮澤唇膏 16 斯嘉麗紅,230,370.0,230.0,140.0,,3,3,10,0,2026-09-18 00:00:00,214.34,,False,0.0,3
p15898166,F119169,家得路,CATALO,Catalo家得路特強金裝護肝寶 90粒(有效期至：2027.12.1),838,,,,,0,3,42,0,2025-11-14 10:40:14,780.95,,False,,0
p15881893,C116202,倩碧,CLINIQUE,Clinique倩碧祛紅舒緩潔面霜50ml,328,525.0,6.2,197.0,,3,3,2,0,2026-09-15 00:00:00,305.67,,False,0.0,3
p15895892,C119247,喬治阿瑪尼,GIORGIO ARMANI,Giorgio Armani阿瑪尼紅管唇釉-504 6.5ml,227,380.0,6.0,153.0,,3,3,3,0,2026-09-15 00:00:00,211.55,,False,0.0,3
p15825233,C048912,雅詩蘭黛,ESTEE LAUDER,ESTEE LAUDER雅詩蘭黛炫黑雙頭眼線液筆01-0-9G,185,340.0,185.0,155.0,,3,3,12,0,2026-09-18 00:00:00,172.41,,False,0.0,3
p15915197,F119401,德國漢堡,Hamburg,德國漢堡氣管咽喉靈 150粒（有效期至：2028.12.31）,400,,,,,0,3,9,0,2025-10-24 16:01:19,372.77,,False,,0
p15915903,C120645,歐舒丹,L'OCCITANE,L’occitane歐舒丹白色薰衣草淡香氛 50ML,354,,,,,0,3,,0,2026-06-08 12:08:28,549.84,,False,,2
p15945937,698134394,依波路,Ernest Borel,Ernest Borel依波路祖爾斯系列-N0401G0A-MN2N【下單請勿選京東代收點，詳細查看購買須知】,9988,,,,,0,3,,0,2026-02-04 13:58:04,9308.08,,False,,0
p15921199,C119951,倩碧,CLINIQUE,Clinique倩碧唇釉 PI,113,185.0,113.0,72.0,,3,3,2,0,2026-09-18 00:00:00,105.31,,False,0.0,3
p15871744,C112560,嬌韻詩,CLARINS,CLARINS嬌韻詩淨透化妝水 200ml,182,,,,,0,3,10,0,2026-08-11 10:15:49,260.94,,False,,2
p15865178,C112779,魅可,MAC,MAC魅可炫彩豐盈潤唇膏2.3g,97,180.0,97.0,83.0,,3,3,29,0,2026-09-18 00:00:00,90.4,,False,0.0,3
p15871382,C112301,祖瑪瓏,JO MALONE LONDON,JO MALONE LONDON祖瑪瓏香水（英國梨與香豌豆香型）100ml,742,1355.0,742.0,613.0,,3,3,25,0,2026-09-18 00:00:00,691.49,,False,0.0,3
p15871571,C115546,蘭蔻,LANCOME,LANCOME蘭蔻全新菁純絲絨霧面唇膏3.4g,360,,,,,0,3,30,0,2026-08-31 17:16:47,335.49,,False,,0
p15870906,C115279,芭比布朗,BOBBI BROWN,BOBBI BROWN芭比波朗清透持妝粉底液30ml,276,485.0,276.0,209.0,,3,3,36,0,2026-09-18 00:00:00,257.21,,False,0.0,3
p15849362,C111451,植村秀,SHU UEMURA,SHU UEMURA植村秀「光影盤」羽紗修色四色遮瑕盤,250,425.0,5.9,175.0,,3,3,23,0,2026-09-15 00:00:00,232.98,,False,0.0,3
p16075706,698135554,Kanine,Kanine,Kanine-聖誕樹軟絨玩具 Red OS,120,,,,,0,3,,0,2026-06-26 14:02:22,111.83,,False,,0
p16075745,698135552,Kanine,Kanine,Kanine-狗狗花朵帽子 Pink L,175,,,,,0,3,,0,2026-06-26 14:02:44,163.09,,False,,0
p15949070,C121636,雅詩蘭黛,ESTEE LAUDER,Estee Lauder雅詩蘭黛輕透持妝粉底液1C2 30ml,299,460.0,299.0,161.0,,3,3,2,0,2026-09-18 00:00:00,278.65,,False,0.0,3
p16075693,698135685,Kanine,Kanine,Kanine-超級英雄寵物攜帶便便袋 Logo Print OS,120,,,,,0,3,,0,2026-06-26 14:02:44,111.83,,False,,0
p15948955,C122824,伊麗莎白·雅頓,ELIZABETH ARDEN,Elizabeth Arden伊莉莎白雅頓綠茶蜜滴身體乳霜（草莓羅勒香型） 500ml,159,265.0,159.0,106.0,,3,3,,0,2026-09-18 00:00:00,148.18,,False,0.0,3
p16102730,C126559,喬治阿瑪尼,GIORGIO ARMANI,Giorgio Armani阿瑪尼 「權力」持妝氣墊 #0,544,680.0,8.0,136.0,,3,3,,0,2026-09-15 00:00:00,506.97,,False,0.0,3
p16076185,698135449,Kanine,Kanine,Kanine-狗狗頭巾與夾式領結 Mars Red L,160,,,,,0,3,,0,2026-06-26 14:02:43,149.11,,False,,0
p15735482,C040442,湯姆福特,TOM FORD,TOM FORD 濃郁奢黑香水50ML/1.7FLOZ,1421,2400.0,1421.0,979.0,,3,3,10,0,2026-09-18 00:00:00,1324.27,,False,0.0,3
p15843166,C108458,伊麗莎白·雅頓,ELIZABETH ARDEN,Elizabeth Arden伊麗莎白雅頓晶璨皙顏雙效煥白精華露 30ml,244,610.0,244.0,366.0,,3,3,16,0,2026-09-18 00:00:00,227.39,,False,0.0,3
p15858632,C111717,古馳,Gucci,GUCCI古馳傾色雲霧唇釉 6.5ML,254,,,,,0,3,5,0,2026-04-24 11:24:39,363.45,,False,,2
p15742124,C028648,赫蓮娜,HELENA RUBINSTEIN,HR赫蓮娜悅活蓄能肌水200ml,841,1370.0,6.1,529.0,,3,3,22,0,2026-09-15 00:00:00,783.75,,False,0.0,3
p15894077,C112579,聖羅蘭,YSL,YSL聖羅蘭瑩亮純魅唇膏 122 3.2g,227,380.0,227.0,153.0,,3,3,15,0,2026-09-18 00:00:00,211.55,,False,0.0,3
p15903372,C119859,蘭蔻,LANCOME,Lancome蘭蔻菁純柔霧啞光唇膏-273,360,,,,,0,3,2,0,2025-11-05 16:13:48,335.49,,False,,0
p15912569,C121175,巴黎歐萊雅,L'OREAL PARIS,L`oreal歐萊雅光感煥亮體驗套裝,218,335.0,218.0,117.0,,3,3,3,0,2026-09-18 00:00:00,203.16,,False,0.0,3
p15897817,C118949,資生堂,SHISEIDO,Shiseido資生堂盼麗風姿智感撫紋精華液 30ml,455,700.0,455.0,245.0,,3,3,8,0,2026-09-18 00:00:00,424.03,,False,0.0,3
p16075737,698135527,Kanine,Kanine,Kanine-狗狗帽子 Mars Red L,160,,,,,0,3,,0,2026-06-26 14:02:45,149.11,,False,,0
p15946241,698134396,依波路,Ernest Borel,Ernest Borel依波路祖爾斯系列-N0401L0A-MN2N【下單請勿選京東代收點，詳細查看購買須知】,9988,,,,,0,3,,0,2026-02-04 13:58:35,9308.08,,False,,0
p16092325,C125678,理膚泉,LA ROCHE-POSAY,LA ROCHE-POSAY理膚泉特護運動防曬噴霧(SPF50+)200ml,300,375.0,8.0,75.0,,3,3,,0,2026-09-15 00:00:00,279.58,,False,0.0,3
p15942672,C121500,巴黎歐萊雅,L'OREAL PARIS,L`oreal巴黎歐萊雅青春密碼密集肌能精華肌底液兩支裝100ml*2,438,1095.0,4.0,657.0,,3,3,2,0,2026-09-15 00:00:00,408.18,,False,0.0,3
p15943516,698134311,依波路,Ernest Borel,Ernest Borel依波路X系列-N0736GLB-MC6S【下單請勿選京東代收點，詳細查看購買須知】,8228,,,,,0,3,,0,2026-04-14 10:44:16,7667.89,,False,,0
p16125989,C121631,雅詩蘭黛,ESTEE LAUDER,Estee Lauder雅詩蘭黛輕透持妝粉底液3W1 TAWNY 30ml,460,,,,,0,3,,0,2026-08-28 12:16:25,428.69,,False,,0
p15943516,698134311,依波路,Ernest Borel,Ernest Borel依波路X系列-N0736GLB-MC6S【下單請勿選京東代收點，詳細查看購買須知】,8228,,,,,0,3,,0,2026-04-14 10:44:16,7667.89,,False,,0
p15946241,698134396,依波路,Ernest Borel,Ernest Borel依波路祖爾斯系列-N0401L0A-MN2N【下單請勿選京東代收點，詳細查看購買須知】,9988,,,,,0,3,,0,2026-02-04 13:58:35,9308.08,,False,,0
p15843166,C108458,伊麗莎白·雅頓,ELIZABETH ARDEN,Elizabeth Arden伊麗莎白雅頓晶璨皙顏雙效煥白精華露 30ml,244,610.0,244.0,366.0,,3,3,16,0,2026-09-18 00:00:00,227.39,,False,0.0,3
p15765551,C101476,古馳,Gucci,GUCCI 古馳傾色雲霧唇釉208 6.5ml,254,,,,,0,3,7,0,2025-08-28 11:35:47,363.45,,False,,2
p15740088,C051943,艾梵達,AVEDA,AVEDA三重修復草本洗髮水200ml,162,290.0,162.0,128.0,,3,3,26,0,2026-09-18 00:00:00,150.97,,False,0.0,3
p15800845,C003031,倩碧,CLINIQUE,CLINIQUE倩碧香氛 50ml,124,270.0,4.6,146.0,,3,3,9,0,2026-09-15 00:00:00,115.56,,False,0.0,3
p15805999,C049928,卡爾文·克雷恩,CALVIN KLEIN,Calvin Klein 卡爾文克萊永恆男士濃香水 100ml,790,,,,,0,3,6,0,2024-07-31 11:50:33,736.22,,False,,0
p15741494,C039069,希思黎,SISLEY PARIS,sisley希思黎植物淨顏潔膚面膜 60ml,650,,,,,0,3,8,0,2024-08-07 14:21:22,978.52,,False,,2
p15846160,C057458,奧碧虹,ALBION,ALBION雅思臻鉑恒亮再生柔膚水 200ml,644,,,,,0,3,3,0,2025-06-27 16:41:00,922.61,,False,,2
p15736927,C101144,艾梵達,AVEDA,AVEDA三重修復草本滋潤髮膜450ml,476,875.0,476.0,399.0,,3,3,33,0,2026-09-18 00:00:00,443.6,,False,0.0,3
p15830822,C105787,雅詩蘭黛,ESTEE LAUDER,ESTEE LAUDER雅詩蘭黛絕色由我緞光唇膏3.5g,182,360.0,182.0,178.0,,3,3,11,0,2026-09-18 00:00:00,169.61,,False,0.0,3
p15899061,F119379,蛇仔標,蛇仔標,蛇仔標千裏追風油 50ml,60,,,,,0,3,66,0,2025-10-23 15:18:51,55.92,,False,,0
p15949087,C121633,雅詩蘭黛,ESTEE LAUDER,Estee Lauder雅詩蘭黛輕透持妝粉底液2C1 30ml,299,460.0,299.0,161.0,,3,3,,0,2026-09-18 00:00:00,278.65,,False,0.0,3
p15871742,C112492,嬌韻詩,CLARINS,CLARINS嬌韻詩防曬身體乳 150ml,195,,,,,0,3,6,0,2026-08-11 10:23:23,279.58,,False,,2
p15872022,C112505,芭比布朗,BOBBI BROWN,BOBBI BROWN芭比波朗至盈呵護唇部精華-6ML,193,350.0,5.5,157.0,,3,3,16,0,2026-09-15 00:00:00,179.86,,False,0.0,3
p15870350,C111232,祖瑪瓏,JO MALONE LONDON,JO MALONE LONDON祖瑪瓏香水馥鬱系列（紅色木槿香型）-50ML,699,1175.0,699.0,476.0,,3,3,4,0,2026-09-18 00:00:00,651.42,,False,0.0,3
p15943248,C122051,卡詩,KERASTASE,KERASTASE卡詩釉光玫瑰髮香噴霧30ml,330,,,,,0,3,9,0,2026-09-15 15:03:26,307.54,,False,,0
p15943517,698134310,依波路,Ernest Borel,Ernest Borel依波路X系列-N0736GLA-MC2S【下單請勿選京東代收點，詳細查看購買須知】,8228,,,,,0,3,,0,2026-02-04 13:57:05,7667.89,,False,,0
p15943518,698134309,依波路,Ernest Borel,Ernest Borel依波路X系列-N0415GLC-MS6S【下單請勿選京東代收點，詳細查看購買須知】,7973,,,,,0,3,,0,2026-02-04 13:57:52,7430.25,,False,,0
p15945938,698134395,依波路,Ernest Borel,Ernest Borel依波路祖爾斯系列-N0401G0C-MR2L【下單請勿選京東代收點，詳細查看購買須知】,8908,,,,,0,3,,0,2026-02-04 13:58:25,8301.6,,False,,0
p15883659,C117182,聖羅蘭,YSL,YSL 聖羅蘭敢愛光耀柔光唇膏-8B 3.1g,380,,,,,0,3,8,0,2025-04-16 09:48:01,354.13,,False,,0
p15883871,C117489,紀梵希,Givenchy,GIVENCHY紀梵希明星流光菁潤粉底液-1N 30ML,580,,,,,0,3,3,0,2025-04-16 09:48:01,540.52,,False,,0
p15884174,C117180,聖羅蘭,YSL,YSL 聖羅蘭敢愛光耀柔光唇膏-9B 3.1g,380,,,,,0,3,6,0,2025-04-16 09:48:01,354.13,,False,,0
p15916072,698133364,韶音,Shokz,Shokz OpenRun Pro 2 Mini (S821) 專業運動耳機 冰川銀【下單請勿選京東代收點，詳細查看購買須知】,1399,1599.0,8.7,200.0,,3,3,,0,2026-09-15 00:00:00,1303.76,,False,0.0,3
p15916092,698133366,韶音,Shokz,Shokz OpenRun Pro 2 Mini (S821) 專業運動耳機 砂石黑【下單請勿選京東代收點，詳細查看購買須知】,1399,1599.0,8.7,200.0,,3,3,,0,2026-09-15 00:00:00,1303.76,,False,0.0,3
p16127821,C121270,茵芙莎,IPSA,IPSA茵芙莎自律光透美肌乳6 175ml【本品不含泵頭，需單獨購買】,510,,,,,0,3,,0,2026-09-04 16:09:02,475.28,,False,,0
p16127822,C121282,茵芙莎,IPSA,IPSA茵芙莎自律光透美肌乳7 175ml【本品不含泵頭，需單獨購買】,510,,,,,0,3,,0,2026-09-04 16:09:09,475.28,,False,,0
p16127823,C121275,茵芙莎,IPSA,IPSA茵芙莎自律光透美肌乳5 175ml【本品不含泵頭，需單獨購買】,510,,,,,0,3,,0,2026-09-04 16:09:17,475.28,,False,,0
p16128268,C121277,茵芙莎,IPSA,IPSA茵芙莎自律光透美肌乳8 175ml【本品不含泵頭，需單獨購買】,510,,,,,0,3,,0,2026-09-04 16:09:30,475.28,,False,,0
p16133197,C127580,蘭蔻,LANCOME,Lancome蘭蔻菁純馭時系列 凝時精華乳 50ml,1750,,,,,0,3,,0,2026-09-11 17:45:10,1630.87,,False,,0
p16076157,698136011,Kanine,Kanine,Kanine-熱刺橡膠狗球牽繩玩具 Spurs White OS,100,,,,,0,3,,0,2026-06-26 14:02:21,93.19,,False,,0
p16075707,698135556,Kanine,Kanine,Kanine-炸雞軟絨玩具 Red OS,120,,,,,0,3,,0,2026-06-26 14:02:22,111.83,,False,,0
p16075731,698135528,Kanine,Kanine,Kanine-便攜式狗狗水壺 Camel/Black OS,195,,,,,0,3,,0,2026-06-26 14:02:55,181.73,,False,,0
p16075734,698135404,Kanine,Kanine,Kanine-狗狗Polo衫 Mountain View Green XXS,200,,,,,0,3,,0,2026-06-26 14:02:56,186.39,,False,,0
p16075741,698135374,Kanine,Kanine,Kanine-Aigle 狗牽繩 Empire A OS,580,,,,,0,3,,0,2026-06-26 14:02:56,540.52,,False,,0
p16075756,698135558,Kanine,Kanine,Kanine-狗狗聖誕襪軟絨玩具 Red OS,120,,,,,0,3,,0,2026-06-26 14:02:22,111.83,,False,,0
p16076127,698136004,Kanine,Kanine,Kanine-熱刺寵物圍兜 Spurs White OS,100,,,,,0,3,,0,2026-06-26 14:02:44,93.19,,False,,0
p15789334,C101065,蘭芝,LANEIGE,LANEIGE蘭芝水酷透明質酸嘭潤修護潤膚乳(清潤)120ml,156,260.0,156.0,104.0,,3,3,18,0,2026-09-18 00:00:00,145.38,,False,0.0,3
p15743809,C054750,植村秀,SHU UEMURA,shu uemura植村秀腮紅 柔霧 M 345 3g （替換芯）,210,,,,,0,3,9,0,2026-02-01 19:21:56,195.7,,False,,0
p15800844,C009386,倩碧,CLINIQUE,CLINIQUE倩碧快樂男香淡香水噴霧 100ml,203,350.0,203.0,147.0,,3,3,9,0,2026-09-18 00:00:00,189.18,,False,0.0,3
p15742918,C016561,科顏氏,KIEHL'S,Kiehl's 科顏氏氨基椰香洗髮啫喱  500ml,390,,,,,0,3,100+,0,2024-08-13 16:39:43,363.45,,False,,0
p15737412,C049145,聖羅蘭,YSL,YSL聖羅蘭自由之水濃香水 30ML,535,900.0,5.9,365.0,,3,3,21,30,2026-09-15 00:00:00,498.58,,False,0.0,3
p15738733,C029999,祖玛珑,JO MALONE LONDON,JO MALONE祖·瑪瓏英國梨與小蒼蘭潤膚乳霜175ml,435,725.0,435.0,290.0,,3,3,37,0,2026-09-18 00:00:00,405.39,,False,0.0,3
p15737766,C049146,聖羅蘭,YSL,YSL聖羅蘭自由之水濃香水 50ML,1210,,,,,0,3,9,0,2025-04-27 10:05:51,1127.63,,False,,0
p15739931,C030780,雅詩蘭黛,ESTEE LAUDER,ESTEE LAUDER  雅詩蘭黛 Re-Nutriv 雙重潤養白金級臻致煥采粉餅 SPF16/PA+++ (粉芯)11g  暖瓷白 1W0,479,860.0,479.0,381.0,,3,3,12,0,2026-09-18 00:00:00,446.39,,False,0.0,3
p15740139,C027731,碧歐泉,BIOTHERM (Beauty),BIOTHERM  碧歐泉護膚精華露 200ml,658,1060.0,658.0,402.0,,3,3,21,0,2026-09-18 00:00:00,613.21,,False,0.0,3
p15740451,C049795,古馳,Gucci,GUCCI  古驰罪爱男士淡香水,546,,,,,0,3,27,0,2025-08-28 11:35:47,782.82,,False,,2
p15741792,C028835,聖羅蘭,YSL BEAUTY,YSL聖羅蘭 BLACalvin Klein OPIUM 濃香水 50ML,708,1165.0,6.1,457.0,,3,3,17,0,2026-09-15 00:00:00,659.8,,False,0.0,3
p15739663,C019013,CLINIQUE,CLINIQUE (Beauty),CLINIQUE倩碧眼部按摩精華露雙支裝 15ml*2,384,640.0,384.0,256.0,,3,3,14,0,2026-09-18 00:00:00,357.86,,False,0.0,3
p15830192,C108619,古馳,Gucci,GUCCI古馳霧柔羊絨淨采遮瑕筆 8ml,188,,,,,0,3,10,0,2026-05-22 15:50:32,335.49,,False,,2
p15898643,C116119,倩碧,CLINIQUE,Clinique倩碧卓越潤膚面霜50ml,168,290.0,5.8,122.0,,3,3,2,0,2026-09-15 00:00:00,156.56,,False,0.0,3
p15884182,C117166,蘭蔻,LANCOME,Lancome蘭蔻菁純臻顏精華粉底液-90 35ml,995,,,,,0,3,14,0,2026-09-15 15:02:44,927.27,,False,,0
p15895891,C119212,植村秀,SHU UEMURA,shu uemura植村秀大師立體眼影盤-茶棕盤,322,495.0,6.5,173.0,,3,3,,0,2026-09-15 00:00:00,300.08,,False,0.0,3
p16076158,698135799,Kanine,Kanine,Kanine-湯米·希爾費格狗狗發聲繩飛盤 Desert Sky/Red OS,235,,,,,0,3,,0,2026-06-26 14:02:22,219.0,,False,,0
p15949056,C116303,魅可,MAC,MAC魅可晶瑩沁透氣墊粉底液,225,380.0,225.0,155.0,,3,3,2,0,2026-09-18 00:00:00,209.68,,False,0.0,3
p15949086,C121855,雅詩蘭黛,ESTEE LAUDER,Estee Lauder雅詩蘭黛輕透持妝粉底液3W0 30ml,299,460.0,299.0,161.0,,3,3,5,0,2026-09-18 00:00:00,278.65,,False,0.0,3
p16075677,698135555,Kanine,Kanine,Kanine-炸雞軟絨玩具 Dark Blue OS,120,,,,,0,3,,0,2026-06-26 14:02:44,111.83,,False,,0
p15947323,C121663,芭比布朗,BOBBI BROWN,Bobbi Brown芭比波朗至盈呵護變色豐唇油752號 6ml,228,350.0,228.0,122.0,,3,3,,0,2026-09-18 00:00:00,212.48,,False,0.0,3
p15830815,C106054,聖羅蘭,YSL,YSL聖羅蘭瑩亮潤彩唇膏,227,380.0,6.0,153.0,,3,3,10,0,2026-09-15 00:00:00,211.55,,False,0.0,3
p15831428,C107506,喬治阿瑪尼,GIORGIO ARMANI-香化,GIORGIO ARMANI 阿瑪尼密碼男士淡香水 125ml,470,785.0,6.0,315.0,,3,3,16,0,2026-09-15 00:00:00,438.01,,False,0.0,3
p15809334,C105819,魅可,MAC,MAC魅可啞光鎖色唇釉18-4ML,164,255.0,164.0,91.0,,3,3,3,0,2026-09-18 00:00:00,152.84,,False,0.0,3
p16120564,C120288,海藍之謎,LA MER,La Mer海藍之謎鎏金煥顏精准匿紋精華20ml,5195,,,,,0,3,3,0,2026-08-28 11:27:49,4841.36,,False,,0
p16132734,C127577,蘭蔻,LANCOME,Lancome蘭蔻菁純馭時系列 逆時精華乳 50ml,1750,,,,,0,3,,0,2026-09-11 17:45:08,1630.87,,False,,0
p16132774,C050698,蔻依,Chloe,Chloe蔻依仙境花園系列香氛-迷霧馬鞭草150ml,2030,,,,,0,3,,0,2026-09-14 16:18:36,1891.81,,False,,0
p16133198,C127584,植村秀,SHU UEMURA,SHU UEMURA植村秀羽紗流光精華粉餅 藍色 7.9g,450,,,,,0,3,,0,2026-09-11 17:45:10,419.37,,False,,0
p15800844,C009386,倩碧,CLINIQUE,CLINIQUE倩碧快樂男香淡香水噴霧 100ml,203,350.0,203.0,147.0,,3,3,9,0,2026-09-18 00:00:00,189.18,,False,0.0,3
p15915894,C120920,歐舒丹,L'OCCITANE,L’occitane歐舒丹甜蜜櫻花香潤膚乳 250ML,174,,,,,0,3,13,0,2025-12-01 09:48:11,270.26,,False,,2
p15920864,C118750,悦木之源,ORIGINS,ORIGINS悅木之源蘋果肌青春卸妝霜125ml,180,300.0,180.0,120.0,,3,3,3,0,2026-09-18 00:00:00,167.75,,False,0.0,3
p15943519,698134308,依波路,Ernest Borel,Ernest Borel依波路X系列-N0415GLA-MS6S【下單請勿選京東代收點，詳細查看購買須知】,7973,,,,,0,3,,0,2026-02-04 13:57:41,7430.25,,False,,0
p15945939,698134393,依波路,Ernest Borel,Ernest Borel依波路雅仕系列-N0105L0C-QR2L【下單請勿選京東代收點，詳細查看購買須知】,4378,,,,,0,3,,0,2026-02-04 13:58:44,4079.97,,False,,0
p15916071,698133369,韶音,Shokz,Shokz OpenSwim Pro (S710) 水陸兩用 專業運動耳機 熊貓白【下單請勿選京東代收點，詳細查看購買須知】,1399,1599.0,8.7,200.0,,3,3,,0,2026-09-15 00:00:00,1303.76,,False,0.0,3
p15912558,C119262,理膚泉,LA ROCHE-POSAY,LA ROCHE-POSAY理膚泉特護控油防曬50ml,265,,,,,0,3,21,0,2026-09-15 15:02:52,246.96,,False,,0
p15916496,C120598,蘭蔻,LANCOME,Lancome蘭蔻塑顏三重緊致煥顏視黃醇精華乳50ml,1480,,,,,0,3,7,0,2026-09-15 15:03:09,1379.25,,False,,0
p15946242,698134397,依波路,Ernest Borel,Ernest Borel依波路祖爾斯系列-N0401L0C-MR2L【下單請勿選京東代收點，詳細查看購買須知】,8908,,,,,0,3,,0,2026-02-04 13:58:52,8301.6,,False,,0
p15736504,C053137,魅可,MAC,MAC魅可絲緞柔霧啞光小眼影02 1.5g,110,,,,,0,2,4,0,2025-02-25 15:56:07,102.51,,False,,0
p15845673,C105781,雅詩蘭黛,ESTEE LAUDER,Estee Lauder雅詩蘭黛絕色由我晶緞唇膏 3.5g,360,,,,,0,2,1,0,2025-09-22 15:16:05,335.49,,False,,0
p15742014,C056257,凯利安,KILIAN,Kilian凱利安狂野淑女濃香水 50ml,1582,,,,,0,2,3,0,2024-07-31 11:42:07,2106.15,,False,,2
p15742528,C052670,汤姆福特,TOM FORD,TOM FORD 桃澀花蜜香水50ML/1.7FLOZ,3185,,,,,0,2,6,0,2024-07-31 11:34:41,2968.18,,False,,0
p15737873,C056736,祖玛珑,JO MALONE LONDON,JO MALONE祖·瑪瓏香水(銀樺與薰衣草香型)30ml,630,,,,,0,2,7,0,2024-07-31 11:43:41,587.11,,False,,0
p15736821,C031901,魅可,MAC,MAC魅可時尚眼線筆  1.36g,195,,,,,0,2,4,0,2025-05-28 10:23:24,181.73,,False,,0
p15795034,C017538,倩碧,CLINIQUE,CLINIQUE倩碧爽膚控油透明粉餅StayBuff 7.6g,165,295.0,165.0,130.0,,2,2,17,0,2026-09-18 00:00:00,153.77,,False,0.0,3
p15741518,C046929,祖玛珑,JO MALONE LONDON,JO MALONE祖·瑪瓏滿室幽香香薰牡丹與胭紅麂絨165ml,437,770.0,437.0,333.0,,2,2,48,0,2026-09-18 00:00:00,407.25,,False,0.0,3
p15738788,C046923,CLINIQUE,CLINIQUE (Beauty),CLINIQUE倩碧男士平衡滋養霜 50ML,207,380.0,207.0,173.0,,2,2,11,5,2026-09-18 00:00:00,192.91,,False,0.0,3
p15742528,C052670,汤姆福特,TOM FORD,TOM FORD 桃澀花蜜香水50ML/1.7FLOZ,3185,,,,,0,2,6,0,2024-07-31 11:34:41,2968.18,,False,,0
p15740446,C043350,博柏利,BURBERRY,BURBERRY博柏利她濃香水 EDP 50ML/100ML,624,,,,,0,2,5,0,2025-07-24 10:21:36,969.2,,False,,2
p15742014,C056257,凯利安,KILIAN,Kilian凱利安狂野淑女濃香水 50ml,1582,,,,,0,2,3,0,2024-07-31 11:42:07,2106.15,,False,,2
p15824263,C106050,古馳,Gucci,GUCCI古馳彩光亮色霜-15ML,252,,,,,0,2,6,0,2025-07-21 14:26:27,391.41,,False,,2
p15886981,C116228,雅詩蘭黛,ESTEE LAUDER,Estee Lauder雅詩蘭黛絕色由我絨霧唇膏128,182,275.0,182.0,93.0,,2,2,5,0,2026-09-18 00:00:00,169.61,,False,0.0,3
p15866138,C113842,喬治阿瑪尼,GIORGIO ARMANI,GIORGIO ARMANI阿瑪尼紅管絲絨唇釉102 6.5ml,380,,,,,0,2,9,0,2026-09-15 15:02:30,354.13,,False,,0
p16089430,C125598,儀式,RITUALS,RITUALS夜櫻儀式香氛噴霧 400ml,400,,,,,0,2,1,0,2026-06-08 11:32:08,372.77,,False,,0
p16094862,C124770,奧碧虹,ALBION,ELEGANCE 持久剔透防曬調色乳 30g (亮膚色),304,,,,,0,2,1,0,2026-07-06 15:22:54,354.13,,False,,2
p15828345,C105802,雅詩蘭黛,ESTEE LAUDER,ESTEE LAUDER雅詩蘭黛絕色由我絨霧唇膏3.5g,182,360.0,5.1,178.0,,2,2,8,0,2026-09-15 00:00:00,169.61,,False,0.0,3
p15881901,C056676,倩碧,CLINIQUE,Clinique倩碧高效防水睫毛膏01-8ML,230,,,,,0,2,6,0,2025-02-25 16:25:02,214.34,,False,,0
p15871926,C115239,魅可,MAC,MAC魅可妝前12ml,280,,,,,0,2,5,0,2026-09-15 15:02:29,260.94,,False,,0
p15845673,C105781,雅詩蘭黛,ESTEE LAUDER,Estee Lauder雅詩蘭黛絕色由我晶緞唇膏 3.5g,360,,,,,0,2,1,0,2025-09-22 15:16:05,335.49,,False,,0
p15870266,C114190,魅可,MAC,MAC 魅可171S 平滑斜角粉底掃,395,,,,,0,2,23,0,2024-09-19 18:23:58,368.11,,False,,0
p15871545,C115233,魅可,MAC,MAC魅可定制鎏金遮瑕11ml,168,280.0,6.0,112.0,,2,2,16,0,2026-09-15 00:00:00,156.56,,False,0.0,3
p15858261,C053039,Boss,Boss,BOSS博斯男士香水,665,,,,,0,2,7,0,2026-09-15 15:42:35,619.73,,False,,0
p15896074,C116937,古馳,Gucci,GUCCI古馳綺夢馥梔香型女士香水50ML,761,,,,,0,2,5,0,2025-09-18 11:05:00,1090.35,,False,,2
p15903378,C120418,倩碧,CLINIQUE,Clinique倩碧唇釉-NU 7ml,185,,,,,0,2,2,0,2026-09-15 15:02:53,172.41,,False,,0
p16089430,C125598,儀式,RITUALS,RITUALS夜櫻儀式香氛噴霧 400ml,400,,,,,0,2,1,0,2026-06-08 11:32:08,372.77,,False,,0
p16094862,C124770,奧碧虹,ALBION,ELEGANCE 持久剔透防曬調色乳 30g (亮膚色),304,,,,,0,2,1,0,2026-07-06 15:22:54,354.13,,False,,2
p15735856,C030068,祖瑪瓏,JO MALONE LONDON,JO MALONE祖·瑪瓏香水(藍風鈴香型)30ml,640,,,,,0,2,15,0,2024-09-09 14:08:13,596.43,,False,,0
p15740023,C056662,倩碧,CLINIQUE,CLINIQUE倩碧小雛菊腮紅02 3.5g,91,160.0,91.0,69.0,,2,2,16,0,2026-09-18 00:00:00,84.81,,False,0.0,3
p15742128,C039091,碧歐泉,BIOTHERM,BIOTHERM  碧歐泉男士滋養緊膚露 200ml,710,,,,,0,2,25,0,2024-07-31 11:35:25,661.67,,False,,0
p15738344,C037973,魅可,MAC,MAC魅可#219筆形刷 1pcs,295,,,,,0,2,16,0,2024-07-31 11:43:01,274.92,,False,,0
p15736650,C024086,芭比布朗,BOBBI BROWN,BOBBI BROWN芭比波朗眼影刷,204,365.0,5.6,161.0,,2,2,14,0,2026-09-15 00:00:00,190.11,,False,0.0,3
p15739674,C056661,倩碧,CLINIQUE,CLINIQUE倩碧小雛菊腮紅01 3.5g CLINIQUE CHEEK POP GINGER POP 3.5g,160,,,,,0,2,34,0,2024-09-20 10:21:45,149.11,,False,,0
p15743585,C016584,科顏氏,KIEHL'S,Kiehl's 科顏氏高保濕乳液 125ml,255,,,,,0,2,16,0,2024-08-13 16:39:44,237.64,,False,,0
p15737018,C037830,魅可,MAC,MAC魅可奪目濃黑防水睫毛膏  13g,290,,,,,0,2,2,0,2025-02-25 15:56:07,270.26,,False,,0
p15893906,C118051,歐緹麗,CAUDALIE,Caudalie歐緹麗葡萄籽水保濕潤色CC霜-1-30ML,160,290.0,5.5,130.0,,2,2,2,0,2026-09-15 00:00:00,149.11,,False,0.0,3
p15891087,C112984,博柏利,BURBERRY,Burberry 博柏利女神馥鬱香水50ML,590,,,,,0,2,1,0,2025-05-21 16:33:43,1056.8,,False,,2
p15901320,C118821,湯姆福特,TOM FORD,Tom Ford湯姆福特湯姆福特鏡面唇蜜N4 5.5ml,490,,,,,0,2,5,0,2026-09-15 15:02:48,456.64,,False,,0
p16096258,C125682,碧歐泉,BIOTHERM,Biotherm碧歐泉男士淨膚細緻控油保濕凝膠50ml,495,,,,,0,2,1,0,2026-09-15 15:03:50,461.3,,False,,0
p16096264,C125657,聖羅蘭,YSL,YSL聖羅蘭黑管唇釉446 5.5ml,390,,,,,0,2,2,0,2026-09-15 15:03:39,363.45,,False,,0
p15793303,C101112,魅可,MAC,MAC魅可玩色柔滑眼線膠筆01-0-35G,205,,,,,0,2,4,0,2024-07-31 11:49:05,191.04,,False,,0
p15823800,C105570,嬌韻詩,CLARINS,CLARINS嬌韻詩沁潤奇肌保濕水感凝露75ml,332,,,,,0,2,4,0,2024-08-26 17:49:04,475.28,,False,,2
p15825266,C107472,蘭蔻,LANCOME,LANCOME蘭蔻塑顏修護凝露水-400ML,617,995.0,6.2,378.0,,2,2,23,0,2026-09-15 00:00:00,575.0,,False,0.0,3
p15851788,C111235,祖玛珑,JO MALONE LONDON,JO MALONE祖瑪瓏末藥與冬加豆沐浴露 250ml,277,510.0,277.0,233.0,,2,2,8,0,2026-09-18 00:00:00,258.14,,False,0.0,3
p15942673,C121496,巴黎歐萊雅,L'OREAL PARIS,L`oreal巴黎歐萊雅青春密碼密集肌能精華肌底液100ml,387,595.0,387.0,208.0,,2,2,1,0,2026-09-18 00:00:00,360.66,,False,0.0,3
p15846936,C110787,雅詩蘭黛,ESTEE LAUDER,Estee Lauder雅詩蘭黛鮮活亮采套裝125ml+200ml+50ml,736,1295.0,736.0,559.0,,2,2,4,0,2026-09-18 00:00:00,685.9,,False,0.0,3
p15848022,C110790,雅詩蘭黛,ESTEE LAUDER,Estee Lauder雅詩蘭黛鮮活亮采精華水兩支裝200ml*2,820,,,,,0,2,8,0,2026-09-15 15:02:14,764.18,,False,,0
p15942673,C121496,巴黎歐萊雅,L'OREAL PARIS,L`oreal巴黎歐萊雅青春密碼密集肌能精華肌底液100ml,387,595.0,387.0,208.0,,2,2,1,0,2026-09-18 00:00:00,360.66,,False,0.0,3
p15901320,C118821,湯姆福特,TOM FORD,Tom Ford湯姆福特湯姆福特鏡面唇蜜N4 5.5ml,490,,,,,0,2,5,0,2026-09-15 15:02:48,456.64,,False,,0
p15870353,C113663,古馳,Gucci,GUCCI 古馳罪愛惹火男士淡香水 50ml,475,,,,,0,2,3,0,2025-02-27 10:37:42,680.31,,False,,2
p15851788,C111235,祖玛珑,JO MALONE LONDON,JO MALONE祖瑪瓏末藥與冬加豆沐浴露 250ml,277,510.0,277.0,233.0,,2,2,8,0,2026-09-18 00:00:00,258.14,,False,0.0,3
p16096258,C125682,碧歐泉,BIOTHERM,Biotherm碧歐泉男士淨膚細緻控油保濕凝膠50ml,495,,,,,0,2,1,0,2026-09-15 15:03:50,461.3,,False,,0
p16096264,C125657,聖羅蘭,YSL,YSL聖羅蘭黑管唇釉446 5.5ml,390,,,,,0,2,2,0,2026-09-15 15:03:39,363.45,,False,,0
p15743641,C055959,古馳,Gucci,古馳自由寫意防水眉筆 0.12g,247,,,,,0,2,14,0,2025-07-17 11:19:07,354.13,,False,,2
p15743675,C054252,博柏利,BURBERRY,BURBERRY博柏利先生英倫男士濃香水 50ml/100ml,517,,,,,0,2,4,0,2024-12-27 12:07:38,583.39,,False,,2
p15770480,C101480,古馳,Gucci,GUCCI古馳絲潤精萃噴霧 80ml,372,,,,,0,2,11,0,2024-07-31 11:46:24,577.79,,False,,2
p15735306,C018001,碧歐泉,BIOTHERM (Beauty),BIOTHERM  碧歐泉男士淨膚細緻潔面膏 125ml,182,305.0,6.0,123.0,,2,2,11,0,2026-09-15 00:00:00,169.61,,False,0.0,3
p15839487,C105173,湯姆福特,TOM FORD,TOM FORD湯姆福特柔霧緞采唇膏 3.3g,268,490.0,5.5,222.0,,2,2,7,0,2026-09-15 00:00:00,249.76,,False,0.0,3
p15839628,C111700,古馳,Gucci,GUCCI 古馳傾色絨霧唇膏3.5g,184,,,,,0,2,10,0,2026-01-26 14:23:13,363.45,,False,,2
p15839857,C110087,雅詩蘭黛,ESTEE LAUDER,ESTEE LAUDER雅詩蘭黛沁水塑顏煥采妝前精華露 40ml,640,,,,,0,2,8,0,2024-07-31 11:56:47,596.43,,False,,0
p15844008,C110700,植村秀,SHU UEMURA,shu uemura植村秀無限修護精華粉底刷,308,500.0,6.2,192.0,,2,2,19,0,2026-09-15 00:00:00,287.03,,False,0.0,3
p15845263,C105750,雅詩蘭黛,ESTEE LAUDER,Estee Lauder雅詩蘭黛絕色由我緞光唇膏862 3.5g,177,360.0,177.0,183.0,,2,2,4,0,2026-09-18 00:00:00,164.95,,False,0.0,3
p15858618,C044454,Boss,Boss,BOSS博斯無限男士香水,630,,,,,0,2,6,0,2026-09-15 15:42:37,587.11,,False,,0
p15848024,C111715,古馳,Gucci,GUCCI古馳絲潤氣墊粉底液 14G,403,,,,,0,2,7,0,2025-11-26 10:28:15,577.79,,False,,2
p15858215,C112577,聖羅蘭,YSL BEAUTY,YSL聖羅蘭悅享青春防曬霜 30ML,560,,,,,0,2,11,0,2024-08-01 10:43:25,521.88,,False,,0
p15742355,C048518,蒂芙尼,TIFFANY & CO,TIFFANY蒂芙尼誓愛女士濃香水,1155,,,,,0,2,10,0,2025-06-24 10:45:12,1076.37,,False,,0
p15741583,C042474,古馳,Gucci,GUCCI  古馳罪愛女士濃香水,930,,,,,0,2,55,0,2026-05-22 15:50:32,969.2,,False,,2
p15737492,C049595,雅詩蘭黛,ESTEE LAUDER,ESTEE LAUDER  雅詩蘭黛 Re-Nutriv Ultimate Lift Regenerating  Youth  白金級花菁萃緊顏煥活乳液 75ml,2530,,,,,0,2,9,0,2026-01-26 14:23:13,2357.77,,False,,0
p15811359,C105250,伊麗莎白·雅頓,ELIZABETH ARDEN,Elizabeth Arden伊麗莎白雅頓時空煥活膠囊精華液28ml*60pcs,688,,,,,0,2,5,0,2026-09-15 15:02:06,641.17,,False,,0
p15738122,C003102,聖羅蘭,YSL BEAUTY,YSL聖羅蘭明彩筆01 2.5ML,395,,,,,0,2,41,0,2024-07-31 11:18:24,368.11,,False,,0
p15737104,C043939,雅诗兰黛,ESTEE LAUDER,ESTEE LAUDER  雅詩蘭黛 Resilience Multi-Effect 彈力多肽面頸柔膚霜SPF15/PA+++ (中性/混合肌膚)50ml,1285,,,,,0,2,8,5,2024-07-31 11:44:43,1197.52,,False,,0
p15894219,C118141,伊麗莎白·雅頓,ELIZABETH ARDEN,Elizabeth Arden伊莉莎白雅頓八小時潔面125ml,127,230.0,5.5,103.0,,2,2,2,0,2026-09-15 00:00:00,118.35,,False,0.0,3
p15894221,C117113,嬌韻詩,CLARINS,CLARINS嬌韻詩透亮煥白淡斑精華露150ml,423,,,,,0,2,8,0,2026-09-15 15:02:38,605.75,,False,,2
p15946987,C118651,歐舒丹,L'OCCITANE,L’occitane歐舒丹煥活舒緩三重精粹水150ml,396,,,,,0,2,3,0,2026-09-15 15:03:25,615.07,,False,,2
p16133231,C113660,博柏利,BURBERRY,Burberry博柏利英倫小姐水漾唇膏605 3g,320,,,,,0,2,,0,2026-09-14 16:18:37,298.22,,False,,0
p16133236,C119478,博柏利,BURBERRY,Burberry博柏利卓越持妝柔焦蜜粉01 20g,490,,,,,0,2,,0,2026-09-14 16:18:37,456.64,,False,,0
p15878318,C115787,古馳,Gucci,Gucci 古馳罪愛傾心女士香水,529,,,,,0,2,2,0,2026-09-15 15:42:36,1090.35,,False,,2
p15886980,C116200,倩碧,CLINIQUE,Clinique倩碧晶鑽水亮唇彩 01 black honey 3.4ml,97,180.0,97.0,83.0,,2,2,6,0,2026-09-18 00:00:00,90.4,,False,0.0,3
p15794713,C026571,倩碧,CLINIQUE,CLINIQUE倩碧炫目眼線筆101號 1.2g,112,185.0,6.1,73.0,,2,2,1,0,2026-09-15 00:00:00,104.38,,False,0.0,3
p15764549,C100848,倩碧,CLINIQUE,CLINIQUE倩碧水嫩保濕柔膚水 400ml,465,,,,,0,2,5,0,2026-08-31 17:16:47,433.35,,False,,0
p15825537,C105479,祖瑪瓏,JO MALONE LONDON,JO MALONE LONDON 祖瑪瓏古龍水-晚香玉與天使草古龍-50ML,662,1175.0,662.0,513.0,,2,2,3,0,2026-09-18 00:00:00,616.94,,False,0.0,3
p15829880,C108525,黛珂,DECORTE,COSME DECORTE黛珂AQ舒活凝光面霜 50g,2100,,,,,0,2,11,5,2024-07-31 11:56:55,1957.04,,False,,0
p15820477,C106387,嬌韻詩,CLARINS,CLARINS嬌韻詩活力之水 100ml,258,,,,,0,2,4,0,2024-07-31 11:53:34,400.73,,False,,2
p15858256,C104804,Boss,Boss,BOSS博斯自信男性香水 100ml,965,,,,,0,2,4,0,2024-07-31 11:25:30,899.31,,False,,0
p15742567,C049497,芭比布朗,BOBBI BROWN,BOBBI BROWN芭比波朗炙戀精油唇蜜#5烈焰情書6 ml,245,,,,,0,2,10,0,2025-09-22 15:16:04,228.32,,False,,0
p15820477,C106387,嬌韻詩,CLARINS,CLARINS嬌韻詩活力之水 100ml,258,,,,,0,2,4,0,2024-07-31 11:53:34,400.73,,False,,2
p15742567,C049497,芭比布朗,BOBBI BROWN,BOBBI BROWN芭比波朗炙戀精油唇蜜#5烈焰情書6 ml,245,,,,,0,2,10,0,2025-09-22 15:16:04,228.32,,False,,0
p15865806,C031775,魅可,MAC,MAC魅可時尚持久眼彩霜23 (1.5 g ),200,,,,,0,2,9,0,2025-01-21 11:50:43,186.39,,False,,0
p15858256,C104804,Boss,Boss,BOSS博斯自信男性香水 100ml,965,,,,,0,2,4,0,2024-07-31 11:25:30,899.31,,False,,0
p15737143,C032032,魅可,MAC,MAC魅可柔光礦質修容餅,360,,,,,0,2,11,0,2026-02-25 16:48:23,335.49,,False,,0
p15825537,C105479,祖瑪瓏,JO MALONE LONDON,JO MALONE LONDON 祖瑪瓏古龍水-晚香玉與天使草古龍-50ML,662,1175.0,662.0,513.0,,2,2,3,0,2026-09-18 00:00:00,616.94,,False,0.0,3
p15829880,C108525,黛珂,DECORTE,COSME DECORTE黛珂AQ舒活凝光面霜 50g,2100,,,,,0,2,11,5,2024-07-31 11:56:55,1957.04,,False,,0
p15895898,C117176,聖羅蘭,YSL,YSL聖羅蘭黑管啞光唇釉-202  5.5ML,234,390.0,6.0,156.0,,2,2,1,0,2026-09-15 00:00:00,218.07,,False,0.0,3
p15900702,C119627,古馳,Gucci,Gucci古馳閃亮唇膏色彩套裝（多色）100-毫升---1-8-克,743,,,,,0,2,4,0,2025-08-27 14:47:54,1537.68,,False,,2
p15949092,C121911,魅可,MAC,MAC魅可24小時遮瑕修容R02 1.80ml,126,180.0,126.0,54.0,,2,2,6,0,2026-09-18 00:00:00,117.42,,False,0.0,3
p16068157,C123219,植村秀,SHU UEMURA,shu uemura植村秀旅遊明星底妝組合,413,635.0,413.0,222.0,,2,2,1,0,2026-09-18 00:00:00,384.89,,False,0.0,3
p15947757,C120330,魅可,MAC,MAC魅可新經典啞光唇膏693,190,,,,,0,2,2,0,2026-02-12 17:01:57,177.07,,False,,0
p15869512,C103647,紀梵希,Givenchy,GIVENCHY紀梵希高定香榭粉絲絨唇膏N37-3.4G,360,,,,,0,2,1,0,2026-02-25 16:48:19,335.49,,False,,0
p15916322,F120279,家得路,CATALO,Catalo特強大豆卵磷脂精華 300粒(有效期至：2028.4.1),888,,,,,0,2,14,0,2025-11-07 14:30:37,827.55,,False,,0
p15947309,C121656,芭比布朗,BOBBI BROWN,Bobbi Brown芭比波朗至盈呵護變色豐唇油757號 6ml,263,350.0,7.5,87.0,,2,2,2,0,2026-09-15 00:00:00,245.1,,False,0.0,3
p15887527,C108599,伊麗莎白·雅頓,ELIZABETH ARDEN,Elizabeth Arden伊莉莎白雅頓經典身體潤澤霜-400ML,209,380.0,5.5,171.0,,2,2,2,0,2026-09-15 00:00:00,194.77,,False,0.0,3
p15893776,C111899,嬌韻詩,CLARINS,CLARINS嬌韻詩非凡之水女士香水-100ML,280,,,,,0,2,2,0,2026-08-11 10:21:31,400.73,,False,,2
p15916257,C120915,歐舒丹,L'OCCITANE,L’occitane歐舒丹金鑽蠟菊海洋活肌精華30ml,1140,,,,,0,2,1,0,2026-09-15 15:03:02,1770.66,,False,,2
p16132770,C113650,博柏利,BURBERRY,Burberry博柏利英倫小姐水漾唇膏616 3g,320,,,,,0,2,,0,2026-09-14 16:18:36,298.22,,False,,0
p16094855,C124773,奧碧虹,ALBION,ELEGANCE 持久剔透防曬調色乳 30g (橙色),304,,,,,0,2,1,0,2026-07-06 16:22:14,354.13,,False,,2
p15736224,C020359,倩碧,CLINIQUE,CLINIQUE倩碧勻淨卓研隔離霜30ML,230,,,,,0,2,6,0,2024-09-20 10:21:07,214.34,,False,,0
p15763990,C101662,黛珂,DECORTE,COSME DECORTE黛珂沁活晶澈柔膚乳（滋潤型） 200ml,355,,,,,0,2,6,0,2024-07-31 11:10:47,330.83,,False,,0
p15742875,C031081,科顏氏,KIEHL'S,Kiehl's 科顏氏鳶尾花煥采精華露 200ml,390,,,,,0,2,67,0,2024-08-13 16:39:44,363.45,,False,,0
p15743205,C040630,魅可,MAC,MAC魅可立體絨光修容餅 9g,221,360.0,6.1,139.0,,2,2,15,50,2026-09-15 00:00:00,205.96,,False,0.0,3
p15742231,C048248,科顏氏,KIEHL'S,Kiehl’s 科顏氏男士活力保濕乳液套裝125ml+250ml+250ml,855,,,,,0,2,38,0,2024-09-29 15:36:35,796.8,,False,,0
p15739981,C043360,祖瑪瓏,JO MALONE LONDON,JO MALONE祖·瑪瓏香水(牡丹胭紅麂絨香型)100ml,757,1315.0,5.8,558.0,,2,2,6,0,2026-09-15 00:00:00,705.47,,False,0.0,3
p15792904,C030781,雅詩蘭黛,ESTEE LAUDER,ESTEE LAUDER雅詩蘭黛白金級奢寵光璨粉餅03SPF16/PA+++（粉芯）,860,,,,,0,2,7,0,2024-07-31 11:46:23,801.46,,False,,0
p15884183,C117156,蘭蔻,LANCOME,Lancome蘭蔻菁純臻顏精華粉底液-冷黃調35ml,995,,,,,0,2,1,0,2026-09-15 15:02:35,927.27,,False,,0
p15886985,C116204,倩碧,CLINIQUE,Clinique倩碧祛紅舒緩潔面乳150ml,128,235.0,5.4,107.0,,2,2,1,0,2026-09-15 00:00:00,119.29,,False,0.0,3
p15896477,C117741,魅可,MAC,MAC魅可空氣唇蜜221 5ml,190,,,,,0,2,,0,2026-09-15 15:02:57,177.07,,False,,0
p15866261,C110134,嬌韻詩,CLARINS,CLARINS嬌韻詩輕透隔離防曬乳（自然色）雙瓶裝50ml*2,576,,,,,0,2,15,0,2026-09-15 15:02:29,894.65,,False,,2
p15825390,C107186,巴黎歐萊雅,L'OREAL PARIS,L'OREAL歐萊雅複顏水光充盈柔膚水-200ML,69,115.0,6.0,46.0,,2,2,12,0,2026-09-15 00:00:00,64.3,,False,0.0,3
p15839236,C109344,蒂芙尼,TIFFANY & CO,TIFFANY蒂芙尼玫瑰金女士濃香水,1160,,,,,0,2,15,0,2026-09-15 15:42:35,1081.03,,False,,0
p15794245,C052628,喬治阿瑪尼,GIORGIO ARMANI,GIORGIO ARMANI阿瑪尼迷情摯愛女士香水兩只裝30ml*2,1044,1605.0,1044.0,561.0,,2,2,3,0,2026-09-18 00:00:00,972.93,,False,0.0,3
p15809676,C106013,雪肌精,SEKKISEI,SEKKISEI  雪肌精逸透柔潤勻亮凝霜盒,30,71.0,4.2,41.0,,2,2,6,5,2026-09-15 00:00:00,27.96,,False,0.0,3
p15902879,C120132,聖羅蘭,YSL,聖羅蘭YSL革新［小金條］口紅 #1977,390,,,,,0,2,7,0,2026-05-08 10:57:48,363.45,,False,,0
p15912562,C119956,伊麗莎白·雅頓,ELIZABETH ARDEN,Elizabeth Arden伊莉莎白雅頓時空煥活水潤充盈面霜50ml,620,,,,,0,2,,0,2026-09-15 15:02:51,577.79,,False,,0
p15916353,C116291,魅可,MAC,MAC魅可晶瑩沁透氣墊粉底液NW11,380,,,,,0,2,8,0,2025-11-29 15:34:43,354.13,,False,,0
p15902882,C119853,蘭蔻,LANCOME,Lancome蘭蔻菁純柔霧啞光唇膏-242,360,,,,,0,2,6,0,2025-11-05 16:13:49,335.49,,False,,0
p15736028,C029452,伊麗莎白·雅頓,ELIZABETH ARDEN,Elizabeth Arden伊麗莎白雅頓時空植萃潔顏油 195ml,298,,,,,0,1,12,0,2024-09-09 11:31:31,277.71,,False,,0
p15736039,C019111,伊麗莎白·雅頓,ELIZABETH ARDEN,Elizabeth Arden伊麗莎白雅頓綠茶身體乳 500ml,236,,,,,0,1,16,0,2024-09-09 11:31:33,219.93,,False,,0
p15736708,C030078,祖瑪瓏,JO MALONE LONDON,JO MALONE祖·瑪瓏黑石榴香水30毫升,348,640.0,5.4,292.0,,1,1,1,0,2026-09-15 00:00:00,324.31,,False,0.0,3
p15735762,C040446,湯姆福特,TOM FORD,TOM FORD 韻度煙草香水50ML/1.7FLOZ,2400,,,,,0,1,5,0,2024-07-31 11:08:28,2236.62,,False,,0
p15735850,C040593,汤姆福特,TOM FORD,TOM FORD 法布勒斯香水50ML/1.7FLOZ,3185,,,,,0,1,6,0,2024-07-31 11:10:49,2968.18,,False,,0
p15845267,C102727,魅可,MAC,MAC魅可輕羽纖密睫毛膏MAC STACalvin Klein 12ml,280,,,,,0,1,4,0,2025-07-23 16:07:54,260.94,,False,,0
p15833287,C109582,聖羅蘭,YSL,YSL 聖羅蘭純口紅,380,,,,,0,1,23,0,2025-07-24 10:21:37,354.13,,False,,0
p15845261,C107374,魅可,MAC,MAC魅可未來幻境眼影盤 6.25g,450,,,,,0,1,17,0,2025-07-23 16:06:38,419.37,,False,,0
p15830825,C108799,芭比布朗,BOBBI BROWN,BOBBI BROWN芭比波朗五色眼影盤,266,490.0,5.4,224.0,,1,1,13,0,2026-09-15 00:00:00,247.89,,False,0.0,3
p15830828,C108795,湯姆福特,TOM FORD,TOM FORD湯姆福特濃香水（隱秘沒藥香型）50ml,2400,,,,,0,1,2,0,2025-06-27 16:41:00,2236.62,,False,,0
p15839479,C110094,魅可,MAC,MAC魅可小魔球睫毛膏 8ml,160,,,,,0,1,7,0,2025-03-25 11:11:05,149.11,,False,,0
p15839500,C048040,希思黎,SISLEY PARIS,sisley希思黎 亮膚潔面泡沫125ml 深層潔凈卸除彩妝,585,,,,,0,1,5,0,2024-07-31 11:58:15,885.33,,False,,2
p15841289,C110204,紀梵希,Givenchy,GIVENCHY紀梵希黑能臻萃微珠精露 30ml,1898,3450.0,5.5,1552.0,,1,1,2,0,2026-09-15 00:00:00,1768.8,,False,0.0,3
p15742848,C048515,蒂芙尼,TIFFANY & CO,TIFFANY蒂芙尼誓愛男士淡香水,765,,,,,0,1,12,0,2024-07-31 11:38:30,712.92,,False,,0
p15743265,C046409,博柏利,BURBERRY,BURBERRY 博柏利週末男士淡香水50ml/100ml,336,,,,,0,1,4,0,2024-07-31 11:40:24,518.15,,False,,2
p15743128,C055450,肌膚之鑰,CLE DE PEAU BEAUTE,CPB 肌膚之鑰琉金光緞唇膏 19號4g,408,480.0,8.5,72.0,,1,1,3,0,2026-09-15 00:00:00,380.23,,False,312.0,2
p15742474,C025459,蔻依,Chloe,Chloe蔻依愛語女士濃香氛 50ml,1070,,,,,0,1,9,0,2024-07-31 11:37:57,997.16,,False,,0
p15742721,C053049,莫傑,MARC JACOBS,MARC JACOBS莫傑 玩美女性淡香精 100ml,1050,,,,,0,1,5,0,2024-09-20 10:21:50,978.52,,False,,0
p15738522,C016821,希思黎,SISLEY PARIS,sisley希思黎膠原蛋白緊膚晚霜 50ml,1008,,,,,0,1,6,5,2024-07-31 11:20:01,1537.68,,False,,2
p15737814,C043469,莫傑,MARC JACOBS,MARC JACOBS莫傑雛菊摯愛蜜語女士淡香氛EDT 50mL,318,775.0,4.1,457.0,,1,1,4,0,2026-09-15 00:00:00,296.35,,False,0.0,3
p15737891,C016749,希思黎,SISLEY PARIS,sisley希思黎緣月濃香水 100ml,1333,,,,,0,1,3,0,2025-01-14 12:10:14,2003.64,,False,,2
p15821715,C106531,紀梵希,Givenchy,GIVENCHY紀梵希明星柔光遮瑕液 11ml C180,345,,,,,0,1,3,0,2025-02-25 15:56:08,321.51,,False,,0
p15764594,C049334,魅可,MAC,MAC魅可時尚焦點小眼影 0,61,110.0,5.5,49.0,,1,1,2,0,2026-09-15 00:00:00,56.85,,False,0.0,3
p15764597,C038493,魅可,MAC,MAC魅可 #129多用粉頰刷,440,,,,,0,1,9,0,2024-07-31 11:45:15,410.05,,False,,0
p15742848,C048515,蒂芙尼,TIFFANY & CO,TIFFANY蒂芙尼誓愛男士淡香水,765,,,,,0,1,12,0,2024-07-31 11:38:30,712.92,,False,,0
p15887528,C116229,雅詩蘭黛,ESTEE LAUDER,Estee Lauder雅詩蘭黛絕色由我絨霧唇膏513,275,,,,,0,1,2,0,2025-05-14 09:43:53,256.28,,False,,0
p15888392,C116922,古馳,Gucci,Gucci古馳傾色雲霧唇釉啞光217 6.5ml,203,,,,,0,1,4,0,2026-09-15 15:02:46,363.45,,False,,2
p16074540,C117567,祖瑪瓏,JO MALONE LONDON,Jo Malone祖瑪瓏香氛蠟燭-英國橡樹與榛子香型200g【無盒】,555,,,,,0,1,,0,2026-09-08 15:48:08,517.22,,False,,0
p15919638,C118762,魅可,MAC,MAC魅可幻光多用筆02,150,,,,,0,1,,0,2025-12-17 14:26:39,139.79,,False,,0
p15919639,C120259,祖瑪瓏,JO MALONE LONDON,Jo Malone祖瑪瓏香水（橘子果醬香型）30ml,640,,,,,0,1,4,0,2026-09-15 15:03:14,596.43,,False,,0
p15941393,C119428,古馳,Gucci,Gucci古馳傾色絲潤唇膏227,254,,,,,0,1,2,0,2026-06-09 11:14:27,363.45,,False,,2
p15947510,C121810,魅可,MAC,MAC魅可新絲緞柔霧液體唇膏988 5ml,215,,,,,0,1,,0,2026-09-15 15:03:23,200.36,,False,,0
p15947762,C120329,魅可,MAC,MAC魅可新經典啞光唇膏610,190,,,,,0,1,1,0,2026-02-12 17:01:57,177.07,,False,,0
p15948064,C120332,魅可,MAC,MAC魅可新經典啞光唇膏618,190,,,,,0,1,,0,2026-02-12 17:01:56,177.07,,False,,0
p15948793,C117359,倩碧,CLINIQUE,Clinique倩碧面部眼部炭淨卸妝霜125ML,310,,,,,0,1,2,0,2026-02-25 10:13:56,288.9,,False,,0
p15948794,C121894,倩碧,CLINIQUE,Clinique倩碧小胖胭脂06,160,,,,,0,1,1,0,2026-02-28 14:08:22,149.11,,False,,0
p15948805,C121643,雅詩蘭黛,ESTEE LAUDER,Estee Lauder雅詩蘭黛輕透持妝粉底液1W2雙支裝30ml*2,830,,,,,0,1,,0,2026-09-15 15:03:20,773.5,,False,,0
p15948813,C121625,雅詩蘭黛,ESTEE LAUDER,Estee Lauder雅詩蘭黛輕透持妝粉底液2C2 30ml,460,,,,,0,1,,0,2026-09-15 15:03:32,428.69,,False,,0
p15948818,C121602,湯姆福特,TOM FORD,TOM FORD湯姆福特奢光柔潤氣墊粉底液-1-4-替換芯,323,430.0,7.5,107.0,,1,1,,0,2026-09-15 00:00:00,301.01,,False,0.0,3
p15948829,C121814,魅可,MAC,MAC魅可26新經典緞光唇膏三支裝01,485,,,,,0,1,2,0,2026-03-10 09:59:41,451.98,,False,,0
p15948953,C122428,紀梵希,Givenchy,GIVENCHY紀梵希高定粉絲絨唇膏雙支套裝,980,,,,,0,1,,0,2026-03-04 09:56:48,913.29,,False,,0
p15943011,C121490,植村秀,SHU UEMURA,SHU UEMURA植村秀絹感潤護水光唇釉 PK377,186,310.0,6.0,124.0,,1,1,,0,2026-09-15 00:00:00,173.34,,False,0.0,3
p15946811,C116879,博柏利,BURBERRY,Burberry博柏利英雄套装100ml+75ml,582,,,,,0,1,,0,2026-09-15 15:03:23,903.97,,False,,2
p15946961,C121916,魅可,MAC,MAC魅可眼線膠筆02 2ml,160,,,,,0,1,,0,2026-09-15 15:03:23,149.11,,False,,0
p16081894,C119381,嬌韻詩,CLARINS,Clarins嬌韻詩淨澈泡沫潔面乳 125ML,182,,,,,0,1,1,0,2026-05-15 11:19:45,260.94,,False,,2
p15948973,C121416,嬌蘭,GUERLAIN,Guerlain嬌蘭親親柔霧唇膏606,390,,,,,0,1,,0,2026-04-24 11:05:27,363.45,,False,,0
p15949054,C121891,倩碧,CLINIQUE,Clinique倩碧小胖胭脂03,160,,,,,0,1,,0,2026-02-28 14:08:21,149.11,,False,,0
p15949061,C121895,倩碧,CLINIQUE,Clinique倩碧小胖胭脂07,160,,,,,0,1,1,0,2026-02-28 14:08:23,149.11,,False,,0
p15952288,E10356163,博柏利,BURBERRY,BURBERRY博柏利太陽鏡 0BE4440U41478751,3980,,,,,0,1,,0,2026-04-02 14:04:41,3709.07,,False,,0
p16038770,C122425,紀梵希,Givenchy,GIVENCHY紀梵希紳士男士木調香水套裝100ml+12.5ml,1050,,,,,0,1,,0,2026-09-15 15:03:38,978.52,,False,,0
p16069846,C123431,蘭蔻,LANCOME,Lancome蘭蔻菁純柔霧啞光唇膏211,360,,,,,0,1,1,0,2026-07-30 16:07:53,335.49,,False,,0
p15946965,C121812,魅可,MAC,MAC魅可新絲緞柔霧液體唇膏992 5ml,215,,,,,0,1,1,0,2026-09-15 15:03:23,200.36,,False,,0
p15946978,C121809,魅可,MAC,MAC魅可新經典啞光唇膏BRC,190,,,,,0,1,,0,2026-05-20 15:45:39,177.07,,False,,0
p15946993,C121781,魅可,MAC,MAC魅可新絲緞柔霧唇膏902,200,,,,,0,1,,0,2026-02-05 17:00:42,186.39,,False,,0
p15946997,C121773,魅可,MAC,MAC魅可新絲緞柔霧唇膏912,200,,,,,0,1,2,0,2026-02-05 17:00:42,186.39,,False,,0
p15947000,C121787,魅可,MAC,MAC魅可新絲緞柔霧唇膏308,200,,,,,0,1,,0,2026-02-05 17:00:43,186.39,,False,,0
p15947319,C121667,芭比布朗,BOBBI BROWN,Bobbi Brown芭比波朗至盈呵護潤唇膏201號,228,350.0,6.5,122.0,,1,1,7,0,2026-09-15 00:00:00,212.48,,False,0.0,3
p15947324,C121662,芭比布朗,BOBBI BROWN,Bobbi Brown芭比波朗至盈呵護潤唇膏203號,350,,,,,0,1,2,0,2026-02-05 17:00:46,326.17,,False,,0
p15947332,C121789,魅可,MAC,MAC魅可新絲緞柔霧唇膏316,200,,,,,0,1,2,0,2026-02-05 17:00:45,186.39,,False,,0
p15947501,C121796,魅可,MAC,MAC魅可新絲緞柔霧唇膏906,200,,,,,0,1,2,0,2026-02-05 17:00:44,186.39,,False,,0
p15841289,C110204,紀梵希,Givenchy,GIVENCHY紀梵希黑能臻萃微珠精露 30ml,1898,3450.0,5.5,1552.0,,1,1,2,0,2026-09-15 00:00:00,1768.8,,False,0.0,3
p16086992,C123161,祖瑪瓏,JO MALONE LONDON,Jo Malone祖瑪瓏香水（英國橡樹與榛子香型） 100ml,1355,,,,,0,1,,0,2026-07-30 16:07:57,1262.76,,False,,0
p16087375,C123172,祖瑪瓏,JO MALONE LONDON,Jo Malone祖瑪瓏香水馥鬱系列（柏木與葡萄藤香型） 100ml,1685,,,,,0,1,,0,2026-07-30 16:20:24,1570.3,,False,,0
p16087376,C123175,祖瑪瓏,JO MALONE LONDON,Jo Malone祖瑪瓏香水馥鬱系列（紅色木槿香型） 100ml,1685,,,,,0,1,,0,2026-07-30 16:20:22,1570.3,,False,,0
p16118968,C125690,紀梵希,Givenchy,GIVENCHY紀梵希高定緞光唇膏R28,296,370.0,8.0,74.0,,1,1,,0,2026-09-15 00:00:00,275.85,,False,0.0,3
p16118970,C125697,紀梵希,Givenchy,GIVENCHY紀梵希高定緞光唇膏P20,296,370.0,8.0,74.0,,1,1,,0,2026-09-15 00:00:00,275.85,,False,0.0,3
p16119450,C125698,紀梵希,Givenchy,GIVENCHY紀梵希高定緞光唇膏R25,296,370.0,8.0,74.0,,1,1,,0,2026-09-15 00:00:00,275.85,,False,0.0,3
p16119456,C125695,紀梵希,Givenchy,GIVENCHY紀梵希高定緞光唇膏N01,296,370.0,8.0,74.0,,1,1,,0,2026-09-15 00:00:00,275.85,,False,0.0,3
p16132732,C125676,赫蓮娜,HELENA RUBINSTEIN,HR赫蓮娜活顏修護日霜晚霜套裝 50ml+50ml,6175,,,,,0,1,,0,2026-09-11 17:45:08,5754.64,,False,,0
p16094861,C125254,卡爾文·克雷恩,CALVIN KLEIN,Calvin Klein卡爾文·克萊恩中性髮體香水噴霧100毫升,172,215.0,8.0,43.0,,1,1,,0,2026-09-15 00:00:00,160.29,,False,0.0,3
p16094866,C122077,卡爾文·克雷恩,CALVIN KLEIN,Calvin Klein卡爾文·克萊恩Euphoria Elixir Magnetic EDP 100ML,980,,,,,0,1,,0,2026-07-07 16:06:46,913.29,,False,,0
p16095248,C113851,博柏利,BURBERRY,BURBERRY博柏利LOLA唇膏636,280,,,,,0,1,,0,2026-07-02 11:26:40,326.17,,False,,2
p16095265,C125260,蘭嘉絲汀,Lancaster,Lancaster蘭嘉絲汀完美防曬空氣感日常隱形防曬液SPF50 24小時水潤保濕，40毫升（1.3盎司）,405,,,,,0,1,,0,2026-07-30 16:20:25,377.43,,False,,0
p16116452,C040438,湯姆福特,TOM FORD,TOM FORD湯姆福特香水(灰調沉香香型）50ml,1365,,,,,0,1,,0,2026-08-05 11:43:46,1272.08,,False,,0
p16117428,C117649,魅可,MAC,MAC魅可定制無暇粉餅N11,340,,,,,0,1,,0,2026-08-05 11:43:46,316.85,,False,,0
p15864119,C108895,芭比布朗,BOBBI BROWN,BOBBI BROWN芭比波朗修容粉餅 10G,425,,,,,0,1,7,0,2026-02-25 16:48:19,396.07,,False,,0
p15827502,C106549,紀梵希,Givenchy,GIVENCHY紀梵希都市貴花舞淡香水-100ML,1135,,,,,0,1,4,0,2024-07-31 11:54:57,1057.74,,False,,0
p15866973,C112739,馥蕾詩,FRESH,fresh馥蕾詩古源白松露睡眠面膜100ml,2568,,,,,0,1,7,0,2024-08-13 16:39:36,3681.11,,False,,2
p15833287,C109582,聖羅蘭,YSL,YSL 聖羅蘭純口紅,380,,,,,0,1,23,0,2025-07-24 10:21:37,354.13,,False,,0
p15839479,C110094,魅可,MAC,MAC魅可小魔球睫毛膏 8ml,160,,,,,0,1,7,0,2025-03-25 11:11:05,149.11,,False,,0
p15839500,C048040,希思黎,SISLEY PARIS,sisley希思黎 亮膚潔面泡沫125ml 深層潔凈卸除彩妝,585,,,,,0,1,5,0,2024-07-31 11:58:15,885.33,,False,,2
p15878313,C115746,博柏利,BURBERRY,Burberry博柏利女神馥鬱香水100ml,996,,,,,0,1,1,0,2026-09-15 15:02:32,1547.0,,False,,2
p15884414,C117488,紀梵希,Givenchy,GIVENCHY紀梵希明星流光菁潤粉底液-0C 30ML,580,,,,,0,1,5,0,2025-03-25 14:23:36,540.52,,False,,0
p15884724,C116127,魅可,MAC,MAC魅可絲柔啞光唇膏685 ICONIC PHOTO 金色調棕色 3.5g,190,,,,,0,1,,0,2025-04-29 10:48:14,177.07,,False,,0
p15885165,C116887,博柏利,BURBERRY,Burberry博柏利英雄男士濃香精50ml,718,,,,,0,1,,0,2025-04-15 17:21:32,1286.06,,False,,2
p15885176,C116267,魅可,MAC,MAC魅可無痕鎖妝噴霧100ml,183,290.0,6.3,107.0,,1,1,,0,2026-09-15 00:00:00,170.54,,False,0.0,3
p15885184,C116122,魅可,MAC,MAC魅可絲柔啞光唇膏629 BARE M·A·CXIMAL 深色調濃郁朱古力棕色3.5g,104,190.0,5.5,86.0,,1,1,,0,2026-09-15 00:00:00,96.92,,False,0.0,3
p15892513,C118930,紀梵希,Givenchy,Givenchy 紀梵希紳士雅集琥珀調香水60ML,589,905.0,6.5,316.0,,1,1,,0,2026-09-15 00:00:00,548.9,,False,0.0,3
p15893766,C118145,伊麗莎白·雅頓,ELIZABETH ARDEN,Elizabeth Arden伊莉莎白雅頓白茶紫丁香香水50ML,213,355.0,6.0,142.0,,1,1,2,0,2026-09-15 00:00:00,198.5,,False,0.0,3
p15894565,E1678367,莫傑,MARC JACOBS,MARC JACOBS馬克雅克布太陽鏡206959WR7539K,1800,,,,,0,1,,0,2025-07-03 11:45:15,1677.47,,False,,0
p15894568,E1678383,凱特·絲蓓,KATE SPADE,KATE SPADE凱特·絲蓓太陽鏡2065432OH55HA,1320,,,,,0,1,1,0,2025-07-03 11:45:15,1230.14,,False,,0
p15894575,E1678393,寶麗萊,Polaroid,POLAROID寶麗來太陽鏡20677980756WJ,980,,,,,0,1,,0,2025-07-03 11:45:15,913.29,,False,,0
p15894583,E1678404,寶麗萊,Polaroid,POLAROID寶麗來太陽鏡20677908656M9,980,,,,,0,1,,0,2025-07-03 11:45:15,913.29,,False,,0
p15894584,E1591908,寶麗萊,Polaroid,POLAROID寶麗來太陽鏡20641001056C3,590,,,,,0,1,1,0,2025-07-03 11:45:15,549.84,,False,,0
p15894589,E1678366,寶麗萊,Polaroid,POLAROID寶麗來太陽鏡206330S4557KL,780,,,,,0,1,,0,2025-07-03 11:45:15,726.9,,False,,0
p15894593,E1591837,寶麗萊,Polaroid,POLAROID寶麗來太陽鏡205696B3V56LM,690,,,,,0,1,1,0,2025-07-03 11:45:15,643.03,,False,,0
p15894594,E1591856,寶麗萊,Polaroid,POLAROID寶麗來太陽鏡206330KJ157UC,780,,,,,0,1,1,0,2025-07-03 11:45:15,726.9,,False,,0
p15895005,E1678374,莫傑,MARC JACOBS,MARC JACOBS馬克雅克布太陽鏡206962CCP549O,1350,,,,,0,1,1,0,2025-07-03 11:45:15,1258.1,,False,,0
p15895015,E1654894,寶麗萊,Polaroid,POLAROID寶麗來太陽鏡207326KB760WJ,930,,,,,0,1,1,0,2025-07-03 11:45:15,866.69,,False,,0
p15890118,C116203,倩碧,CLINIQUE,CLINIQUE倩碧水嫩煥膚精華50ml,368,525.0,7.0,157.0,,1,1,5,0,2026-09-15 00:00:00,342.95,,False,0.0,3
p15890282,C115756,博柏利,BURBERRY,Burberry博柏利之吻倫敦臻霧啞光唇釉36 Chai 6 ML,204,,,,,0,1,4,0,2025-05-16 14:21:07,316.85,,False,,2
p15890620,C117507,紀梵希,Givenchy,GIVENCHY 紀梵希心無禁忌馥鬱香氛-50ML,1110,,,,,0,1,1,0,2025-05-21 17:00:04,1034.44,,False,,0
p15882347,C105498,祖瑪瓏,JO MALONE LONDON,Jo Malone祖瑪瓏香水馥鬱系列末藥與冬加豆香型-100ML,1685,,,,,0,1,9,0,2025-07-22 09:56:33,1570.3,,False,,0
p15845261,C107374,魅可,MAC,MAC魅可未來幻境眼影盤 6.25g,450,,,,,0,1,17,0,2025-07-23 16:06:38,419.37,,False,,0
p15845267,C102727,魅可,MAC,MAC魅可輕羽纖密睫毛膏MAC STACalvin Klein 12ml,280,,,,,0,1,4,0,2025-07-23 16:07:54,260.94,,False,,0
p15870458,C114384,蘭芝,LANEIGE,LANEIGE蘭芝新顏煥白精華氣墊霜23N1 Sand 15g*2,350,,,,,0,1,6,0,2025-01-22 09:44:27,326.17,,False,,0
p15870904,C114730,魅可,MAC,MAC魅可遮瑕11ml,180,280.0,6.4,100.0,,1,1,7,0,2026-09-15 00:00:00,167.75,,False,0.0,3
p15871374,C052278,希思黎,SISLEY PARIS,SISLEY PARIS希思黎植物絲柔蜜粉餅1號-玫瑰粉-12G,507,,,,,0,1,6,0,2024-10-10 16:26:03,764.18,,False,,2
p15871385,C112328,雅詩蘭黛,ESTEE LAUDER,ESTEE LAUDER雅詩蘭黛專研多元防曬乳液-30ML,805,,,,,0,1,10,0,2024-10-12 15:06:49,750.2,,False,,0
p15871721,C114902,伊麗莎白·雅頓,ELIZABETH ARDEN,ELIZABETH ARDEN伊麗莎白·雅頓綠茶椰子淡香水50ML,117,260.0,4.5,143.0,,1,1,1,0,2026-09-15 00:00:00,109.04,,False,0.0,3
p15850247,C106569,紀梵希,Givenchy,GIVENCHY紀梵希高定甜潤唇蜜 6ml,330,,,,,0,1,12,0,2024-07-31 11:32:22,307.54,,False,,0
p15875682,IN100330,自然堂,CHANDO,CHANDO自然堂雪肌追光煥白緊致面霜55g,180,390.0,4.6,210.0,,1,1,2,0,2026-09-15 00:00:00,167.75,,False,0.0,3
p15875892,C115260,祖瑪瓏,JO MALONE LONDON,JO MALONE LONDON祖瑪瓏檜木與雪松芳醇古龍水50ml,650,1165.0,5.6,515.0,,1,1,7,0,2026-09-15 00:00:00,605.75,,False,0.0,3
p15858132,E0305686,莫傑,MARC JACOBS,MARC JACOBS馬克琦布女士單肩包H063M01RE21-373-1SZ,780,2600.0,3.0,1820.0,,1,1,,0,2026-09-15 00:00:00,726.9,,False,0.0,3
p15858148,E995648,莫傑,MARC JACOBS,MARC JACOBS馬克琦布女士手提包M0016161-481-1SZ,645,2150.0,3.0,1505.0,,1,1,,0,2026-09-15 00:00:00,601.09,,False,0.0,3
p15858525,E0197154,莫傑,MARC JACOBS,MARC JACOBS馬克綺布女士手提包H004L01PF21-914-1SZ,1449,4830.0,3.0,3381.0,,1,1,,0,2026-09-15 00:00:00,1350.36,,False,0.0,3
p15858658,E1654891,寶麗萊,Polaroid,POLAROID寶麗萊太陽鏡207336KB765M9,930,,,,,0,1,2,0,2025-07-03 11:45:14,866.69,,False,,0
p15858662,E1654903,寶麗萊,Polaroid,POLAROID寶麗萊太陽鏡207307J5G60M9,930,,,,,0,1,2,0,2025-07-03 11:45:15,866.69,,False,,0
p15830825,C108799,芭比布朗,BOBBI BROWN,BOBBI BROWN芭比波朗五色眼影盤,266,490.0,5.4,224.0,,1,1,13,0,2026-09-15 00:00:00,247.89,,False,0.0,3
p15830828,C108795,湯姆福特,TOM FORD,TOM FORD湯姆福特濃香水（隱秘沒藥香型）50ml,2400,,,,,0,1,2,0,2025-06-27 16:41:00,2236.62,,False,,0
p15898648,C116320,湯姆福特,TOM FORD,Tom Ford湯姆福特鏡面唇蜜01 5.5ml,270,490.0,5.5,220.0,,1,1,4,0,2026-09-15 00:00:00,251.62,,False,0.0,3
p15899133,C117748,湯姆福特,TOM FORD,Tom Ford湯姆福特輕透柔霧持妝氣墊粉底液0-4,655,,,,,0,1,,0,2026-08-04 15:15:59,610.41,,False,,0
p15900707,C119874,植村秀,SHU UEMURA,shu uemura植村秀絹感唇釉-KC-BG-945,202,310.0,6.5,108.0,,1,1,,0,2026-09-15 00:00:00,188.25,,False,0.0,3
p15895893,C119242,喬治阿瑪尼,GIORGIO ARMANI,Giorgio Armani阿瑪尼紅管唇釉-142 6.5ml,380,,,,,0,1,8,0,2026-09-15 15:02:42,354.13,,False,,0
p15895902,C117177,聖羅蘭,YSL,YSL聖羅蘭黑管啞光唇釉-234 5.5ML,390,,,,,0,1,3,0,2026-05-08 10:57:40,363.45,,False,,0
p15896494,C117580,魅可,MAC,MAC魅可定制無瑕粉餅NC15,340,,,,,0,1,5,0,2025-07-28 17:37:01,316.85,,False,,0
p15896498,C118221,湯姆福特,TOM FORD,Tom Ford湯姆福特璀璨流光唇頰多用棒-06,257,395.0,6.5,138.0,,1,1,,0,2026-09-15 00:00:00,239.5,,False,0.0,3
p15896532,C114489,湯姆福特,TOM FORD,Tom Ford湯姆福特新烈焰幻魅唇膏-13,490,,,,,0,1,3,0,2026-03-27 11:37:54,456.64,,False,,0
p15896537,C117547,芭比布朗,BOBBI BROWN,Bobbi Brown芭比波朗至盈呵護水光固體唇蜜672號,231,350.0,6.6,119.0,,1,1,,0,2026-09-15 00:00:00,215.27,,False,0.0,3
p15896539,C117731,魅可,MAC,MAC魅可空氣唇蜜224 5ml,114,190.0,6.0,76.0,,1,1,,0,2026-09-15 00:00:00,106.24,,False,0.0,3
p15896541,C117541,芭比布朗,BOBBI BROWN,Bobbi Brown芭比波朗至盈呵護水光固體唇蜜678號,231,350.0,6.6,119.0,,1,1,,0,2026-09-15 00:00:00,215.27,,False,0.0,3
p15901540,C114950,嬌蘭,GUERLAIN,Guerlain嬌蘭臻彩寶石唇膏套裝,1180,,,,,0,1,,0,2026-04-28 12:18:53,1099.67,,False,,0
p15910739,C119264,伊麗莎白·雅頓,ELIZABETH ARDEN,Elizabeth Arden伊莉莎白雅頓白茶新肌精萃乳125ml,410,,,,,0,1,,0,2026-09-15 15:02:51,382.09,,False,,0
p15912557,C120599,喬治阿瑪尼,GIORGIO ARMANI,Giorgio Armani阿瑪尼魅力持色唇釉-161 4ml,380,,,,,0,1,3,0,2026-09-15 15:02:57,354.13,,False,,0
p15915986,C118764,魅可,MAC,MAC魅可空氣唇蜜275ml,190,,,,,0,1,1,0,2026-09-15 15:03:03,177.07,,False,,0
p15915995,C118786,魅可,MAC,MAC魅可閃耀星辰鎏金焦點小眼影-MAC魅可輕羽纖密睫毛膏套裝1.2g+12ml,222,370.0,6.0,148.0,,1,1,,0,2026-09-15 00:00:00,206.89,,False,0.0,3
p15901196,C119409,古馳,Gucci,Gucci古馳柔焦凝光粉餅0-5號色,338,,,,,0,1,1,0,2025-08-27 14:47:49,605.75,,False,,2
p15901275,C119815,紀梵希,Givenchy,GIVENCHY紀梵希黑能臻萃精萃油30ML,2300,,,,,0,1,1,0,2026-05-08 10:57:49,2143.43,,False,,0
p15901295,C118878,芭比布朗,BOBBI BROWN,Bobbi Brown芭比波朗煙粉裸色眼影盤,535,,,,,0,1,3,0,2026-05-08 10:57:43,498.58,,False,,0
p15901308,C118765,魅可,MAC,MAC魅可幻光多用筆03,98,150.0,6.5,52.0,,1,1,1,0,2026-09-15 00:00:00,91.33,,False,0.0,3
p15916361,C118777,魅可,MAC,MAC魅可空氣唇蜜雙支裝5ml*2,162,270.0,6.0,108.0,,1,1,2,0,2026-09-15 00:00:00,150.97,,False,0.0,3
p15916362,C118772,魅可,MAC,MAC魅可新經典啞光唇膏,190,,,,,0,1,,0,2026-01-21 11:19:17,177.07,,False,,0
p15743128,C055450,肌膚之鑰,CLE DE PEAU BEAUTE,CPB 肌膚之鑰琉金光緞唇膏 19號4g,408,480.0,8.5,72.0,,1,1,3,0,2026-09-15 00:00:00,380.23,,False,312.0,2
p15949084,C122081,卡爾文·克雷恩,CALVIN KLEIN,Calvin Klein卡爾文克雷恩女士四件套-禮物套裝10ml*4,420,,,,,0,1,1,0,2026-09-15 15:03:41,391.41,,False,,0
p15819733,C105486,祖瑪瓏,JO MALONE LONDON,JO MALONE LONDON 祖瑪瓏古龍水-柏木與葡萄藤-100ML,1685,,,,,0,1,18,0,2026-08-09 12:16:20,1570.3,,False,,0
p15900811,C117725,魅可,MAC,MAC魅可空氣唇蜜226 5ml,190,,,,,0,1,5,0,2026-09-15 15:02:49,177.07,,False,,0
p15741271,C036700,古馳,Gucci,GUCCI 古馳竹韻女士淡香水,540,,,,,0,1,10,0,2025-09-22 15:16:04,773.5,,False,,2
p15738524,C033328,希思黎,SISLEY PARIS,sisley希思黎特潤抗皺修活臻顏霜 50ml,2470,,,,,0,1,9,5,2024-08-13 16:39:40,3709.07,,False,,2
p15740712,C045784,伊麗莎白·雅頓,ELIZABETH ARDEN,Elizabeth Arden伊麗莎白雅頓白茶淡香水（野玫瑰香型）100ml,193,426.0,4.5,233.0,,1,1,8,0,2026-09-15 00:00:00,179.86,,False,0.0,3
p15739431,C043365,祖玛珑,JO MALONE LONDON,JO MALONE祖·瑪瓏香水(青檸羅勒與柑橘香型)30ml,344,630.0,5.5,286.0,,1,1,16,0,2026-09-15 00:00:00,320.58,,False,0.0,3
p15739483,C057133,植村秀,SHU UEMURA,shu uemura植村秀植萃舒緩潔顏油 150ml,251,420.0,6.0,169.0,,1,1,20,0,2026-09-15 00:00:00,233.91,,False,0.0,3
p15739603,C049340,魅可,MAC,MAC魅可時尚焦點小眼影-閃亮絲絨系列212,110,,,,,0,1,2,0,2025-09-22 15:16:05,102.51,,False,,0
p15740272,C018860,蘭蔻,LANCOME,LANCOME蘭蔻美麗人生濃香水 75ml,971,1540.0,6.3,569.0,,1,1,3,0,2026-09-15 00:00:00,904.9,,False,0.0,3
p15741680,C056267,凱利安,KILIAN,Kilian凱利安直達天堂濃香水 50ml,1582,,,,,0,1,3,0,2026-01-26 14:23:17,2106.15,,False,,2
p15741167,C056534,希思黎,SISLEY PARIS,sisley希思黎黑玫瑰美容液 200ml,780,,,,,0,1,4,0,2024-07-31 11:42:29,1192.87,,False,,2
p15741968,C056266,凯利安,KILIAN,Kilian凱利安珍珠沉香濃香水 50ml,1845,,,,,0,1,3,0,2024-07-31 11:42:30,2455.63,,False,,2
p15742411,C043337,蒂芙尼,TIFFANY & CO,TIFFANY蒂芙尼傾心女士淡香水,895,,,,,0,1,19,0,2024-07-31 11:39:17,834.07,,False,,0
p15742482,C024823,喬治阿瑪尼,GIORGIO ARMANI,GIORGIO ARMANI 阿瑪尼「傳奇紅管」臻致絲絨啞光唇釉400 6.5ml,380,,,,,0,1,8,0,2026-02-25 16:48:19,354.13,,False,,0
p15742609,C055309,倩碧,CLINIQUE,CLINIQUE倩碧鐳射活膚緊緻精華 100ml,1280,,,,,0,1,6,0,2026-03-27 11:37:43,1192.87,,False,,0
p15743204,C054843,雅詩蘭黛,ESTEE LAUDER,ESTEE LAUDER  雅詩蘭黛 Beautiful Magnolia 臻愛悸動濃香水 50ml,920,,,,,0,1,4,0,2026-01-26 14:23:13,857.37,,False,,0
p15743569,C026623,伊麗莎白·雅頓,ELIZABETH ARDEN,Elizabeth Arden伊麗莎白雅頓愛麗本抗老修復精華液,2034,,,,,0,1,10,0,2025-09-16 16:48:17,1895.54,,False,,0
p15743718,C054844,雅詩蘭黛,ESTEE LAUDER,ESTEE LAUDER  雅詩蘭黛 Beautiful Mag nolia 臻愛悸動濃香水 100ml,1250,,,,,0,1,3,0,2025-07-24 10:21:36,1164.91,,False,,0
p15765161,C101471,古馳,Gucci,GUCCI 古馳傾色雲霧唇釉521 6.5ml,234,,,,,0,1,7,0,2025-12-25 10:34:10,363.45,,False,,2
p15742911,C053375,喬治阿瑪尼,GIORGIO ARMANI-香化,GIORGIO ARMANI  阿瑪尼自我無界濃香水 90ml,1645,,,,,0,1,4,0,2024-07-31 11:38:16,1533.02,,False,,0
p15738976,C043369,祖玛珑,JO MALONE LONDON,JO MALONE祖·瑪瓏橙花香水30ml,348,630.0,5.5,282.0,,1,1,19,0,2026-09-15 00:00:00,324.31,,False,0.0,3
p15737180,C030075,祖瑪瓏,JO MALONE LONDON,JO MALONE祖·瑪瓏橙花香水30毫升,640,,,,,0,1,8,0,2024-07-31 11:16:01,596.43,,False,,0
p15737196,C030054,祖瑪瓏,JO MALONE LONDON,JO MALONE祖·瑪瓏瓏香水(青檸羅勒與柑橘香型)30ml,342,640.0,5.3,298.0,,1,1,4,0,2026-09-15 00:00:00,318.72,,False,0.0,3
p15738546,C021503,希思黎,SISLEY PARIS,sisley希思黎毛孔緊致無瑕精華 30ml,1073,,,,,0,1,4,0,2024-07-31 11:20:10,1630.87,,False,,2
p15737536,C040295,祖瑪瓏,JO MALONE LONDON,JO MALONE祖·瑪瓏香薰蠟燭（黑莓與月桂葉香型）,555,,,,,0,1,19,0,2024-07-31 11:15:43,517.22,,False,,0
p15737554,C041907,祖瑪瓏,JO MALONE LONDON,JO MALONE祖·瑪瓏香水(忍冬與印蒿香型)100ML,1355,,,,,0,1,11,0,2024-11-28 13:34:56,1262.76,,False,,0
p15737610,C040655,魅可,MAC,MAC魅可3D立體睫毛膏,160,270.0,5.9,110.0,,1,1,2,0,2026-09-15 00:00:00,149.11,,False,0.0,3
p15782302,C102034,伊麗莎白·雅頓,ELIZABETH ARDEN,Elizabeth Arden伊麗莎白雅頓第五大道NYC戀尚紐約香水 75ml,425,,,,,0,1,5,0,2024-09-09 11:32:17,396.07,,False,,0
p15794727,C103404,喬治阿瑪尼,GIORGIO ARMANI,GIORGIO ARMANI阿瑪尼紅管唇釉 311 6.5ml,227,380.0,6.0,153.0,,1,1,1,0,2026-09-15 00:00:00,211.55,,False,0.0,3
p15807314,C049350,魅可,MAC,MAC魅可時尚焦點小眼影 2P 1.5g,110,,,,,0,1,3,0,2025-02-25 15:56:07,102.51,,False,,0
p15788477,C048855,嬌韻詩,CLARINS,CLARINS 嬌韻詩緞光水漾精華粉底液-103-30ML,267,,,,,0,1,18,0,2024-07-31 11:49:19,382.09,,False,,2
p15797917,C103587,卡爾文·克雷恩,CALVIN KLEIN,Calvin Klein卡爾文克萊肆意男士濃香水 100ml,346,850.0,4.1,504.0,,1,1,2,0,2026-09-15 00:00:00,322.45,,False,0.0,3
p15798149,C102173,博柏利,BURBERRY,BURBERRY 博柏利駿勇之心濃香水 100ml,715,,,,,0,1,,0,2024-07-31 11:49:54,1025.12,,False,,2
p15736615,C000970,伊麗莎白·雅頓,ELIZABETH ARDEN,Elizabeth Arden伊麗莎白雅頓紅門淡香氛,231,512.0,6.2,281.0,,1,1,4,0,2026-09-15 00:00:00,215.27,,False,0.0,3
p15735841,C032646,祖瑪瓏,JO MALONE LONDON,JO MALONE祖·瑪瓏香水(含羞草與小豆蔻香型)100ml,1355,,,,,0,1,20,0,2024-07-31 11:10:43,1262.76,,False,,0
p15736155,C009309,倩碧,CLINIQUE (Beauty),CLINIQUE倩碧柔性液體潔面皂/洗面奶 200ml(舊包裝隨機髮貨),215,,,,,0,1,8,0,2024-09-20 10:20:59,200.36,,False,,0
p15735291,C026044,碧歐泉,BIOTHERM (Beauty),BIOTHERM 碧歐泉男士滋養緊致眼部精華露 15ml,840,,,,,0,1,5,0,2024-07-31 11:09:38,782.82,,False,,0
p15886978,C116230,雅詩蘭黛,ESTEE LAUDER,Estee Lauder雅詩蘭黛絕色由我絨霧唇膏655,275,,,,,0,1,3,0,2025-05-14 09:43:53,256.28,,False,,0
p15889829,C116883,博柏利,BURBERRY,"Burberry""博柏利高定香氛-沙漠玫瑰100ml",1014,,,,,0,1,,0,2025-05-19 18:38:47,1817.26,,False,,2
p15889835,C115755,博柏利,BURBERRY,Burberry博柏利之吻倫敦臻霧啞光唇釉02 Cream Tea 6 ML,204,,,,,0,1,3,0,2025-05-16 14:20:55,316.85,,False,,2
p15890289,C115762,博柏利,BURBERRY,Burberry博柏利之吻絨霧啞光唇膏90  -6 ML,177,,,,,0,1,1,0,2025-05-16 14:22:40,316.85,,False,,2
p15890622,C118153,紀梵希,Givenchy,GIVENCHY 紀梵希傾城裸絲絨香水50ML,687,1145.0,6.0,458.0,,1,1,,0,2026-09-15 00:00:00,640.23,,False,0.0,3
p15891083,C118155,紀梵希,Givenchy,GIVENCHY 紀梵希傾城裸絲絨香水-80ML,804,1340.0,6.0,536.0,,1,1,,0,2026-09-15 00:00:00,749.27,,False,0.0,3
p15893910,C118048,歐緹麗,CAUDALIE,Caudalie歐緹麗葡萄籽抗氧身體防曬噴霧-SPF30-150ML,171,310.0,5.5,139.0,,1,1,2,0,2026-09-15 00:00:00,159.36,,False,0.0,3
p15884409,C117501,紀梵希,Givenchy,GIVENCHY紀梵希高定甜潤耀彩精萃唇膏304,345,,,,,0,1,21,0,2025-04-16 09:48:01,321.51,,False,,0
p15884702,C117465,魅可,MAC,MAC魅可精華粉底液NW4-30ML,385,,,,,0,1,,0,2026-01-26 14:23:13,358.79,,False,,0
p15884711,C116276,魅可,MAC,MAC魅可晶亮液體腮紅01 4.30ml,152,240.0,6.3,88.0,,1,1,,0,2026-09-15 00:00:00,141.65,,False,0.0,3
p15885157,C116266,魅可,MAC,MAC魅可輕羽纖密睫毛膏12ml,172,315.0,5.5,143.0,,1,1,1,0,2026-09-15 00:00:00,160.29,,False,0.0,3
p15885158,C117766,湯姆福特,TOM FORD,TOM FORD琉璃煥彩唇膏 41 REMOTE ISLE 3.3g,270,490.0,5.5,220.0,,1,1,9,0,2026-09-15 00:00:00,251.62,,False,0.0,3
p15883542,C116336,嬌韻詩,CLARINS,Clarins嬌韻詩水漾精華粉底液-100.5W 30ml,246,,,,,0,1,,0,2025-03-28 10:07:56,382.09,,False,,2
p15883868,C117504,紀梵希,Givenchy,GIVENCHY紀梵希高定甜潤耀彩精萃唇膏332,345,,,,,0,1,1,0,2025-04-16 09:48:01,321.51,,False,,0
p15884051,C116337,嬌韻詩,CLARINS,Clarins嬌韻詩絲滑持妝精華粉底液-100C 30ml,246,,,,,0,1,,0,2025-03-28 10:08:09,382.09,,False,,2
p15897001,C117724,魅可,MAC,MAC魅可空氣唇蜜222 5ml,124,190.0,6.5,66.0,,1,1,1,0,2026-09-15 00:00:00,115.56,,False,0.0,3
p15898290,C118950,CPB肌肤之钥,CLE DE PEAU BEAUTE,CPB肌膚之鑰奢潤唇膏 霧絨 123,408,480.0,8.5,72.0,,1,1,1,0,2026-09-15 00:00:00,380.23,,False,312.0,2
p15900692,C119410,古馳,Gucci,Gucci古馳柔焦凝光粉餅01號色,338,,,,,0,1,2,0,2025-08-27 14:47:52,605.75,,False,,2
p15900716,C119878,植村秀,SHU UEMURA,shu uemura植村秀絹感唇釉-KC-BG-943,202,310.0,6.5,108.0,,1,1,1,0,2026-09-15 00:00:00,188.25,,False,0.0,3
p15894444,C045137,魅可,MAC,MAC魅可造型唇線筆VINO 1.45g,91,175.0,5.2,84.0,,1,1,1,0,2026-09-15 00:00:00,84.81,,False,0.0,3
p15894572,E1678357,莫傑,MARC JACOBS,MARC JACOBS馬克雅克布太陽鏡2064376CR549O,1530,,,,,0,1,,0,2025-07-03 11:45:15,1425.85,,False,,0
p15894577,E1678074,寶麗萊,Polaroid,POLAROID寶麗來太陽鏡20732735J56KL,930,,,,,0,1,1,0,2025-07-03 11:45:15,866.69,,False,,0
p15894590,E1678380,寶麗萊,Polaroid,POLAROID寶麗來太陽鏡206715J5G625X,690,,,,,0,1,,0,2025-07-03 11:45:15,643.03,,False,,0
p15895006,E1678376,莫傑,MARC JACOBS,MARC JACOBS馬克雅克布太陽鏡206437807549O,1530,,,,,0,1,1,0,2025-07-03 11:45:15,1425.85,,False,,0
p15895013,E1678369,寶麗萊,Polaroid,POLAROID寶麗來太陽鏡206850MVU46M9,470,,,,,0,1,,0,2025-07-03 11:45:15,438.01,,False,,0
p15895016,E1678394,寶麗萊,Polaroid,POLAROID寶麗來太陽鏡20677940G56M9,980,,,,,0,1,,0,2025-07-03 11:45:15,913.29,,False,,0
p15895018,E1591890,寶麗萊,Polaroid,POLAROID寶麗來太陽鏡206330B4E57SP,780,,,,,0,1,,0,2025-07-03 11:45:15,726.9,,False,,0
p15895510,E1678371R,莫傑,MARC JACOBS,【特賣品】MARC JACOBS馬克雅克布太陽鏡206958WR7579K,510,1700.0,3.0,1190.0,,1,1,,0,2026-09-15 00:00:00,475.28,,True,0.0,3
p15882036,C117206,奧碧虹,ALBION,ALBION 賦活潤白緊緻淨透精華液 WN 40ml,432,,,,,0,1,5,0,2025-05-28 12:24:02,773.5,,False,,2
p15895897,C119238,碧欧泉,BIOTHERM,Biotherm碧歐泉男士旅行四件套裝,320,,,,,0,1,3,0,2025-07-29 12:20:19,298.22,,False,,0
p15896490,C117734,魅可,MAC,MAC魅可卷翹睫毛膏12ml,182,280.0,6.5,98.0,,1,1,1,0,2026-09-15 00:00:00,169.61,,False,0.0,3
p15896499,C117606,魅可,MAC,MAC魅可專業底妝粉餅NW20 12g,213,340.0,6.3,127.0,,1,1,,0,2026-09-15 00:00:00,198.5,,False,0.0,3
p15896528,C118215,湯姆福特,TOM FORD,Tom Ford湯姆福特璀璨流光唇頰多用棒-01,257,395.0,6.5,138.0,,1,1,,0,2026-09-15 00:00:00,239.5,,False,0.0,3
p15809357,C106012,雪肌精,SEKKISEI,SEKKISEI  雪肌精逸透柔潤勻亮凝霜 15g（僅粉芯）,189,,,,,0,1,8,5,2024-07-31 11:52:12,176.13,,False,,0
p15809659,C105818,魅可,MAC,MAC魅可啞光鎖色唇釉19-4ML,255,,,,,0,1,,0,2025-06-27 16:41:00,237.64,,False,,0
p15810803,C105484,祖瑪瓏,JO MALONE LONDON,JO MALONE祖瑪瓏古龍水-絲絨玫瑰與烏木-50ML,1175,,,,,0,1,14,0,2024-08-01 10:13:54,1095.01,,False,,0
p15858131,E0197160,莫傑,MARC JACOBS,MARC JACOBS馬克琦布女士單肩包H014M02PF21-699-1SZ,780,2600.0,3.0,1820.0,,1,1,,0,2026-09-15 00:00:00,726.9,,False,0.0,3
p15858136,E0197157,莫傑,MARC JACOBS,MARC JACOBS馬克琦布女士單肩包H013M02PF21-401-1SZ,735,2450.0,3.0,1715.0,,1,1,,0,2026-09-15 00:00:00,684.97,,False,0.0,3
p15858303,E1654881,寶麗萊,Polaroid,POLAROID寶麗萊太陽鏡20733580764M9,930,,,,,0,1,2,0,2025-07-03 11:45:14,866.69,,False,,0
p15858310,E1654886,寶麗萊,Polaroid,POLAROID寶麗萊太陽鏡20732680760M9,930,,,,,0,1,5,0,2025-07-03 11:45:14,866.69,,False,,0
p15788477,C048855,嬌韻詩,CLARINS,CLARINS 嬌韻詩緞光水漾精華粉底液-103-30ML,267,,,,,0,1,18,0,2024-07-31 11:49:19,382.09,,False,,2
p15807314,C049350,魅可,MAC,MAC魅可時尚焦點小眼影 2P 1.5g,110,,,,,0,1,3,0,2025-02-25 15:56:07,102.51,,False,,0
p15809357,C106012,雪肌精,SEKKISEI,SEKKISEI  雪肌精逸透柔潤勻亮凝霜 15g（僅粉芯）,189,,,,,0,1,8,5,2024-07-31 11:52:12,176.13,,False,,0
p15809659,C105818,魅可,MAC,MAC魅可啞光鎖色唇釉19-4ML,255,,,,,0,1,,0,2025-06-27 16:41:00,237.64,,False,,0
p15850248,C111516,紀梵希,Givenchy,GIVENCHY紀梵希高定禁忌睫毛膏 8g,174,340.0,5.1,166.0,,1,1,5,0,2026-09-15 00:00:00,162.16,,False,0.0,3
p15858131,E0197160,莫傑,MARC JACOBS,MARC JACOBS馬克琦布女士單肩包H014M02PF21-699-1SZ,780,2600.0,3.0,1820.0,,1,1,,0,2026-09-15 00:00:00,726.9,,False,0.0,3
p15858136,E0197157,莫傑,MARC JACOBS,MARC JACOBS馬克琦布女士單肩包H013M02PF21-401-1SZ,735,2450.0,3.0,1715.0,,1,1,,0,2026-09-15 00:00:00,684.97,,False,0.0,3
p15941562,C119426,古馳,Gucci,Gucci古馳傾色絲潤唇膏134,254,,,,,0,1,1,0,2026-06-09 11:14:26,363.45,,False,,2
p15942682,C121486,植村秀,SHU UEMURA,SHU UEMURA植村秀絹感潤護裸感唇膏 RD168,189,315.0,6.0,126.0,,1,1,1,0,2026-09-15 00:00:00,176.13,,False,0.0,3
p15949089,C121632,雅詩蘭黛,ESTEE LAUDER,Estee Lauder雅詩蘭黛輕透持妝粉底液3C0 30ml,460,,,,,0,1,1,0,2026-09-15 15:03:43,428.69,,False,,0
p15949230,C122427,紀梵希,Givenchy,GIVENCHY紀梵希心無禁忌經典香氛套組92.5ml,1260,,,,,0,1,,0,2026-09-15 15:03:29,1174.23,,False,,0
p15952289,E10356162,博柏利,BURBERRY,BURBERRY博柏利太陽鏡 0BE4440U41128751,1098,3980.0,1098.0,2882.0,,1,1,2,0,2026-09-18 00:00:00,1023.25,,False,0.0,3
p15952297,E10356164,博柏利,BURBERRY,BURBERRY博柏利太陽鏡 0BE4443F41118755,4250,,,,,0,1,,0,2026-04-02 14:04:41,3960.69,,False,,0
p15952577,E10134341,博柏利,BURBERRY,BURBERRY博柏利太陽鏡 0BE4439F41118751,4800,,,,,0,1,1,0,2026-04-02 14:04:40,4473.24,,False,,0
p15952586,E1748438,博柏利,BURBERRY,BURBERRY博柏利太陽鏡0BE4424F41168752,2930,,,,,0,1,,0,2026-04-02 14:04:42,2730.54,,False,,0
p15952672,C122823,伊麗莎白·雅頓,ELIZABETH ARDEN,Elizabeth Arden伊莉莎白雅頓綠茶香氛100ml（草莓羅勒香型）,360,,,,,0,1,1,0,2026-03-12 12:12:37,335.49,,False,,0
p15948792,C121897,倩碧,CLINIQUE,Clinique倩碧滋潤幻變唇膏筆04,200,,,,,0,1,,0,2026-02-28 14:17:36,186.39,,False,,0
p15948811,C121622,雅詩蘭黛,ESTEE LAUDER,Estee Lauder雅詩蘭黛沁水盈潤養護唇膏704,340,,,,,0,1,,0,2026-03-02 14:23:41,316.85,,False,,0
p15948816,C121742,魅可,MAC,MAC魅可定制無瑕遮瑕乳-NW30 7ml,280,,,,,0,1,1,0,2026-09-15 15:03:22,260.94,,False,,0
p15948825,C123091,芭比布朗,BOBBI BROWN,Bobbi Brown芭比波朗至盈呵護豐唇蜜（雙支裝）6ml*2,370,560.0,6.6,190.0,,1,1,1,0,2026-09-15 00:00:00,344.81,,False,0.0,3
p15948830,C121737,魅可,MAC,MAC魅可定制無瑕遮瑕乳-NC15 7ml,280,,,,,0,1,1,0,2026-09-15 15:03:27,260.94,,False,,0
p15948957,C123058,儀式,RITUALS,RITUALS甜茉莉香氛噴霧400ml,455,,,,,0,1,,0,2026-09-15 15:03:27,424.03,,False,,0
p15949046,C118877,芭比布朗,BOBBI BROWN,Bobbi Brown芭比波朗煙熏裸色眼影盤,535,,,,,0,1,1,0,2026-02-25 17:34:05,498.58,,False,,0
p15949050,C121725,魅可,MAC,MAC魅可清透煥顏面霜-輕盈型-50ML,470,,,,,0,1,1,0,2026-02-28 14:17:36,438.01,,False,,0
p15949058,C121901,倩碧,CLINIQUE,Clinique倩碧滋潤幻變唇膏筆02,200,,,,,0,1,,0,2026-02-28 14:17:37,186.39,,False,,0
p15949071,C121635,雅詩蘭黛,ESTEE LAUDER,Estee Lauder雅詩蘭黛輕透持妝粉底液2N2 30ml,460,,,,,0,1,,0,2026-09-15 15:03:29,428.69,,False,,0
p15919641,C120335,魅可,MAC,MAC魅可節日限定高光碟03,186,310.0,6.0,124.0,,1,1,,0,2026-09-15 00:00:00,173.34,,False,0.0,3
p16067720,C123235,聖羅蘭,YSL,YSL聖羅蘭敢裸柔霧唇膏 08,289,385.0,7.5,96.0,,1,1,2,0,2026-09-15 00:00:00,269.33,,False,0.0,3
p16069835,C121912,魅可,MAC,MAC魅可彩妝套裝12ml+3.5g+1.45g,710,,,,,0,1,,0,2026-09-15 15:03:49,661.67,,False,,0
p16069839,C123448,植村秀,SHU UEMURA,shu uemura植村秀絹感潤護唇凍 糖漬莓4.8ml,244,325.0,7.5,81.0,,1,1,,0,2026-09-15 00:00:00,227.39,,False,0.0,3
p16069847,C123435,蘭蔻,LANCOME,Lancome蘭蔻菁純柔霧啞光唇膏212,360,,,,,0,1,,0,2026-07-30 16:07:53,335.49,,False,,0
p16070197,C118834,祖瑪瓏,JO MALONE LONDON,Jo Malone祖瑪瓏香水馥鬱系列（琥珀與勞丹脂香型） 50ML,1165,,,,,0,1,1,0,2026-05-20 15:52:35,1085.69,,False,,0
p16070208,C116410,科顏氏,KIEHL'S,Kiehl’s科顏氏水感防曬60ml,575,,,,,0,1,3,0,2026-09-15 15:03:45,535.86,,False,,0
p16074439,C121604,湯姆福特,TOM FORD,TOM FORD湯姆福特奢光柔潤氣墊粉底液 4.0,492,655.0,7.5,163.0,,1,1,,0,2026-09-15 00:00:00,458.51,,False,0.0,3
p15943250,C122045,碧歐泉,BIOTHERM,Biotherm碧歐泉保濕凝膠 30毫升,270,,,,,0,1,,0,2026-07-30 16:20:21,251.62,,False,,0
p15946967,C121825,魅可,MAC,MAC魅可新絲緞柔霧液體唇膏996 5ml,215,,,,,0,1,1,0,2026-09-15 15:03:26,200.36,,False,,0
p15947281,C121576,湯姆福特,TOM FORD,TOM FORD湯姆福特唇露（高定勃艮第限定）5.5ml,395,,,,,0,1,2,0,2026-09-15 15:03:31,368.11,,False,,0
p15947291,C121835,魅可,MAC,MAC魅可新絲緞柔霧液體唇膏955 5ml,215,,,,,0,1,1,0,2026-09-15 15:03:20,200.36,,False,,0
p15947293,C121822,魅可,MAC,MAC魅可新絲緞柔霧液體唇膏950 5ml,215,,,,,0,1,1,0,2026-09-15 15:03:29,200.36,,False,,0
p15947294,C121839,魅可,MAC,MAC魅可新絲緞柔霧液體唇膏958 5ml,215,,,,,0,1,,0,2026-09-15 15:03:29,200.36,,False,,0
p15947295,C121915,魅可,MAC,MAC魅可眼線膠筆01 2ml,160,,,,,0,1,,0,2026-09-15 15:03:22,149.11,,False,,0
p15947312,C118831,祖瑪瓏,JO MALONE LONDON,Jo Malone祖瑪瓏香水馥鬱系列（琥珀與勞丹脂香型)100ml,1675,,,,,0,1,2,0,2026-09-15 15:03:26,1560.98,,False,,0
p15947329,C121806,魅可,MAC,MAC魅可新絲緞柔霧唇膏935,200,,,,,0,1,,0,2026-02-05 17:00:47,186.39,,False,,0
p15947333,C121817,魅可,MAC,MAC魅可新絲緞柔霧液體唇膏982 5ml,215,,,,,0,1,1,0,2026-09-15 15:03:25,200.36,,False,,0
p15947334,C121790,魅可,MAC,MAC魅可新絲緞柔霧唇膏908,200,,,,,0,1,1,0,2026-02-05 17:00:44,186.39,,False,,0
p15947506,C121621,雅詩蘭黛,ESTEE LAUDER,Estee Lauder雅詩蘭黛沁水盈潤養護唇膏709,340,,,,,0,1,1,0,2026-02-05 17:00:45,316.85,,False,,0
p15947754,C118849,芭比布朗,BOBBI BROWN,Bobbi Brown芭比波朗新流雲眼影筆0F號,300,,,,,0,1,,0,2026-02-12 17:01:56,279.58,,False,,0
p15948789,C121607,湯姆福特,TOM FORD,TOM FORD湯姆福特奢光柔潤氣墊粉底液-1-3-替換芯,323,430.0,7.5,107.0,,1,1,,0,2026-09-15 00:00:00,301.01,,False,0.0,3
p15782302,C102034,伊麗莎白·雅頓,ELIZABETH ARDEN,Elizabeth Arden伊麗莎白雅頓第五大道NYC戀尚紐約香水 75ml,425,,,,,0,1,5,0,2024-09-09 11:32:17,396.07,,False,,0
p15828390,C107072,伊麗莎白·雅頓,ELIZABETH ARDEN,Elizabeth Arden伊麗莎白雅頓綠茶柚子小蒼蘭香水50ml,118,260.0,4.5,142.0,,1,1,3,0,2026-09-15 00:00:00,109.97,,False,0.0,3
p15829471,C107647,歐舒丹,L'OCCITANE,L'OCCITANE 歐舒丹薰衣草香潤手霜 75ml,105,190.0,5.5,85.0,,1,1,28,0,2026-09-15 00:00:00,97.85,,False,0.0,3
p15826131,C106570,紀梵希,Givenchy,GIVENCHY紀梵希傾城粉絲絨濃香水,1055,,,,,0,1,4,0,2026-09-15 15:42:34,983.18,,False,,0
p15844306,C108912,汤姆福特,TOM FORD,TOM FORD琉璃煥彩唇膏20 3.3g,490,,,,,0,1,22,0,2024-07-31 11:37:10,456.64,,False,,0
p15889829,C116883,博柏利,BURBERRY,"Burberry""博柏利高定香氛-沙漠玫瑰100ml",1014,,,,,0,1,,0,2025-05-19 18:38:47,1817.26,,False,,2
p15889835,C115755,博柏利,BURBERRY,Burberry博柏利之吻倫敦臻霧啞光唇釉02 Cream Tea 6 ML,204,,,,,0,1,3,0,2025-05-16 14:20:55,316.85,,False,,2
p15890289,C115762,博柏利,BURBERRY,Burberry博柏利之吻絨霧啞光唇膏90  -6 ML,177,,,,,0,1,1,0,2025-05-16 14:22:40,316.85,,False,,2
p15890622,C118153,紀梵希,Givenchy,GIVENCHY 紀梵希傾城裸絲絨香水50ML,687,1145.0,6.0,458.0,,1,1,,0,2026-09-15 00:00:00,640.23,,False,0.0,3
p15873347,C115905,喬治阿瑪尼,GIORGIO ARMANI,GIORGIO ARMANI 阿瑪尼紅管緞光唇釉 #14（4ml）,227,380.0,6.0,153.0,,1,1,19,0,2026-09-15 00:00:00,211.55,,False,0.0,3
p15883868,C117504,紀梵希,Givenchy,GIVENCHY紀梵希高定甜潤耀彩精萃唇膏332,345,,,,,0,1,1,0,2025-04-16 09:48:01,321.51,,False,,0
p15884051,C116337,嬌韻詩,CLARINS,Clarins嬌韻詩絲滑持妝精華粉底液-100C 30ml,246,,,,,0,1,,0,2025-03-28 10:08:09,382.09,,False,,2
p16067720,C123235,聖羅蘭,YSL,YSL聖羅蘭敢裸柔霧唇膏 08,289,385.0,7.5,96.0,,1,1,2,0,2026-09-15 00:00:00,269.33,,False,0.0,3
p16069835,C121912,魅可,MAC,MAC魅可彩妝套裝12ml+3.5g+1.45g,710,,,,,0,1,,0,2026-09-15 15:03:49,661.67,,False,,0
p16069839,C123448,植村秀,SHU UEMURA,shu uemura植村秀絹感潤護唇凍 糖漬莓4.8ml,244,325.0,7.5,81.0,,1,1,,0,2026-09-15 00:00:00,227.39,,False,0.0,3
p16069847,C123435,蘭蔻,LANCOME,Lancome蘭蔻菁純柔霧啞光唇膏212,360,,,,,0,1,,0,2026-07-30 16:07:53,335.49,,False,,0
p15947754,C118849,芭比布朗,BOBBI BROWN,Bobbi Brown芭比波朗新流雲眼影筆0F號,300,,,,,0,1,,0,2026-02-12 17:01:56,279.58,,False,,0
p15948789,C121607,湯姆福特,TOM FORD,TOM FORD湯姆福特奢光柔潤氣墊粉底液-1-3-替換芯,323,430.0,7.5,107.0,,1,1,,0,2026-09-15 00:00:00,301.01,,False,0.0,3
p15948792,C121897,倩碧,CLINIQUE,Clinique倩碧滋潤幻變唇膏筆04,200,,,,,0,1,,0,2026-02-28 14:17:36,186.39,,False,,0
p15948811,C121622,雅詩蘭黛,ESTEE LAUDER,Estee Lauder雅詩蘭黛沁水盈潤養護唇膏704,340,,,,,0,1,,0,2026-03-02 14:23:41,316.85,,False,,0
p15948816,C121742,魅可,MAC,MAC魅可定制無瑕遮瑕乳-NW30 7ml,280,,,,,0,1,1,0,2026-09-15 15:03:22,260.94,,False,,0
p15948825,C123091,芭比布朗,BOBBI BROWN,Bobbi Brown芭比波朗至盈呵護豐唇蜜（雙支裝）6ml*2,370,560.0,6.6,190.0,,1,1,1,0,2026-09-15 00:00:00,344.81,,False,0.0,3
p15948830,C121737,魅可,MAC,MAC魅可定制無瑕遮瑕乳-NC15 7ml,280,,,,,0,1,1,0,2026-09-15 15:03:27,260.94,,False,,0
p15948957,C123058,儀式,RITUALS,RITUALS甜茉莉香氛噴霧400ml,455,,,,,0,1,,0,2026-09-15 15:03:27,424.03,,False,,0
p16091950,C121669,魅可,MAC,MAC魅可高亮氣墊唇油05 5ml,152,190.0,8.0,38.0,,1,1,,0,2026-09-15 00:00:00,141.65,,False,0.0,3
p16092330,C119957,伊麗莎白·雅頓,ELIZABETH ARDEN,Elizabeth Arden伊莉莎白雅頓新鉑粹禦膚精華50ml*2,2070,,,,,0,1,1,0,2026-09-15 15:03:50,1929.09,,False,,0
p16094864,C122097,古馳,Gucci,Gucci古馳女性香氛迷你套裝5ml+5ml+5ml+5ml,390,,,,,0,1,2,0,2026-09-15 15:03:46,559.16,,False,,2
p16095262,C125263,蘭嘉絲汀,Lancaster,Lancaster蘭嘉絲汀完美防曬空氣感隱形面部噴霧SPF50，75毫升（1.3盎司）,405,,,,,0,1,,0,2026-07-30 16:20:25,377.43,,False,,0
p16095267,C125247,卡爾文·克雷恩,CALVIN KLEIN,Calvin Klein卡爾文·克萊恩裸香香草中性髮體香水噴霧100毫升,172,215.0,8.0,43.0,,1,1,,0,2026-09-15 00:00:00,160.29,,False,0.0,3
p16096610,C124938,紀梵希,Givenchy,GIVENCHY紀梵希紳士運動香水 100ml,840,1050.0,8.0,210.0,,1,1,,0,2026-09-15 00:00:00,782.82,,False,0.0,3
p16109742,C122955,伊麗莎白·雅頓,ELIZABETH ARDEN,Elizabeth Arden伊莉莎白雅頓ETERNAL AURA 香水 100毫升,805,,,,,0,1,,0,2026-07-29 11:06:08,750.2,,False,,0
p16117438,C040450,湯姆福特,TOM FORD,TOM FORD湯姆福特香水(魅夜蘭花香型）50ml,1365,,,,,0,1,,0,2026-08-05 11:43:47,1272.08,,False,,0
p15858657,E1654900,寶麗萊,Polaroid,POLAROID寶麗萊太陽鏡20733680765M9,930,,,,,0,1,2,0,2026-04-30 10:17:17,866.69,,False,,0
p15858670,E1654889,寶麗萊,Polaroid,POLAROID寶麗萊太陽鏡20731901059M9,930,,,,,0,1,7,0,2025-07-03 11:45:15,866.69,,False,,0
p15913736,C118146,伊麗莎白·雅頓,ELIZABETH ARDEN,Elizabeth Arden伊莉莎白雅頓白茶Coffret套裝,360,,,,,0,1,1,0,2025-10-17 11:53:22,335.49,,False,,0
p15743142,C055855,希思黎,SISLEY PARIS,sisley希思黎纖體乳 200ml,1105,,,,,0,1,2,0,2025-02-25 15:56:13,1677.47,,False,,2
p15743148,C054254,博柏利,BURBERRY,BURBERRY博柏利我的博柏利女士黑色香精 90ml,924,,,,,0,1,4,0,2024-08-22 18:59:52,1435.17,,False,,2
p15742132,C054168,古馳,Gucci,GUCC 古馳罪愛酷淡香水50ml,598,,,,,0,1,4,0,2025-12-12 19:22:34,857.37,,False,,2
p15797270,C103692,歐舒丹,L'OCCITANE,L'OCCITANE歐舒丹蠟菊賦顏禦齡精華油 30ml,545,990.0,5.5,445.0,,1,1,47,0,2026-09-15 00:00:00,507.9,,False,0.0,3
p15741080,C048712,博柏利,BURBERRY,BURBERRY博柏利我的博柏利女士濃香水EDP 50ml/90ml,924,,,,,0,1,4,0,2024-07-31 11:30:48,927.27,,False,,2
p15782316,C102045,伊麗莎白·雅頓,ELIZABETH ARDEN,Elizabeth Arden伊麗莎白雅頓金致修護眼霜 15ml,500,,,,,0,1,3,0,2024-09-09 11:32:10,465.96,,False,,0
p15794243,C102851,欧舒丹,L'OCCITANE,L'OCCITANE歐舒丹蠟菊賦顏禦齡精華露 200ml,279,,,,,0,1,26,0,2024-07-31 11:49:11,433.35,,False,,2
p15743274,C054256,博柏利,BURBERRY,BURBERRY 博柏利我的博柏利花之緋女士濃香水 50mL/90ml,924,,,,,0,1,6,0,2026-04-24 11:24:39,997.16,,False,,2
p15738165,C042092,希思黎,SISLEY PARIS,sisley希思黎賦活水潤保濕精華30ml,1300,,,,,0,1,5,0,2026-09-15 15:02:00,1957.04,,False,,2
p15742517,C030069,祖瑪瓏,JO MALONE LONDON,JO MALONE祖·瑪瓏黑莓與月桂葉女士香水100ml【無盒】,780,1355.0,5.8,575.0,,1,1,7,0,2026-09-15 00:00:00,726.9,,False,0.0,3
p15742531,C026781,希思黎,SISLEY PARIS,sisley希思黎漾澤美唇彩筆9號 2.5g,185,,,,,0,1,1,0,2024-12-24 15:49:17,363.45,,False,,2
p15740520,C054317,紀梵希,Givenchy,GIVENCHY紀梵希墨藻珍萃面霜50mL,1477,2773.0,5.3,1296.0,,1,1,3,5,2026-09-15 00:00:00,1376.45,,False,0.0,3
p15735904,C000947,伊麗莎白·雅頓,ELIZABETH ARDEN,Elizabeth Arden伊麗莎白雅頓綠茶淡香水噴霧100ml,165,361.0,4.6,196.0,,1,1,4,0,2026-09-15 00:00:00,153.77,,False,0.0,3
p15742852,C007634,伊麗莎白·雅頓,ELIZABETH ARDEN,Elizabeth Arden伊麗莎白雅頓經典身體潤澤霜 200ml,126,241.0,5.2,115.0,,1,1,6,0,2026-09-15 00:00:00,117.42,,False,0.0,3
p15743662,C055460,肌膚之鑰,CLE DE PEAU BEAUTE,CPB 肌膚之鑰琉金漾采唇膏 217 Go-Getter Grape 4g,480,,,,,0,1,2,0,2026-05-22 15:50:31,447.32,,False,,0
p15809680,C105916,汤姆福特,TOM FORD,TOM FORD電光櫻桃香水50毫升,3185,,,,,0,1,9,0,2024-07-31 11:51:11,2968.18,,False,,0
p15802056,C049354,魅可,MAC,MAC魅可時尚焦點小眼影22,110,,,,,0,1,1,0,2024-07-31 11:51:07,102.51,,False,,0
p15802066,C033327,希思黎,SISLEY PARIS,sisley 希思黎抗皺修活臻顏面霜 50ml,2470,,,,,0,1,7,5,2024-09-13 11:55:42,3709.07,,False,,2
p15821473,C106518,紀梵希,Givenchy,GIVENCHY紀梵希黑能臻萃卸妝乳 125ml,770,,,,,0,1,5,0,2025-08-25 17:29:30,717.58,,False,,0
p15825593,C107070,伊麗莎白·雅頓,ELIZABETH ARDEN,Elizabeth伊麗莎白雅頓綠茶柚子小蒼蘭香水-100ML,362,,,,,0,1,4,0,2026-07-28 12:29:31,337.36,,False,,0
p15825637,C103664,紀梵希,Givenchy,GIVENCHY紀梵希高定香榭粉絲絨唇膏3.4g,157,360.0,4.4,203.0,,1,1,24,0,2026-09-15 00:00:00,146.31,,False,0.0,3
p15806501,C104849,莫傑,MARC JACOBS,MARC JACOBS 莫傑完美淡香水 100ml,950,,,,,0,1,4,0,2024-09-20 10:22:31,885.33,,False,,0
p15738750,C046330,希思黎,SISLEY PARIS,sisley希思黎花香面部噴霧 100ml,442,,,,,0,1,1,0,2024-07-31 11:21:13,670.99,,False,,2
p15738554,C025921,希思黎,SISLEY PARIS,sisley希思黎溫和角質調理霜 50ml,468,,,,,0,1,26,5,2025-02-20 12:53:35,726.9,,False,,2
p15738582,C022241,希思黎,SISLEY PARIS,sisley希思黎身體淨采磨砂凝露 200ml,663,,,,,0,1,1,0,2025-07-01 13:49:11,950.56,,False,,2
p15737426,C055462,肌膚之鑰,CLE DE PEAU BEAUTE,CPB 肌膚之鑰琉金漾采唇膏 213 Playful pink 4g,408,480.0,8.5,72.0,,1,1,6,0,2026-09-15 00:00:00,380.23,,False,312.0,2
p15741324,C037862,魅可,MAC,MAC魅可#184雙毛型扇刷 1pcs,280,,,,,0,1,15,0,2024-07-31 11:35:23,260.94,,False,,0
p15739199,C056250,凱利安,KILIAN,Kilian凱利安愛的漩渦濃香水 50ml,1582,,,,,0,1,1,0,2026-03-17 15:19:46,2106.15,,False,,2
p15736502,C017212,倩碧,CLINIQUE,CLINIQUE  倩碧勻淨粉底液61號 30ml,295,,,,,0,1,,0,2025-02-25 15:56:13,274.92,,False,,0
p15737769,C015160,莫傑,MARC JACOBS,MARC JACOBS莫傑雛菊花語女士淡香水125ml,1110,,,,,0,1,10,0,2024-09-20 10:21:20,1034.44,,False,,0
p15736524,C017539,倩碧,CLINIQUE,CLINIQUE倩碧勻淨粉底液64號 30ml,295,,,,,0,1,,0,2024-09-20 10:21:07,274.92,,False,,0
p15736544,C049317,魅可,MAC,MAC魅可四色專業彩妝盤,85,,,,,0,1,7,0,2024-09-29 15:36:26,79.21,,False,,0
p15737047,C038317,祖玛珑,JO MALONE LONDON,JO MALONE祖·瑪瓏沐浴露(黑石榴香型),405,,,,,0,1,4,0,2024-07-31 11:12:45,377.43,,False,,0
p15793258,C101033,嬌韻詩,CLARINS,CLARINS嬌韻詩柔潤乳 75ml,371,,,,,0,1,16,5,2024-08-13 16:39:46,531.2,,False,,2
p15866237,C113662,古馳,Gucci,GUCCI古馳傾色絨霧唇膏509,254,,,,,0,1,5,0,2024-08-13 16:44:39,363.45,,False,,2
p15866265,C050351,嬌韻詩,CLARINS,CLARINS嬌韻詩輕透隔離防曬乳（潤粉色） 50ML,390,,,,,0,1,35,0,2024-09-09 11:55:39,559.16,,False,,2
p15911182,C119594,奧碧虹 澳尔滨,ALBION,Albion白神發酵液 s 80ml,377,,,,,0,1,2,0,2025-09-16 17:21:01,540.52,,False,,2
p15911183,C119265,伊麗莎白·雅頓,ELIZABETH ARDEN,Elizabeth Arden伊莉莎白·雅頓八小時水潤每日防護霜（SPF40）50ml,305,,,,,0,1,,0,2026-09-15 14:40:19,284.24,,False,,0
p15912566,C121180,巴黎歐萊雅,L'OREAL PARIS,L`oreal歐萊雅光感煥亮系列30ml+50ml+100ml,890,,,,,0,1,,0,2026-09-15 15:02:59,829.41,,False,,0
p15912571,C118767,魅可,MAC,MAC魅可高光修容液15ml,248,330.0,7.5,82.0,,1,1,,0,2026-09-15 00:00:00,231.12,,False,0.0,3
p15913041,C120601,喬治阿瑪尼,GIORGIO ARMANI,Giorgio Armani阿瑪尼魅力持色唇釉-261 4ml,380,,,,,0,1,1,0,2026-09-15 15:02:57,354.13,,False,,0
p15895889,C057449,奧碧虹 澳尔滨,ALBION,ALBION澳爾濱雅思臻顏賦活再生卸妝霜-150G,325,,,,,0,1,3,0,2025-07-30 11:04:15,465.96,,False,,2
p15896487,C117742,魅可,MAC,MAC魅可豐盈唇蜜5ml,134,205.0,6.5,71.0,,1,1,2,0,2026-09-15 00:00:00,124.88,,False,0.0,3
p15896488,C117544,芭比布朗,BOBBI BROWN,Bobbi Brown芭比波朗啞光兩用唇頰霜41,202,330.0,6.1,128.0,,1,1,,0,2026-09-15 00:00:00,188.25,,False,0.0,3
p15896529,C117736,魅可,MAC,MAC魅可空氣唇蜜223 5ml,124,190.0,6.5,66.0,,1,1,,0,2026-09-15 00:00:00,115.56,,False,0.0,3
p15900708,C119876,植村秀,SHU UEMURA,shu uemura植村秀絹感唇釉-KC-BR-793,202,310.0,6.5,108.0,,1,1,,0,2026-09-15 00:00:00,188.25,,False,0.0,3
p15894569,E1720733,莫傑,MARC JACOBS,MARC JACOBS馬克雅克布太陽鏡206441NOY55HA,1350,,,,,0,1,,0,2025-07-03 11:45:15,1258.1,,False,,0
p15894570,E1591928,凱特·絲蓓,KATE SPADE,KATE SPADE凱特·絲蓓太陽鏡2065427RM57HA,1320,,,,,0,1,,0,2025-07-03 11:45:15,1230.14,,False,,0
p15894573,E1591872,凱特·絲蓓,KATE SPADE,KATE SPADE凱特·絲蓓太陽鏡206535807559O,1170,,,,,0,1,,0,2025-07-03 11:45:15,1090.35,,False,,0
p15894580,E1678094,寶麗萊,Polaroid,POLAROID寶麗來太陽鏡20732780756M9,930,,,,,0,1,,0,2025-07-03 11:45:15,866.69,,False,,0
p15894585,E1678402,寶麗萊,Polaroid,POLAROID寶麗來太陽鏡20672135J56SP,590,,,,,0,1,1,0,2025-07-03 11:45:15,549.84,,False,,0
p15895011,E1591932,凱特·絲蓓,KATE SPADE,KATE SPADE凱特·絲蓓太陽鏡206542807579O,1320,,,,,0,1,,0,2025-07-03 11:45:15,1230.14,,False,,0
p15900819,C118811,雅詩蘭黛,ESTEE LAUDER,Estee Lauder雅詩蘭黛四色眼影-GALLERY,490,,,,,0,1,1,0,2026-05-22 15:50:31,456.64,,False,,0
p15901291,C118812,雅詩蘭黛,ESTEE LAUDER,Estee Lauder雅詩蘭黛四色眼影-POWER,294,490.0,6.0,196.0,,1,1,,0,2026-09-15 00:00:00,273.99,,False,0.0,3
p15901296,C118761,魅可,MAC,MAC魅可幻光多用筆06,150,,,,,0,1,2,0,2026-05-08 10:57:42,139.79,,False,,0
p15900801,C117604,魅可,MAC,MAC魅可專業底妝粉餅NW5 12g,213,340.0,6.3,127.0,,1,1,,0,2026-09-15 00:00:00,198.5,,False,0.0,3
p15900808,C117555,芭比布朗,BOBBI BROWN,Bobbi Brown芭比波朗至盈呵護水光固體唇蜜692號,231,350.0,6.6,119.0,,1,1,1,0,2026-09-15 00:00:00,215.27,,False,0.0,3
p15900808,C117555,芭比布朗,BOBBI BROWN,Bobbi Brown芭比波朗至盈呵護水光固體唇蜜692號,231,350.0,6.6,119.0,,1,1,1,0,2026-09-15 00:00:00,215.27,,False,0.0,3
p15900815,C118766,魅可,MAC,MAC魅可幻光多用筆05,98,150.0,6.5,52.0,,1,1,1,0,2026-09-15 00:00:00,91.33,,False,0.0,3
p15900816,C118806,雅詩蘭黛,ESTEE LAUDER,Estee Lauder雅詩蘭黛四色眼影-PRENUP,319,490.0,6.5,171.0,,1,1,,0,2026-09-15 00:00:00,297.28,,False,0.0,3
p15900819,C118811,雅詩蘭黛,ESTEE LAUDER,Estee Lauder雅詩蘭黛四色眼影-GALLERY,490,,,,,0,1,1,0,2026-05-22 15:50:31,456.64,,False,,0
p15901291,C118812,雅詩蘭黛,ESTEE LAUDER,Estee Lauder雅詩蘭黛四色眼影-POWER,294,490.0,6.0,196.0,,1,1,,0,2026-09-15 00:00:00,273.99,,False,0.0,3
p15901296,C118761,魅可,MAC,MAC魅可幻光多用筆06,150,,,,,0,1,2,0,2026-05-08 10:57:42,139.79,,False,,0
p15894569,E1720733,莫傑,MARC JACOBS,MARC JACOBS馬克雅克布太陽鏡206441NOY55HA,1350,,,,,0,1,,0,2025-07-03 11:45:15,1258.1,,False,,0
p15894570,E1591928,凱特·絲蓓,KATE SPADE,KATE SPADE凱特·絲蓓太陽鏡2065427RM57HA,1320,,,,,0,1,,0,2025-07-03 11:45:15,1230.14,,False,,0
p15894573,E1591872,凱特·絲蓓,KATE SPADE,KATE SPADE凱特·絲蓓太陽鏡206535807559O,1170,,,,,0,1,,0,2025-07-03 11:45:15,1090.35,,False,,0
p15894580,E1678094,寶麗萊,Polaroid,POLAROID寶麗來太陽鏡20732780756M9,930,,,,,0,1,,0,2025-07-03 11:45:15,866.69,,False,,0
p15894585,E1678402,寶麗萊,Polaroid,POLAROID寶麗來太陽鏡20672135J56SP,590,,,,,0,1,1,0,2025-07-03 11:45:15,549.84,,False,,0
p15895011,E1591932,凱特·絲蓓,KATE SPADE,KATE SPADE凱特·絲蓓太陽鏡206542807579O,1320,,,,,0,1,,0,2025-07-03 11:45:15,1230.14,,False,,0
p15911182,C119594,奧碧虹 澳尔滨,ALBION,Albion白神發酵液 s 80ml,377,,,,,0,1,2,0,2025-09-16 17:21:01,540.52,,False,,2
p15911183,C119265,伊麗莎白·雅頓,ELIZABETH ARDEN,Elizabeth Arden伊莉莎白·雅頓八小時水潤每日防護霜（SPF40）50ml,305,,,,,0,1,,0,2026-09-15 14:40:19,284.24,,False,,0
p15912566,C121180,巴黎歐萊雅,L'OREAL PARIS,L`oreal歐萊雅光感煥亮系列30ml+50ml+100ml,890,,,,,0,1,,0,2026-09-15 15:02:59,829.41,,False,,0
p15912571,C118767,魅可,MAC,MAC魅可高光修容液15ml,248,330.0,7.5,82.0,,1,1,,0,2026-09-15 00:00:00,231.12,,False,0.0,3
p15900708,C119876,植村秀,SHU UEMURA,shu uemura植村秀絹感唇釉-KC-BR-793,202,310.0,6.5,108.0,,1,1,,0,2026-09-15 00:00:00,188.25,,False,0.0,3
p15913041,C120601,喬治阿瑪尼,GIORGIO ARMANI,Giorgio Armani阿瑪尼魅力持色唇釉-261 4ml,380,,,,,0,1,1,0,2026-09-15 15:02:57,354.13,,False,,0
p15895889,C057449,奧碧虹 澳尔滨,ALBION,ALBION澳爾濱雅思臻顏賦活再生卸妝霜-150G,325,,,,,0,1,3,0,2025-07-30 11:04:15,465.96,,False,,2
p15896487,C117742,魅可,MAC,MAC魅可豐盈唇蜜5ml,134,205.0,6.5,71.0,,1,1,2,0,2026-09-15 00:00:00,124.88,,False,0.0,3
p16108838,C122118,博柏利,BURBERRY,Burberry博柏利女士淡香精100ml,1079,,,,,0,1,,0,2026-09-08 14:49:47,1547.0,,False,,2
p16117434,C111176,魅可,MAC,MAC魅可定制鎏金粉底液04 30ml,385,,,,,0,1,,0,2026-08-05 11:43:46,358.79,,False,,0
p16117435,C123123,湯姆福特,TOM FORD,TOM FORD湯姆福特水光唇釉09 6ml,316,395.0,8.0,79.0,,1,1,,0,2026-09-15 00:00:00,294.49,,False,0.0,3
p16087358,C123173,祖瑪瓏,JO MALONE LONDON,Jo Malone祖瑪瓏香水馥鬱系列（無垢木與雪松香型） 100ml,1685,,,,,0,1,,0,2026-07-30 16:20:21,1570.3,,False,,0
p16087360,C123174,祖瑪瓏,JO MALONE LONDON,Jo Malone祖瑪瓏香水馥鬱系列（絲絨玫瑰與烏木香型） 100ml,1685,,,,,0,1,,0,2026-07-30 16:20:22,1570.3,,False,,0
p16087501,C123189,祖瑪瓏,JO MALONE LONDON,Jo Malone祖瑪瓏香水馥鬱系列（緋紅虞美人香型） 50ml,1175,,,,,0,1,,0,2026-07-30 16:20:23,1095.01,,False,,0
p16086978,C123121,湯姆福特,TOM FORD,Tom Ford湯姆福特水光唇釉08 6ml,316,395.0,8.0,79.0,,1,1,,0,2026-09-15 00:00:00,294.49,,False,0.0,3
p16091957,C122139,古馳,Gucci,Gucci古馳光澤唇膏130,254,,,,,0,1,1,0,2026-06-22 12:13:31,363.45,,False,,2
p16092324,C119728,博柏利,BURBERRY,Burberry博柏利花與她馥鬱香水100ml,1138,,,,,0,1,,0,2026-06-16 11:10:16,1630.87,,False,,2
p16092333,C119441,古馳,Gucci,Gucci古馳傾色水漾唇蜜225 6.5ml,228,,,,,0,1,,0,2026-09-15 15:03:45,326.17,,False,,2
p16093771,C123201,祖瑪瓏,JO MALONE LONDON,Jo Malone祖瑪瓏香水（鼠尾草與海鹽香型）30ml【無盒】,640,,,,,0,1,,0,2026-09-08 14:49:46,596.43,,False,,0
p16093772,C123166,祖瑪瓏,JO MALONE LONDON,Jo Malone祖瑪瓏香水（鼠尾草與海鹽香型） 100ml【無盒】,1355,,,,,0,1,,0,2026-09-08 14:49:46,1262.76,,False,,0
p16095254,C119427,古馳,Gucci,Gucci古馳柔霧持妝氣墊粉底液02,496,,,,,0,1,,0,2026-07-07 16:06:46,577.79,,False,,2
p16095255,C119739,古馳,Gucci,Gucci古馳柔霧持妝氣墊粉底液03.5,496,,,,,0,1,,0,2026-07-07 16:06:46,577.79,,False,,2
p16095263,C119429,古馳,Gucci,Gucci古馳柔霧持妝氣墊粉底液04,496,,,,,0,1,,0,2026-07-07 16:06:46,577.79,,False,,2
p15839867,C108873,雅詩蘭黛,ESTEE LAUDER,ESTEE LAUDER雅詩蘭黛三合一多功能造型眉筆03 0.07g+0.25g+1.75ml,305,,,,,0,1,9,0,2026-09-15 15:02:25,284.24,,False,,0
p15849364,C111794,希思黎,SISLEY PARIS,sisley希思黎煥白晶璨夜霜 50ML,1105,,,,,0,1,4,5,2024-07-31 11:31:51,1677.47,,False,,2
p15851793,C111111,雅詩蘭黛,ESTEE LAUDER,ESTEE LAUDER雅詩蘭黛專研光透煥白精華素 100ml,1805,,,,,0,1,9,0,2025-09-22 15:16:05,1682.13,,False,,0
p15920004,C120291,湯姆福特,TOM FORD,Tom Ford湯姆福特雪映流光限定琉璃煥彩唇膏 02,490,,,,,0,1,3,0,2025-12-19 10:14:43,456.64,,False,,0
p15952581,E1681823,博柏利,BURBERRY,BURBERRY博柏利太陽鏡 0BE4411D38077357,2120,,,,,0,1,1,0,2026-04-02 14:04:42,1975.68,,False,,0
p16087360,C123174,祖瑪瓏,JO MALONE LONDON,Jo Malone祖瑪瓏香水馥鬱系列（絲絨玫瑰與烏木香型） 100ml,1685,,,,,0,1,,0,2026-07-30 16:20:22,1570.3,,False,,0
p16087501,C123189,祖瑪瓏,JO MALONE LONDON,Jo Malone祖瑪瓏香水馥鬱系列（緋紅虞美人香型） 50ml,1175,,,,,0,1,,0,2026-07-30 16:20:23,1095.01,,False,,0
p16108838,C122118,博柏利,BURBERRY,Burberry博柏利女士淡香精100ml,1079,,,,,0,1,,0,2026-09-08 14:49:47,1547.0,,False,,2
p16091957,C122139,古馳,Gucci,Gucci古馳光澤唇膏130,254,,,,,0,1,1,0,2026-06-22 12:13:31,363.45,,False,,2
p16092324,C119728,博柏利,BURBERRY,Burberry博柏利花與她馥鬱香水100ml,1138,,,,,0,1,,0,2026-06-16 11:10:16,1630.87,,False,,2
p16092333,C119441,古馳,Gucci,Gucci古馳傾色水漾唇蜜225 6.5ml,228,,,,,0,1,,0,2026-09-15 15:03:45,326.17,,False,,2
p16093771,C123201,祖瑪瓏,JO MALONE LONDON,Jo Malone祖瑪瓏香水（鼠尾草與海鹽香型）30ml【無盒】,640,,,,,0,1,,0,2026-09-08 14:49:46,596.43,,False,,0
p16093772,C123166,祖瑪瓏,JO MALONE LONDON,Jo Malone祖瑪瓏香水（鼠尾草與海鹽香型） 100ml【無盒】,1355,,,,,0,1,,0,2026-09-08 14:49:46,1262.76,,False,,0
p16095254,C119427,古馳,Gucci,Gucci古馳柔霧持妝氣墊粉底液02,496,,,,,0,1,,0,2026-07-07 16:06:46,577.79,,False,,2
p16095255,C119739,古馳,Gucci,Gucci古馳柔霧持妝氣墊粉底液03.5,496,,,,,0,1,,0,2026-07-07 16:06:46,577.79,,False,,2
p16095263,C119429,古馳,Gucci,Gucci古馳柔霧持妝氣墊粉底液04,496,,,,,0,1,,0,2026-07-07 16:06:46,577.79,,False,,2
p15948001,C100997,希思黎,SISLEY PARIS,Sisley希思黎水潤美肌修顏乳-淺膚色 40ml,558,,,,,0,1,1,0,2026-02-10 15:04:48,838.73,,False,,2
p15948057,C118754,魅可,MAC,MAC魅可空氣唇蜜5ml,190,,,,,0,1,,0,2026-09-15 15:03:25,177.07,,False,,0
p15948806,C121670,芭比布朗,BOBBI BROWN,Bobbi Brown芭比波朗純色奢金啞光唇霜303號 6ml,360,,,,,0,1,1,0,2026-09-15 15:03:34,335.49,,False,,0
p15948810,C122103,莫傑,MARC JACOBS,Marc Jacobs莫傑雛菊雙件旅行專供套裝-100ML---75ML,1000,,,,,0,1,,0,2026-04-24 15:10:26,931.93,,False,,0
p15948819,C122073,卡爾文·克雷恩,CALVIN KLEIN,Calvin Klein卡爾文克雷恩男士四件套-禮物套裝10ml*3+5ml,420,,,,,0,1,,0,2026-09-15 15:03:29,391.41,,False,,0
p15949075,C121730,魅可,MAC,MAC魅可定制無瑕遮瑕乳-NC30 7ml,280,,,,,0,1,,0,2026-09-15 15:03:31,260.94,,False,,0
p15949091,C121756,魅可,MAC,MAC魅可定制無瑕遮瑕乳-NW25 7ml,280,,,,,0,1,1,0,2026-09-15 15:03:26,260.94,,False,,0
p15942492,C119868,蘭蔻,LANCOME,Lancome蘭蔻全新黑金臻寵精華凝露30ml,4600,,,,,0,1,,0,2026-09-15 15:03:03,4286.86,,False,,0
p16117434,C111176,魅可,MAC,MAC魅可定制鎏金粉底液04 30ml,385,,,,,0,1,,0,2026-08-05 11:43:46,358.79,,False,,0
p16070199,C123451,植村秀,SHU UEMURA,shu uemura植村秀絹感潤護唇凍PK345 4.8ml,244,325.0,7.5,81.0,,1,1,,0,2026-09-15 00:00:00,227.39,,False,0.0,3
p16070202,C119447,古馳,Gucci,Gucci古馳水漾唇蜜509 Rosso Ancora 6.5ml,228,,,,,0,1,2,0,2026-09-15 15:03:31,326.17,,False,,2
p15870914,C115456,魅可,MAC,MAC魅可24HR KAJAL眼線筆Extreme Black (8g),69,125.0,5.5,56.0,,1,1,6,0,2026-09-15 00:00:00,64.3,,False,0.0,3
p15866471,C036473,希思黎,SISLEY PARIS,SISLEY希思黎修活防曬乳 SPF30 60ml,1118,,,,,0,1,3,0,2026-03-27 11:37:54,1724.06,,False,,2
p15831474,C107101,伊芙蘭,EVE LOM,EVE LOM伊芙蘭亮采修護視黃醇精華液 30ml,886,1870.0,4.7,984.0,,1,1,8,0,2026-09-15 00:00:00,825.69,,False,0.0,3
p15870780,E1202038,菲拉格慕,FERRAGAMO,FERRAGAMO菲拉格慕女士戒指758550,1500,5000.0,3.0,3500.0,,1,1,,0,2026-09-15 00:00:00,1397.89,,False,0.0,3
p15858147,E0305655,莫傑,MARC JACOBS,MARC JACOBS馬克綺布女士包帶M0014596-065-1SZ,315,1050.0,3.0,735.0,,1,1,,0,2026-09-15 00:00:00,293.56,,False,0.0,3
p15858304,E1654884,寶麗萊,Polaroid,POLAROID寶麗萊太陽鏡20731509Q55UC,355,930.0,3.8,575.0,,1,1,2,0,2026-09-15 00:00:00,330.83,,False,0.0,3
p15858512,E0163053,莫傑,MARC JACOBS,MARC JACOBS馬克琦布女士手提包H009L01SP21-001-1SZ,1260,4200.0,3.0,2940.0,,1,1,,0,2026-09-15 00:00:00,1174.23,,False,0.0,3
p15858526,E923021,莫傑,MARC JACOBS,MARC JACOBS馬克綺布女士包帶M0014087-419-1SZ,315,1050.0,3.0,735.0,,1,1,,0,2026-09-15 00:00:00,293.56,,False,0.0,3
p15858528,E0197181,莫傑,MARC JACOBS,MARC JACOBS馬克綺布女士單肩背包M0014867-223-1SZ,1110,3700.0,3.0,2590.0,,1,1,,0,2026-09-15 00:00:00,1034.44,,False,0.0,3
p15896545,C117542,芭比布朗,BOBBI BROWN,Bobbi Brown芭比波朗啞光兩用唇頰霜4,202,330.0,6.1,128.0,,1,1,1,0,2026-09-15 00:00:00,188.25,,False,0.0,3
p16133189,C123424,紀梵希,Givenchy,GIVENCHY紀梵希傾城花語香水 50ml,1075,,,,,0,1,,0,2026-09-11 17:45:09,1001.82,,False,,0
p15797916,C100111,古馳,Gucci,GUCCI 古馳傾色琉光唇膏308 1.8g,203,,,,,0,1,5,0,2025-03-25 11:11:05,363.45,,False,,2
p15781821,C102108,聖羅蘭,YSL,YSL聖羅蘭反轉巴黎光耀女士淡香水 50ml,1065,,,,,0,1,12,0,2025-11-26 10:28:15,992.5,,False,,0
p15786781,C053377,倩碧,CLINIQUE,CLINIQUE倩碧兩用粉餅 04 10g,295,,,,,0,1,3,0,2025-11-26 10:28:15,274.92,,False,,0
p15806092,C103065,魅可,MAC,MAC魅可絲緞絨霧細管唇膏25 2g,128,235.0,5.4,107.0,,1,1,3,0,2026-09-15 00:00:00,119.29,,False,0.0,3
p15806364,C104848,莫傑,MARC JACOBS,MARC JACOBS 莫傑完美淡香水 50ml,770,,,,,0,1,6,0,2026-05-22 15:50:31,717.58,,False,,0
p15808552,C104842,古馳,Gucci,GUCCI 古馳傾色雲霧唇膏519,254,,,,,0,1,1,0,2025-01-21 11:18:12,363.45,,False,,2
p15789327,C049362,魅可,MAC,MAC魅可時尚焦點小眼影 3F 1.5g,110,,,,,0,1,7,0,2024-07-31 11:49:28,102.51,,False,,0
p15743242,C040275,蘭蔻,LANCOME,LANCOME蘭蔻空氣輕墊持妝輕透粉底盒（外盒）,59,100.0,5.9,41.0,,1,1,,0,2026-09-15 00:00:00,54.98,,False,0.0,3
p15743264,C049320,魅可,MAC,MAC魅可時尚焦點小眼影 0,110,,,,,0,1,5,0,2024-07-31 11:41:10,102.51,,False,,0
p15738908,C036119,希思黎,SISLEY PARIS,sisley希思黎美胸精華乳 50ml,1352,,,,,0,1,2,0,2025-07-24 10:21:36,2050.24,,False,,2
p15740340,C041863,魅可,MAC,MAC魅可絲緞柔霧唇膏/口紅 3g,108,200.0,5.4,92.0,,1,1,21,30,2026-09-15 00:00:00,100.65,,False,0.0,3
p15740399,C049728,博柏利,BURBERRY,BURBERRY 博柏利花與她 逐夢倫敦濃香水 50ml/100ml,924,,,,,0,1,4,0,2025-09-22 15:17:01,969.2,,False,,2
p15740803,C047065,博柏利,BURBERRY,BURBERRY博柏利英倫格調男士淡香水 50mL/100mL,525,,,,,0,1,,0,2024-08-22 18:59:52,489.26,,False,,0
p15821471,C106544,紀梵希,Givenchy,GIVENCHY紀梵希明星柔光遮瑕液 11ml C105,345,,,,,0,1,5,0,2025-03-25 11:11:05,321.51,,False,,0
p15821477,C106551,紀梵希,Givenchy,GIVENCHY紀梵希明星柔光遮瑕液 11ml N95,207,345.0,6.0,138.0,,1,1,12,0,2026-09-15 00:00:00,192.91,,False,0.0,3
p15821721,C106568,紀梵希,Givenchy,GIVENCHY紀梵希紳士社會濃香水 60ml,830,,,,,0,1,4,0,2025-12-24 17:07:31,773.5,,False,,0
p15806092,C103065,魅可,MAC,MAC魅可絲緞絨霧細管唇膏25 2g,128,235.0,5.4,107.0,,1,1,3,0,2026-09-15 00:00:00,119.29,,False,0.0,3
p15806364,C104848,莫傑,MARC JACOBS,MARC JACOBS 莫傑完美淡香水 50ml,770,,,,,0,1,6,0,2026-05-22 15:50:31,717.58,,False,,0
p15808552,C104842,古馳,Gucci,GUCCI 古馳傾色雲霧唇膏519,254,,,,,0,1,1,0,2025-01-21 11:18:12,363.45,,False,,2
p15797609,C102812,雅詩蘭黛,ESTEE LAUDER,Estee Lauder 雅詩蘭黛智妍緊塑精華乳 100ml,885,,,,,0,1,45,0,2024-07-31 11:50:39,824.75,,False,,0
p15820485,C105645,嬌韻詩,CLARINS,CLARINS嬌韻詩透亮煥白淡斑柔膚霜 50ml,442,,,,,0,1,21,5,2024-07-31 11:53:19,633.71,,False,,2
p15802040,C103057,魅可,MAC,MAC魅可絲緞絨霧細管唇膏15 2g,235,,,,,0,1,2,0,2026-03-27 11:37:43,219.0,,False,,0
p15802062,C103067,魅可,MAC,MAC魅可絲緞絨霧細管唇膏22 2g,235,,,,,0,1,1,0,2026-08-31 17:16:45,219.0,,False,,0
p15741602,C046679,博柏利,BURBERRY,BURBERRY 博柏利倫敦男士淡香水100ml,468,,,,,0,1,1,0,2025-04-27 10:05:51,726.9,,False,,2
p15741650,C056533,希思黎,SISLEY PARIS,sisley希思黎抗皺修活膚亮肌精華液 30ml,2470,,,,,0,1,6,0,2024-07-31 11:41:57,3709.07,,False,,2
p15743087,C055132,希思黎,SISLEY PARIS,sisley希思黎伊莎香水 100ml,1230,,,,,0,1,,0,2024-07-31 11:39:14,2003.64,,False,,2
p15742709,C054913,伊麗莎白·雅頓,ELIZABETH ARDEN,Elizabeth Arden伊麗莎白雅頓白茶薑潤體霜 400ml,257,,,,,0,1,8,0,2024-09-09 11:31:45,239.5,,False,,0
p15740984,C046413,博柏利,BURBERRY,BURBERRY博柏利倫敦女士濃香水  50mL/100mL,546,,,,,0,1,2,0,2024-07-31 11:32:41,698.94,,False,,2
p15742984,C009854,雅詩蘭黛,ESTEE LAUDER,ESTEE LAUDER  雅詩蘭黛 Double Wear 凝彩纖長睫毛膏三支裝 3 x 6ml  黑色,960,,,,,0,1,9,0,2026-05-22 15:50:31,894.65,,False,,0
p15846166,C103367,伊麗莎白·雅頓,ELIZABETH ARDEN,Elizabeth Arden 伊麗莎白雅頓紅門香氛套裝 100ml+30ml,248,551.0,4.5,303.0,,1,1,2,0,2026-09-15 00:00:00,231.12,,False,0.0,3
p15846576,C057439,ALBION,ALBION (Beauty),ALBION賦活彈力緊致柔膚水S 200ml,302,,,,,0,1,2,0,2024-09-20 10:23:06,540.52,,False,,2
p15865816,C105946,祖瑪瓏,JO MALONE LONDON,JO MALONE祖瑪瓏香水馥鬱系列 柏木與葡萄藤香型 50ML,1165,,,,,0,1,10,0,2026-02-02 11:02:18,1085.69,,False,,0
p15857995,E1134196,蔻依,Chloe,CHLOE蔻依女士單肩背包CHC22AS571H9526X,5850,19500.0,3.0,13650.0,,1,1,1,0,2026-09-15 00:00:00,5451.77,,False,0.0,3
p15858254,C111517,紀梵希,Givenchy,GIVENCHY紀梵希紳士極端香水,900,,,,,0,1,6,0,2026-09-15 15:42:36,838.73,,False,,0
p15858503,E1004583,蔻依,Chloe,CHLOE蔻依女士單肩背包CHC22SS153G3127S,4890,16300.0,3.0,11410.0,,1,1,,0,2026-09-15 00:00:00,4557.12,,False,0.0,3
p15858527,E0073922,莫傑,MARC JACOBS,MARC JACOBS馬克綺布女士包帶M0014087-273-1SZ,315,1050.0,3.0,735.0,,1,1,,0,2026-09-15 00:00:00,293.56,,False,0.0,3
p15864381,C113661,卡爾文·克雷恩,CALVIN KLEIN,CK ONE香水 100ml,620,,,,,0,1,8,0,2024-07-31 11:17:23,577.79,,False,,0
p15858660,E1654899,寶麗萊,Polaroid,POLAROID寶麗萊太陽鏡207307KJ160WJ,930,,,,,0,1,3,0,2025-07-03 11:45:14,866.69,,False,,0
p15858664,E1654910,寶麗萊,Polaroid,POLAROID寶麗萊太陽鏡20730700360M9,930,,,,,0,1,2,0,2025-07-03 11:45:15,866.69,,False,,0
p15737670,C045113,魅可,MAC,MAC魅可24小時持久遮瑕乳7ML,153,280.0,6.5,127.0,,1,1,14,0,2026-09-15 00:00:00,142.58,,False,0.0,3
p15737777,C039509,莫傑,MARC JACOBS,MARC JACOBS莫傑雛菊摯愛女士淡香氛50mL,775,,,,,0,1,6,0,2024-09-20 10:21:22,722.24,,False,,0
p15736209,C019337,CLINIQUE,CLINIQUE (Beauty),CLINIQUE倩碧水嫩保濕夜間滋養面膜 100ml,390,,,,,0,1,7,0,2024-09-20 10:21:01,363.45,,False,,0
p15736240,C023847,芭比波朗,BOBBI BROWN,BOBBI BROWN芭比波朗繽紛唇頰霜#6嫩玫紅0.13 oz/ 3.8 ml,169,310.0,5.5,141.0,,1,1,8,0,2026-09-15 00:00:00,157.5,,False,0.0,3
p15736354,C030018,祖瑪瓏,JO MALONE LONDON,JO MALONE祖·瑪瓏黑石榴潤膚乳液250ml,545,,,,,0,1,4,0,2025-09-22 15:16:04,507.9,,False,,0
p15736389,C043974,希思黎,SISLEY PARIS,sisley希思黎抗皺禦致淡紋精華乳30ml,2470,,,,,0,1,6,0,2026-09-15 15:02:00,3709.07,,False,,2
p15736407,C031753,魅可,MAC,MAC魅可感光粉底液按壓嘴,19,35.0,5.4,16.0,,1,1,9,0,2026-09-15 00:00:00,17.71,,False,0.0,3
p15737544,C030071,祖瑪瓏,JO MALONE LONDON,JO MALONE祖·瑪瓏香水(牡丹與胭紅麂絨香型)30毫升,348,640.0,5.4,292.0,,1,1,3,0,2026-09-15 00:00:00,324.31,,False,0.0,3
p15740803,C047065,博柏利,BURBERRY,BURBERRY博柏利英倫格調男士淡香水 50mL/100mL,525,,,,,0,1,,0,2024-08-22 18:59:52,489.26,,False,,0
p15736209,C019337,CLINIQUE,CLINIQUE (Beauty),CLINIQUE倩碧水嫩保濕夜間滋養面膜 100ml,390,,,,,0,1,7,0,2024-09-20 10:21:01,363.45,,False,,0
p15736240,C023847,芭比波朗,BOBBI BROWN,BOBBI BROWN芭比波朗繽紛唇頰霜#6嫩玫紅0.13 oz/ 3.8 ml,169,310.0,5.5,141.0,,1,1,8,0,2026-09-15 00:00:00,157.5,,False,0.0,3
p15736354,C030018,祖瑪瓏,JO MALONE LONDON,JO MALONE祖·瑪瓏黑石榴潤膚乳液250ml,545,,,,,0,1,4,0,2025-09-22 15:16:04,507.9,,False,,0
p15736389,C043974,希思黎,SISLEY PARIS,sisley希思黎抗皺禦致淡紋精華乳30ml,2470,,,,,0,1,6,0,2026-09-15 15:02:00,3709.07,,False,,2
p15736407,C031753,魅可,MAC,MAC魅可感光粉底液按壓嘴,19,35.0,5.4,16.0,,1,1,9,0,2026-09-15 00:00:00,17.71,,False,0.0,3
p15735875,C031054,伊麗莎白·雅頓,ELIZABETH ARDEN,Elizabeth Arden伊麗莎白雅頓鉑粹禦膚肌活露 140ml,350,636.0,5.5,286.0,,1,1,4,0,2026-09-15 00:00:00,326.17,,False,0.0,3
p15736518,C020266,倩碧,CLINIQUE,CLINIQUE倩碧完美調色粉底液 65 neutral(M-G) 30ml,295,,,,,0,1,,0,2025-02-25 15:56:13,274.92,,False,,0
p15865816,C105946,祖瑪瓏,JO MALONE LONDON,JO MALONE祖瑪瓏香水馥鬱系列 柏木與葡萄藤香型 50ML,1165,,,,,0,1,10,0,2026-02-02 11:02:18,1085.69,,False,,0
p15870774,E1678403,寶麗萊,Polaroid,POLAROID寶麗萊太陽鏡20670008657UC,690,,,,,0,1,2,0,2025-03-21 13:48:58,643.03,,False,,0
p15871567,C114047,蘭蔻,LANCOME,LANCOME蘭蔻柔霧腮紅-02,236,395.0,6.0,159.0,,1,1,13,0,2026-09-15 00:00:00,219.93,,False,0.0,3
p15871722,C114899,伊麗莎白·雅頓,ELIZABETH ARDEN,ELIZABETH ARDEN伊麗莎白·雅頓八小時日常身體潤膚乳380ml,355,,,,,0,1,8,0,2026-09-15 15:02:24,330.83,,False,,0
p15864381,C113661,卡爾文·克雷恩,CALVIN KLEIN,CK ONE香水 100ml,620,,,,,0,1,8,0,2024-07-31 11:17:23,577.79,,False,,0
p15869516,C111519,紀梵希,Givenchy,GIVENCHY紀梵希高定豐盈睫毛膏-8G,220,,,,,0,1,7,0,2024-11-13 17:06:26,205.02,,False,,0
p15878941,C044260,碧歐泉,BIOTHERM,BIOTHERM 碧歐泉護膚精華眼霜 15ml,400,670.0,6.0,270.0,,1,1,15,0,2026-09-15 00:00:00,372.77,,False,0.0,3
p15881889,C115041,悦木之源,ORIGINS,Origins 悅木之源蘋果肌青春肌底液100ml,199,320.0,6.2,121.0,,1,1,4,0,2026-09-15 00:00:00,185.45,,False,0.0,3
p15881900,C115096,魅可,MAC,MAC魅可新經典緞光唇膏835-中性粉紅 MODESTY,190,,,,,0,1,2,0,2025-03-03 14:03:33,177.07,,False,,0
p15881902,C115064,魅可,MAC,MAC魅可新經典緞光唇膏819- 奶油紫梅色 REBEL,190,,,,,0,1,3,0,2026-03-27 11:37:54,177.07,,False,,0
p15882435,C116201,倩碧,CLINIQUE,Clinique倩碧修護防曬乳30ml,190,340.0,5.6,150.0,,1,1,5,0,2026-09-15 00:00:00,177.07,,False,0.0,3
p15883543,C116335,嬌韻詩,CLARINS,Clarins嬌韻詩水漾精華粉底液-103N 30ml,246,,,,,0,1,1,0,2025-03-28 10:07:56,382.09,,False,,2
p15887951,C116946,古馳,Gucci,Gucci古馳CHRYLS香水50ML-IV,609,,,,,0,1,,0,2025-04-25 14:55:30,1090.35,,False,,2
p15897431,C117856,儀式,RITUALS,RITUALS櫻花儀式香薰蠟燭,171,285.0,6.0,114.0,,1,1,5,0,2026-09-15 00:00:00,159.36,,False,0.0,3
p15900691,C119408,古馳,Gucci,Gucci古馳柔焦凝光粉餅02號色,338,,,,,0,1,1,0,2025-08-27 14:47:53,605.75,,False,,2
p15900704,C120023,巴黎歐萊雅,L'OREAL PARIS,L`oreal歐萊雅抗老護膚套裝,382,615.0,6.2,233.0,,1,1,,0,2026-09-15 00:00:00,356.0,,False,0.0,3
p15943247,C120924,歐舒丹,L'OCCITANE,L’occitane歐舒丹格拉斯橙花香淡香氛50ml,354,,,,,0,1,3,0,2026-09-15 15:03:21,549.84,,False,,2
p15946065,C119814,紀梵希,Givenchy,GIVENCHY紀梵希黑能臻萃晚霜50ML,2723,3630.0,7.5,907.0,,1,1,,0,2026-09-15 00:00:00,2537.63,,False,0.0,3
p16117437,C118752,魅可,MAC,MAC魅可空氣唇蜜5ml,190,,,,,0,1,,0,2026-09-15 15:03:45,177.07,,False,,0
p16117439,C117639,魅可,MAC,MAC魅可定制無瑕粉餅N4,340,,,,,0,1,,0,2026-08-05 11:43:47,316.85,,False,,0
p16118965,C125694,紀梵希,Givenchy,GIVENCHY紀梵希高定緞光唇膏R15,296,370.0,8.0,74.0,,1,1,,0,2026-09-15 00:00:00,275.85,,False,0.0,3
p16118967,C125693,紀梵希,Givenchy,GIVENCHY紀梵希高定緞光唇膏P21,296,370.0,8.0,74.0,,1,1,,0,2026-09-15 00:00:00,275.85,,False,0.0,3
p16118969,C125703,紀梵希,Givenchy,GIVENCHY紀梵希高定緞光唇膏N05,296,370.0,8.0,74.0,,1,1,,0,2026-09-15 00:00:00,275.85,,False,0.0,3
p16119446,C125691,紀梵希,Givenchy,GIVENCHY紀梵希高定緞光唇膏R37,296,370.0,8.0,74.0,,1,1,,0,2026-09-15 00:00:00,275.85,,False,0.0,3
p16119447,C125704,紀梵希,Givenchy,GIVENCHY紀梵希高定緞光唇膏N19,296,370.0,8.0,74.0,,1,1,,0,2026-09-15 00:00:00,275.85,,False,0.0,3
p16119449,C125696,紀梵希,Givenchy,GIVENCHY紀梵希高定緞光唇膏P22,296,370.0,8.0,74.0,,1,1,,0,2026-09-15 00:00:00,275.85,,False,0.0,3
p16119452,C125700,紀梵希,Givenchy,GIVENCHY紀梵希高定緞光唇膏N18,296,370.0,8.0,74.0,,1,1,,0,2026-09-15 00:00:00,275.85,,False,0.0,3
p16119457,C125692,紀梵希,Givenchy,GIVENCHY紀梵希高定緞光唇膏P24,296,370.0,8.0,74.0,,1,1,,0,2026-09-15 00:00:00,275.85,,False,0.0,3
p16095836,C125192,喬治阿瑪尼,GIORGIO ARMANI,Giorgio Armani阿瑪尼自我無界裸感綻放 淡香精 50毫升,972,1215.0,8.0,243.0,,1,1,,0,2026-09-15 00:00:00,905.83,,False,0.0,3
p16096611,C125689,紀梵希,Givenchy,GIVENCHY紀梵希心無禁忌冰靈水仙香香水 50ML,860,1075.0,8.0,215.0,,1,1,,0,2026-09-15 00:00:00,801.46,,False,0.0,3
p16108836,C122121,博柏利,BURBERRY,Burberry博柏利女士淡香精50ml,761,,,,,0,1,,0,2026-09-08 14:49:47,1090.35,,False,,2
p16110069,C126291,嬌蘭,GUERLAIN,Guerlain嬌蘭26金鑽粉底液0C,790,,,,,0,1,,0,2026-08-27 13:34:15,736.22,,False,,0
p15881900,C115096,魅可,MAC,MAC魅可新經典緞光唇膏835-中性粉紅 MODESTY,190,,,,,0,1,2,0,2025-03-03 14:03:33,177.07,,False,,0
p15871567,C114047,蘭蔻,LANCOME,LANCOME蘭蔻柔霧腮紅-02,236,395.0,6.0,159.0,,1,1,13,0,2026-09-15 00:00:00,219.93,,False,0.0,3
p15871722,C114899,伊麗莎白·雅頓,ELIZABETH ARDEN,ELIZABETH ARDEN伊麗莎白·雅頓八小時日常身體潤膚乳380ml,355,,,,,0,1,8,0,2026-09-15 15:02:24,330.83,,False,,0
p15869516,C111519,紀梵希,Givenchy,GIVENCHY紀梵希高定豐盈睫毛膏-8G,220,,,,,0,1,7,0,2024-11-13 17:06:26,205.02,,False,,0
p15870774,E1678403,寶麗萊,Polaroid,POLAROID寶麗萊太陽鏡20670008657UC,690,,,,,0,1,2,0,2025-03-21 13:48:58,643.03,,False,,0
p15881902,C115064,魅可,MAC,MAC魅可新經典緞光唇膏819- 奶油紫梅色 REBEL,190,,,,,0,1,3,0,2026-03-27 11:37:54,177.07,,False,,0
p15878941,C044260,碧歐泉,BIOTHERM,BIOTHERM 碧歐泉護膚精華眼霜 15ml,400,670.0,6.0,270.0,,1,1,15,0,2026-09-15 00:00:00,372.77,,False,0.0,3
p15943247,C120924,歐舒丹,L'OCCITANE,L’occitane歐舒丹格拉斯橙花香淡香氛50ml,354,,,,,0,1,3,0,2026-09-15 15:03:21,549.84,,False,,2
p15946065,C119814,紀梵希,Givenchy,GIVENCHY紀梵希黑能臻萃晚霜50ML,2723,3630.0,7.5,907.0,,1,1,,0,2026-09-15 00:00:00,2537.63,,False,0.0,3
p15922113,C101156,希思黎,SISLEY PARIS,Sisley 希思黎星燦啞光防水眼線筆1號 0.3g,267,,,,,0,1,1,0,2025-12-18 14:26:58,400.73,,False,,2
p15894567,E1678345,莫傑,MARC JACOBS,MARC JACOBS馬克雅克布太陽鏡20695900353IR,1800,,,,,0,1,,0,2025-07-03 11:45:15,1677.47,,False,,0
p15894578,E1654914,寶麗萊,Polaroid,POLAROID寶麗來太陽鏡207306J5G59M9,930,,,,,0,1,,0,2025-07-03 11:45:15,866.69,,False,,0
p15894595,E1614797,寶麗萊,Polaroid,POLAROID寶麗來太陽鏡20633280755M9,690,,,,,0,1,1,0,2025-07-03 11:45:15,643.03,,False,,0
p15894596,E1189997,凱特·絲蓓,KATE SPADE,KATE SPADE凱特·絲蓓太陽鏡 205498JBW56I4,1290,,,,,0,1,1,0,2025-07-03 11:45:15,1202.18,,False,,0
p15895008,E1678372,莫傑,MARC JACOBS,MARC JACOBS馬克雅克布太陽鏡2064372LF54HA,1530,,,,,0,1,,0,2025-07-03 11:45:15,1425.85,,False,,0
p15895009,E1678399,莫傑,MARC JACOBS,MARC JACOBS馬克雅克布太陽鏡20696208A549O,1350,,,,,0,1,,0,2025-07-03 11:45:15,1258.1,,False,,0
p15895014,E1678079,寶麗萊,Polaroid,POLAROID寶麗來太陽鏡207306KJ159Z7,930,,,,,0,1,,0,2025-07-03 11:45:15,866.69,,False,,0
p15890288,C115750,博柏利,BURBERRY,Burberry博柏利之吻倫敦臻霧啞光唇釉86  Darjeeling 6 ML,177,,,,,0,1,,0,2025-05-16 14:21:19,316.85,,False,,2
p15891082,C117509,紀梵希,Givenchy,GIVENCHY 紀梵希心無禁忌馥鬱香氛-80ML,780,1300.0,6.0,520.0,,1,1,,0,2026-09-15 00:00:00,726.9,,False,0.0,3
p15891093,C118375,喬治阿瑪尼,GIORGIO ARMANI,Giorgio Armani 喬治阿瑪尼液體眼影-22M 3.9ml,330,,,,,0,1,3,0,2025-05-28 11:34:13,307.54,,False,,0
p15952579,E10356166,奧克利,OAKLEY,OAKLEY奧克利太陽鏡 0OO407940794959,2360,,,,,0,1,,0,2026-04-02 14:05:59,2199.35,,False,,0
p15952671,C121273,茵芙莎,IPSA,IPSA茵芙莎光透充盈組合7-175ml,318,,,,,0,1,3,0,2026-03-10 10:12:30,493.92,,False,,2
p16068154,C122726,赫蓮娜,HELENA RUBINSTEIN,HR赫蓮娜至美琉光恒采密集煥顏精華油30ml,2500,,,,,0,1,,0,2026-09-15 15:03:39,2329.82,,False,,0
p16069843,C124510,古馳,Gucci,Gucci古馳罪愛男士淡香水雙支套裝50ml*2,670,,,,,0,1,1,0,2026-09-15 15:03:39,959.88,,False,,2
p16086987,C121600,湯姆福特,TOM FORD,Tom Ford湯姆福特奢光柔潤氣墊粉底液2.5 12g,655,,,,,0,1,,0,2026-09-08 15:48:08,610.41,,False,,0
p16086995,C123171,祖瑪瓏,JO MALONE LONDON,Jo Malone祖瑪瓏香水馥鬱系列（琥珀與勞丹脂香型） 100ml,1685,,,,,0,1,,0,2026-07-30 16:20:22,1570.3,,False,,0
p16087353,C121843,悦木之源,ORIGINS,Origins悅木之源美白淡斑防曬隔離精華乳 30.00 ml,297,495.0,297.0,198.0,,1,1,,0,2026-09-18 00:00:00,276.78,,False,0.0,3
p16091947,C119451,雨果,HUGO,Hugo Boss博斯非凡紳士香氛100ml,773,1030.0,7.5,257.0,,1,1,,0,2026-09-15 00:00:00,720.38,,False,0.0,3
p16091955,C123420,紀梵希,Givenchy,GIVENCHY紀梵希傾城固體香膏,338,450.0,7.5,112.0,,1,1,,0,2026-09-15 00:00:00,314.99,,False,0.0,3
p16091959,C123423,紀梵希,Givenchy,GIVENCHY紀梵希高定甜潤精萃唇油10 7.5ml,345,,,,,0,1,,0,2026-09-15 15:03:53,321.51,,False,,0
p16094205,C123190,祖瑪瓏,JO MALONE LONDON,Jo Malone祖瑪瓏香水（黑莓與月桂葉香型）30ml【無盒】,640,,,,,0,1,,0,2026-09-08 14:49:46,596.43,,False,,0
p16094857,C125256,蘭嘉絲汀,Lancaster,Lancaster蘭嘉絲汀完美防曬空氣感日常隱形防曬液SPF50 煥采精華，40毫升（1.3盎司）,405,,,,,0,1,2,0,2026-07-30 16:20:24,377.43,,False,,0
p16095247,C115359,博柏利,BURBERRY,BURBERRY博柏利英倫小姐水漾唇膏604,228,,,,,0,1,,0,2026-07-02 11:26:40,326.17,,False,,2
p16095257,C125248,卡爾文·克雷恩,CALVIN KLEIN,Calvin Klein卡爾文·克萊恩透感蜜桃中性髮體香水噴霧100毫升,172,215.0,8.0,43.0,,1,1,,0,2026-09-15 00:00:00,160.29,,False,0.0,3
p16095261,C125253,卡爾文·克雷恩,CALVIN KLEIN,Calvin Klein卡爾文·克萊恩 中性髮體香水噴霧100毫升,172,215.0,8.0,43.0,,1,1,,0,2026-09-15 00:00:00,160.29,,False,0.0,3
p16095825,C125710,聖羅蘭,YSL,YSL聖羅蘭黑管絨霧唇釉239 5.5ml,390,,,,,0,1,,0,2026-09-15 15:03:46,363.45,,False,,0
p16095833,C125661,植村秀,SHU UEMURA,shu uemura植村秀行雲流影多用彩妝棒 氛圍珊瑚,228,285.0,8.0,57.0,,1,1,,0,2026-09-15 00:00:00,212.48,,False,0.0,3
p15892514,C118927,紀梵希,Givenchy,Givenchy 紀梵希紳士雅集琥珀調香水100ML,771,1185.0,6.5,414.0,,1,1,,0,2026-09-15 00:00:00,718.51,,False,0.0,3
p15894213,C118147,伊麗莎白·雅頓,ELIZABETH ARDEN,Elizabeth Arden伊莉莎白雅頓亮澤彈力霜50ml,341,620.0,5.5,279.0,,1,1,3,0,2026-09-15 00:00:00,317.79,,False,0.0,3
p15895904,C119807,聖羅蘭,YSL,YSL聖羅蘭黑管鏡面唇釉-444 5.5ML,390,,,,,0,1,3,0,2026-05-08 10:57:41,363.45,,False,,0
p15882435,C116201,倩碧,CLINIQUE,Clinique倩碧修護防曬乳30ml,190,340.0,5.6,150.0,,1,1,5,0,2026-09-15 00:00:00,177.07,,False,0.0,3
p15887951,C116946,古馳,Gucci,Gucci古馳CHRYLS香水50ML-IV,609,,,,,0,1,,0,2025-04-25 14:55:30,1090.35,,False,,2
p15892514,C118927,紀梵希,Givenchy,Givenchy 紀梵希紳士雅集琥珀調香水100ML,771,1185.0,6.5,414.0,,1,1,,0,2026-09-15 00:00:00,718.51,,False,0.0,3
p15894213,C118147,伊麗莎白·雅頓,ELIZABETH ARDEN,Elizabeth Arden伊莉莎白雅頓亮澤彈力霜50ml,341,620.0,5.5,279.0,,1,1,3,0,2026-09-15 00:00:00,317.79,,False,0.0,3
p15883543,C116335,嬌韻詩,CLARINS,Clarins嬌韻詩水漾精華粉底液-103N 30ml,246,,,,,0,1,1,0,2025-03-28 10:07:56,382.09,,False,,2
p15913049,C120600,喬治阿瑪尼,GIORGIO ARMANI,Giorgio Armani阿瑪尼魅力持色唇釉-260 4ml,380,,,,,0,1,1,0,2026-09-15 15:02:59,354.13,,False,,0
p15915110,C119611,博柏利,BURBERRY,Burberry博柏利女士淡香水三件套禮盒套裝100ml+75ml+10ml,765,,,,,0,1,2,0,2026-09-15 15:03:02,1584.27,,False,,2
p16117437,C118752,魅可,MAC,MAC魅可空氣唇蜜5ml,190,,,,,0,1,,0,2026-09-15 15:03:45,177.07,,False,,0
p16117439,C117639,魅可,MAC,MAC魅可定制無瑕粉餅N4,340,,,,,0,1,,0,2026-08-05 11:43:47,316.85,,False,,0
p16118965,C125694,紀梵希,Givenchy,GIVENCHY紀梵希高定緞光唇膏R15,296,370.0,8.0,74.0,,1,1,,0,2026-09-15 00:00:00,275.85,,False,0.0,3
p16118967,C125693,紀梵希,Givenchy,GIVENCHY紀梵希高定緞光唇膏P21,296,370.0,8.0,74.0,,1,1,,0,2026-09-15 00:00:00,275.85,,False,0.0,3
p16118969,C125703,紀梵希,Givenchy,GIVENCHY紀梵希高定緞光唇膏N05,296,370.0,8.0,74.0,,1,1,,0,2026-09-15 00:00:00,275.85,,False,0.0,3
p16119446,C125691,紀梵希,Givenchy,GIVENCHY紀梵希高定緞光唇膏R37,296,370.0,8.0,74.0,,1,1,,0,2026-09-15 00:00:00,275.85,,False,0.0,3
p16119447,C125704,紀梵希,Givenchy,GIVENCHY紀梵希高定緞光唇膏N19,296,370.0,8.0,74.0,,1,1,,0,2026-09-15 00:00:00,275.85,,False,0.0,3
p16119449,C125696,紀梵希,Givenchy,GIVENCHY紀梵希高定緞光唇膏P22,296,370.0,8.0,74.0,,1,1,,0,2026-09-15 00:00:00,275.85,,False,0.0,3
p16119452,C125700,紀梵希,Givenchy,GIVENCHY紀梵希高定緞光唇膏N18,296,370.0,8.0,74.0,,1,1,,0,2026-09-15 00:00:00,275.85,,False,0.0,3
p16119457,C125692,紀梵希,Givenchy,GIVENCHY紀梵希高定緞光唇膏P24,296,370.0,8.0,74.0,,1,1,,0,2026-09-15 00:00:00,275.85,,False,0.0,3
p16086987,C121600,湯姆福特,TOM FORD,Tom Ford湯姆福特奢光柔潤氣墊粉底液2.5 12g,655,,,,,0,1,,0,2026-09-08 15:48:08,610.41,,False,,0
p16086995,C123171,祖瑪瓏,JO MALONE LONDON,Jo Malone祖瑪瓏香水馥鬱系列（琥珀與勞丹脂香型） 100ml,1685,,,,,0,1,,0,2026-07-30 16:20:22,1570.3,,False,,0
p16087353,C121843,悦木之源,ORIGINS,Origins悅木之源美白淡斑防曬隔離精華乳 30.00 ml,297,495.0,297.0,198.0,,1,1,,0,2026-09-18 00:00:00,276.78,,False,0.0,3
p16091947,C119451,雨果,HUGO,Hugo Boss博斯非凡紳士香氛100ml,773,1030.0,7.5,257.0,,1,1,,0,2026-09-15 00:00:00,720.38,,False,0.0,3
p16091955,C123420,紀梵希,Givenchy,GIVENCHY紀梵希傾城固體香膏,338,450.0,7.5,112.0,,1,1,,0,2026-09-15 00:00:00,314.99,,False,0.0,3
p16091959,C123423,紀梵希,Givenchy,GIVENCHY紀梵希高定甜潤精萃唇油10 7.5ml,345,,,,,0,1,,0,2026-09-15 15:03:53,321.51,,False,,0
p16094205,C123190,祖瑪瓏,JO MALONE LONDON,Jo Malone祖瑪瓏香水（黑莓與月桂葉香型）30ml【無盒】,640,,,,,0,1,,0,2026-09-08 14:49:46,596.43,,False,,0
p16094857,C125256,蘭嘉絲汀,Lancaster,Lancaster蘭嘉絲汀完美防曬空氣感日常隱形防曬液SPF50 煥采精華，40毫升（1.3盎司）,405,,,,,0,1,2,0,2026-07-30 16:20:24,377.43,,False,,0
p16095247,C115359,博柏利,BURBERRY,BURBERRY博柏利英倫小姐水漾唇膏604,228,,,,,0,1,,0,2026-07-02 11:26:40,326.17,,False,,2
p16095257,C125248,卡爾文·克雷恩,CALVIN KLEIN,Calvin Klein卡爾文·克萊恩透感蜜桃中性髮體香水噴霧100毫升,172,215.0,8.0,43.0,,1,1,,0,2026-09-15 00:00:00,160.29,,False,0.0,3
p16095261,C125253,卡爾文·克雷恩,CALVIN KLEIN,Calvin Klein卡爾文·克萊恩 中性髮體香水噴霧100毫升,172,215.0,8.0,43.0,,1,1,,0,2026-09-15 00:00:00,160.29,,False,0.0,3
p16095825,C125710,聖羅蘭,YSL,YSL聖羅蘭黑管絨霧唇釉239 5.5ml,390,,,,,0,1,,0,2026-09-15 15:03:46,363.45,,False,,0
p16095833,C125661,植村秀,SHU UEMURA,shu uemura植村秀行雲流影多用彩妝棒 氛圍珊瑚,228,285.0,8.0,57.0,,1,1,,0,2026-09-15 00:00:00,212.48,,False,0.0,3
p16095836,C125192,喬治阿瑪尼,GIORGIO ARMANI,Giorgio Armani阿瑪尼自我無界裸感綻放 淡香精 50毫升,972,1215.0,8.0,243.0,,1,1,,0,2026-09-15 00:00:00,905.83,,False,0.0,3
p16096611,C125689,紀梵希,Givenchy,GIVENCHY紀梵希心無禁忌冰靈水仙香香水 50ML,860,1075.0,8.0,215.0,,1,1,,0,2026-09-15 00:00:00,801.46,,False,0.0,3
p16108836,C122121,博柏利,BURBERRY,Burberry博柏利女士淡香精50ml,761,,,,,0,1,,0,2026-09-08 14:49:47,1090.35,,False,,2
p16110069,C126291,嬌蘭,GUERLAIN,Guerlain嬌蘭26金鑽粉底液0C,790,,,,,0,1,,0,2026-08-27 13:34:15,736.22,,False,,0
p15941557,C119425,古馳,Gucci,Gucci古馳傾色絨霧唇膏132,254,,,,,0,1,2,0,2026-06-09 11:14:26,363.45,,False,,2
p15789337,C101060,蘭芝,LANEIGE,LANEIGE蘭芝水酷透明質酸嘭潤修護精華液  50ml,340,,,,,0,1,12,0,2024-07-31 11:48:49,316.85,,False,,0
p15765547,C100790,古馳,Gucci,GUCCI 古馳花悅女士淡香水,806,,,,,0,1,16,5,2024-07-31 11:45:25,857.37,,False,,2
p15743286,C054311,紀梵希,Givenchy,GIVENCHY紀梵希禁忌女士濃香水,582,1058.0,6.4,476.0,,1,1,6,0,2026-09-15 00:00:00,542.38,,False,0.0,3
p15743067,C038299,希思黎,SISLEY PARIS,sisley希思黎伊莎濃香水 100ml,1138,,,,,0,1,5,0,2024-07-31 11:39:00,1752.02,,False,,2
p15743126,C054941,古馳,Gucci,GUCCI  古馳美妝傾色雕繪塑唇筆,125,,,,,0,1,4,0,2025-05-28 10:23:24,223.66,,False,,2
p15743126,C054941,古馳,Gucci,GUCCI  古馳美妝傾色雕繪塑唇筆,125,,,,,0,1,4,0,2025-05-28 10:23:24,223.66,,False,,2
p15742816,C010950,倩碧,CLINIQUE,CLINIQUE倩碧卷翹睫毛膏-黑色 6ml,230,,,,,0,1,21,0,2026-03-30 15:19:45,214.34,,False,,0
p15742820,C054169,古馳,Gucci,GUCCI 古馳罪愛酷淡香水 90ml,806,,,,,0,1,3,0,2026-02-25 16:48:19,1155.59,,False,,2
p15743286,C054311,紀梵希,Givenchy,GIVENCHY紀梵希禁忌女士濃香水,582,1058.0,6.4,476.0,,1,1,6,0,2026-09-15 00:00:00,542.38,,False,0.0,3
p15742507,C043478,倩碧,CLINIQUE,CLINIQUE倩碧睫毛膏三支裝,550,,,,,0,1,2,0,2026-08-31 17:16:47,512.56,,False,,0
p15737152,C040437,汤姆福特,TOM FORD,TOM FORD 灰調沉香濃香水100ML/ 3.4FLOZ,1835,,,,,0,1,5,0,2024-07-31 11:15:09,1710.08,,False,,0
p15737170,C047907,祖瑪瓏,JO MALONE LONDON,JO MALONE祖·瑪瓏香水（虞美人與大麥香型)30ML,348,640.0,5.4,292.0,,1,1,5,0,2026-09-15 00:00:00,324.31,,False,0.0,3
p15737346,C047986,湯姆福特,TOM FORD,TOM FORD 至奢賦活精華面霜50ml/ 1.7 fl.OZ,1957,3155.0,6.2,1198.0,,1,1,,5,2026-09-15 00:00:00,1823.78,,False,0.0,3
p15736929,C101132,雅詩蘭黛,ESTEE LAUDER,ESTEE LAUDER 雅詩蘭黛白金級奢寵光璨氣墊粉底液21（一個盒+兩個芯）,1060,,,,,0,1,11,0,2025-08-07 12:58:53,987.84,,False,,0
p15736969,C039737,魅可,MAC,MAC魅可柔彩礦質腮紅207 4g,265,,,,,0,1,7,0,2024-07-31 11:15:42,246.96,,False,,0
p15737019,C039029,芭比布朗,BOBBI BROWN,BOBBI BROWN芭比波朗炙戀唇膏4號,141,270.0,5.2,129.0,,1,1,1,0,2026-09-15 00:00:00,131.4,,False,0.0,3
p15737090,C032645,祖瑪瓏,JO MALONE LONDON,JO MALONE祖·瑪瓏香水(含羞草與小豆蔻香型)30ml,342,640.0,5.3,298.0,,1,1,18,0,2026-09-15 00:00:00,318.72,,False,0.0,3
p15740226,C035212,希思黎,SISLEY PARIS,sisley希思黎修活防曬隔離乳SPF30 40ml,845,,,,,0,1,2,0,2024-07-31 11:29:43,1258.1,,False,,2
p15741978,C056247,凯利安,KILIAN,Kilian凱利安天堂月光濃香水 50ml,1582,,,,,0,1,2,0,2024-07-31 11:42:02,2106.15,,False,,2
p15741342,C031414,碧歐泉,BIOTHERM,BIOTHERM 碧歐泉男士城市防護隔離霜 30ml 舊包裝隨機髮貨,500,,,,,0,1,13,0,2024-07-31 11:34:47,465.96,,False,,0
p15741371,C049341,魅可,MAC,MAC魅可時尚焦點小眼影 13號（單芯）,110,,,,,0,1,3,0,2026-08-31 17:16:43,102.51,,False,,0
p15739534,C009319,倩碧,CLINIQUE,CLINIQUE倩碧清爽液體潔面皂   /洗面奶(混合偏油至油性肌膚)   200ML,215,,,,,0,1,10,0,2025-07-24 10:21:36,200.36,,False,,0
p15739560,C010519,雅詩蘭黛,ESTEE LAUDER,ESTEE LAUDER  雅詩蘭黛 Double Wear 凝彩纖長睫毛膏 6ml 黑色,355,,,,,0,1,22,0,2024-08-01 10:13:48,330.83,,False,,0
p15741476,C052372,莫傑,MARC JACOBS,MARC JACOBS莫傑 玩美女性淡香精 50ml,860,,,,,0,1,6,0,2024-09-20 10:21:39,801.46,,False,,0
p15792914,C056363,古馳,Gucci,GUCCI古馳罪愛燃情女士淡香精 50ml,480,,,,,0,1,3,0,2025-05-28 10:23:24,1043.76,,False,,2
p15737152,C040437,汤姆福特,TOM FORD,TOM FORD 灰調沉香濃香水100ML/ 3.4FLOZ,1835,,,,,0,1,5,0,2024-07-31 11:15:09,1710.08,,False,,0
p15737170,C047907,祖瑪瓏,JO MALONE LONDON,JO MALONE祖·瑪瓏香水（虞美人與大麥香型)30ML,348,640.0,5.4,292.0,,1,1,5,0,2026-09-15 00:00:00,324.31,,False,0.0,3
p15737346,C047986,湯姆福特,TOM FORD,TOM FORD 至奢賦活精華面霜50ml/ 1.7 fl.OZ,1957,3155.0,6.2,1198.0,,1,1,,5,2026-09-15 00:00:00,1823.78,,False,0.0,3
p15735736,C027420,理膚泉,LA ROCHE-POSAY,LA ROCHE POSAY理膚泉舒緩調理溫泉水噴霧 300ml,105,140.0,7.5,35.0,,1,1,8,0,2026-09-15 00:00:00,97.85,,False,0.0,3
p15736720,C030025,祖玛珑,JO MALONE LONDON,JO MALONE祖·瑪瓏潤膚乳霜(鼠尾草與海鹽香型),400,725.0,5.5,325.0,,1,1,17,0,2026-09-15 00:00:00,372.77,,False,0.0,3
p15736929,C101132,雅詩蘭黛,ESTEE LAUDER,ESTEE LAUDER 雅詩蘭黛白金級奢寵光璨氣墊粉底液21（一個盒+兩個芯）,1060,,,,,0,1,11,0,2025-08-07 12:58:53,987.84,,False,,0
p15843593,C110034,古馳,Gucci,GUCCI古馳罪愛聖水女士香水 60ml,949,,,,,0,1,3,0,2025-12-24 17:07:31,1360.61,,False,,2
p15845262,C109648,悦木之源,ORIGINS,ORIGINS悅木之源森意盎然手部身體保濕柔膚乳（雪松茉莉香調） 75ml,114,190.0,114.0,76.0,,1,1,4,0,2026-09-18 00:00:00,106.24,,False,0.0,3
p15864125,C112173,湯姆福特,TOM FORD,TOM FORD湯姆福特輕透柔霧持妝粉底液0.4,705,,,,,0,1,6,0,2026-02-25 16:48:23,657.01,,False,,0
p15858307,E1654916,寶麗萊,Polaroid,POLAROID寶麗萊太陽鏡20733040G65Z7,355,930.0,3.8,575.0,,1,1,,0,2026-09-15 00:00:00,330.83,,False,0.0,3
p15858312,E1654890,寶麗萊,Polaroid,POLAROID寶麗萊太陽鏡207335KB764M9,930,,,,,0,1,2,0,2025-07-03 11:45:14,866.69,,False,,0
p15865804,C112780,魅可,MAC,MAC魅可睫毛膏 12ML,280,,,,,0,1,3,0,2026-02-25 16:48:23,260.94,,False,,0
p15830364,C105794,雅诗兰黛,ESTEE LAUDER,ESTEE LAUDER雅詩蘭黛鮮活亮采保濕霜 50ML,645,,,,,0,1,6,5,2024-07-31 11:54:49,601.09,,False,,0
p15828383,C106519,紀梵希,Givenchy,GIVENCHY紀梵希紳士雅集濃香水100ml,1102,,,,,0,1,5,0,2024-07-31 11:54:45,1026.98,,False,,0
p15824800,C102696,雅詩蘭黛,ESTEE LAUDER,ESTEE LAUDER雅詩蘭黛白金級奢寵光璨精華粉底液兩支裝30ml*2,1730,,,,,0,1,34,0,2026-09-15 15:37:14,1612.23,,False,,0
p16091952,C105860,博柏利,BURBERRY,Burberry博柏利卓越持妝柔霧粉底液W30 30ml,351,,,,,0,1,,0,2026-06-16 14:25:15,503.24,,False,,2
p16092334,C119446,古馳,Gucci,Gucci古馳傾色水漾唇蜜415 6.5ml,228,,,,,0,1,,0,2026-09-15 15:03:55,326.17,,False,,2
p16094859,C119433,古馳,Gucci,Gucci古馳柔霧持妝氣墊粉底液03,496,,,,,0,1,,0,2026-07-07 16:06:46,577.79,,False,,2
p16094863,C122105,莫傑,MARC JACOBS,Marc Jacobs莫傑綠野仙蹤漫野香水（雛菊造型系列）100ml,1430,,,,,0,1,,0,2026-07-01 14:20:01,1332.65,,False,,0
p16094865,C122089,古馳,Gucci,Gucci古馳花之舞女性香氛禮物套裝100ml+10ml,1027,,,,,0,1,,0,2026-09-15 15:03:55,1472.44,,False,,2
p16095250,C119727,蔻依,Chloe,Chloe蔻依戀旅埃及花園女士香水75毫升（2.5盎司）,1415,,,,,0,1,,0,2026-07-02 11:26:40,1318.68,,False,,0
p16095256,C122093,古馳,Gucci,Gucci古馳花之舞女性淡香精 Gorgeous Orchid Intense 50ml,1304,,,,,0,1,,0,2026-07-30 16:20:24,1519.04,,False,,2
p16095258,C125252,卡爾文·克雷恩,CALVIN KLEIN,Calvin Klein卡爾文·克萊恩棉麝香中性髮體香水噴霧100毫升,172,215.0,8.0,43.0,,1,1,,0,2026-09-15 00:00:00,160.29,,False,0.0,3
p16095824,C125684,聖羅蘭,YSL,YSL聖羅蘭黑管絨霧唇釉238 5.5ml,390,,,,,0,1,,0,2026-09-15 15:03:56,363.45,,False,,0
p16086991,C123155,祖瑪瓏,JO MALONE LONDON,Jo Malone祖瑪瓏男士沐浴露（柏木與葡萄藤香型） 200ml（無盒）,324,405.0,8.0,81.0,,1,1,,0,2026-09-15 00:00:00,301.94,,False,0.0,3
p16086997,C123180,祖瑪瓏,JO MALONE LONDON,Jo Malone祖瑪瓏香水馥鬱系列（琥珀與勞丹脂香型） 50ml,1175,,,,,0,1,,0,2026-07-30 16:20:23,1095.01,,False,,0
p16087356,C123169,祖瑪瓏,JO MALONE LONDON,Jo Malone祖瑪瓏香水（英國梨與香豌豆香型） 100ml,1355,,,,,0,1,,0,2026-07-30 16:20:22,1262.76,,False,,0
p16119455,C121455,紀梵希,Givenchy,GIVENCHY紀梵希修顏緊致眼部乳霜15ml,870,,,,,0,1,,0,2026-09-15 15:03:59,810.78,,False,,0
p16119830,C125701,紀梵希,Givenchy,GIVENCHY紀梵希高定潤唇膏10,288,360.0,8.0,72.0,,1,1,,0,2026-09-15 00:00:00,268.39,,False,0.0,3
p16126445,C115270,芭比布朗,BOBBI BROWN,Bobbi Brown芭比波朗清透持妝粉底液N052 NATURAL 30ml 混油皮,480,,,,,0,1,2,0,2026-08-28 12:16:26,447.32,,False,,0
p16127824,C121271,茵芙莎,IPSA,IPSA茵芙莎自律光透美肌乳4 175ml【本品不含泵頭，需單獨購買】,510,,,,,0,1,,0,2026-09-04 16:09:23,475.28,,False,,0
p16096265,C125194,喬治阿瑪尼,GIORGIO ARMANI,Giorgio Armani阿瑪尼紅色摯愛淡香精 50毫升,972,1215.0,8.0,243.0,,1,1,,0,2026-09-15 00:00:00,905.83,,False,0.0,3
p16097051,C124934,紀梵希,Givenchy,GIVENCHY紀梵希紳士運動香水  60ml,656,820.0,8.0,164.0,,1,1,,0,2026-09-15 00:00:00,611.34,,False,0.0,3
p16109745,C126024,嬌蘭,GUERLAIN,Guerlain嬌蘭帝皇蜂姿蜜護日霜與晚霜組合100ml,2520,,,,,0,1,,0,2026-09-15 15:03:45,2348.45,,False,,0
p16116460,C121598,湯姆福特,TOM FORD,TOM FORD湯姆福特奢光柔潤氣墊粉底液 2.0,655,,,,,0,1,,0,2026-08-05 11:43:46,610.41,,False,,0
p15952674,C121267,茵芙莎,IPSA,IPSA茵芙莎光透充盈組合6-175ml,318,,,,,0,1,2,0,2026-03-10 10:12:30,493.92,,False,,2
p15915991,C118780,魅可,MAC,MAC魅可唇線筆-MAC魅可新經典啞光唇膏套裝,240,,,,,0,1,1,0,2025-12-03 11:32:18,223.66,,False,,0
p15921819,C121508,希思黎,SISLEY PARIS,Sisley 希思黎抗皺修活防曬乳‌‌50ml,1300,,,,,0,1,1,0,2026-09-15 15:03:14,1957.04,,False,,2
p15922112,C057450,奧碧虹,ALBION,ALBION澳爾濱雅思臻顏賦活再生潔面乳 150ml,293,,,,,0,1,2,0,2025-12-23 17:05:45,419.37,,False,,2
p15941388,C119420,古馳,Gucci,Gucci古馳傾色絨霧唇膏530,254,,,,,0,1,,0,2026-06-09 11:14:26,363.45,,False,,2
p15941561,C119475,博柏利,BURBERRY,Burberry博柏利英倫小姐水霧液體唇膏筆93 3ml,208,,,,,0,1,,0,2026-09-15 15:03:23,298.22,,False,,2
p15942683,C120119,聖羅蘭,YSL,YSL聖羅蘭全新細管口紅 23,390,,,,,0,1,2,0,2026-01-20 14:23:22,363.45,,False,,0
p15943010,C118379,蘭蔻,LANCOME,Lancome蘭蔻菁純卓越賦活修護四件套150ml+60ml+20ml+50ml,3808,5600.0,6.8,1792.0,,1,1,,0,2026-09-15 00:00:00,3548.77,,False,0.0,3
p15947763,C120328,魅可,MAC,MAC魅可新經典啞光唇膏609,190,,,,,0,1,,0,2026-02-12 17:01:56,177.07,,False,,0
p15947764,C120317,湯姆福特,TOM FORD,Tom Ford湯姆福特香水（赤裸玫瑰香型） 30ML,1520,,,,,0,1,1,0,2026-02-12 17:01:57,1416.53,,False,,0
p15948002,C120828,希思黎,SISLEY PARIS,Sisley希思黎男士賦活淨澈潔面啫喱 125ML,525,,,,,0,1,,0,2026-02-10 15:06:48,698.94,,False,,2
p15948786,C049325,魅可,MAC,MAC魅可焦點小眼影RFK,61,110.0,5.5,49.0,,1,1,,0,2026-09-15 00:00:00,56.85,,False,0.0,3
p15948822,C122374,古馳,Gucci,Gucci古馳罪愛套組90ml+75ml,670,,,,,0,1,1,0,2026-09-15 15:03:38,959.88,,False,,2
p15948824,C121629,雅詩蘭黛,ESTEE LAUDER,Estee Lauder雅詩蘭黛輕透持妝粉底液3N1 30ml,460,,,,,0,1,,0,2026-09-15 15:03:29,428.69,,False,,0
p15946970,C121784,魅可,MAC,MAC魅可豐盈唇蜜02 5ml,190,,,,,0,1,,0,2026-09-15 15:03:23,177.07,,False,,0
p15946976,C121820,魅可,MAC,MAC魅可新絲緞柔霧液體唇膏975 5ml,215,,,,,0,1,,0,2026-09-15 15:03:14,200.36,,False,,0
p15947275,C121818,魅可,MAC,MAC魅可新絲緞柔霧液體唇膏987 5ml,215,,,,,0,1,,0,2026-09-15 15:03:26,200.36,,False,,0
p15947283,C121845,魅可,MAC,MAC魅可限定眼彩多用盤801,310,,,,,0,1,,0,2026-05-20 15:47:24,288.9,,False,,0
p15947297,C121908,魅可,MAC,MAC魅可胭脂套裝4.3ml*2,385,,,,,0,1,,0,2026-09-15 15:03:26,358.79,,False,,0
p15947311,C118829,祖瑪瓏,JO MALONE LONDON,Jo Malone祖瑪瓏香水馥鬱系列100ml（琥珀與勞丹脂香型）（無包裝盒）,1685,,,,,0,1,,0,2026-09-15 15:03:14,1570.3,,False,,0
p15947313,C121803,魅可,MAC,MAC魅可新絲緞柔霧液體唇膏983 5ml,215,,,,,0,1,,0,2026-09-15 15:03:22,200.36,,False,,0
p15916354,C116294,魅可,MAC,MAC魅可晶瑩沁透氣墊粉底液 NC25,380,,,,,0,1,2,0,2026-01-29 16:42:07,354.13,,False,,0
p15916497,C119094,喬治阿瑪尼,GIORGIO ARMANI,Giorgio Armani阿瑪尼極致再生卸妝啫喱油150ml,960,,,,,0,1,2,0,2026-09-15 15:02:59,894.65,,False,,0
p15919496,C120425,馥蕾詩,FRESH,FRESH馥蕾詩紅茶緊致塑顏禦齡禮盒50ml*2+15ml,1427,,,,,0,1,1,0,2026-09-15 15:03:09,2045.58,,False,,2
p15948976,C121415,嬌蘭,GUERLAIN,Guerlain嬌蘭親親柔霧唇膏510,390,,,,,0,1,,0,2026-04-24 11:05:48,363.45,,False,,0
p15949057,C121905,倩碧,CLINIQUE,Clinique倩碧滋潤幻變唇膏筆13,200,,,,,0,1,,0,2026-02-28 14:17:37,186.39,,False,,0
p15949063,C119442,古馳,Gucci,Gucci古馳花悅詩意女士香水50ML,702,,,,,0,1,,0,2026-04-24 15:07:26,1006.48,,False,,2
p15952296,E10356160,博柏利,BURBERRY,BURBERRY博柏利太陽鏡 0BE4398D30018G50,2990,,,,,0,1,1,0,2026-04-02 14:04:41,2786.46,,False,,0
p15952389,C121263,茵芙莎,IPSA,IPSA茵芙莎光透充盈組合1-175ml,318,,,,,0,1,,0,2026-03-09 17:30:38,493.92,,False,,2
p15952585,E1853869,博柏利,BURBERRY,BURBERRY博柏利太陽鏡0BE4443F30027355,3130,,,,,0,1,,0,2026-04-02 14:04:43,2916.93,,False,,0
p16069848,C121733,魅可,MAC,MAC魅可26眼影刷套組四支裝,990,,,,,0,1,,0,2026-05-27 12:15:01,922.61,,False,,0
p16074533,C121603,湯姆福特,TOM FORD,TOM FORD湯姆福特奢光柔潤氣墊粉底液 2.5-替換芯,323,430.0,7.5,107.0,,1,1,,0,2026-09-15 00:00:00,301.01,,False,0.0,3
p15897815,C118953,CPB肌肤之钥,CLE DE PEAU BEAUTE,CPB肌膚之鑰奢潤唇膏 經典 28,408,480.0,8.5,72.0,,1,1,1,0,2026-09-15 00:00:00,380.23,,False,312.0,2
p15897816,C118945,CPB肌肤之钥,CLE DE PEAU BEAUTE,CPB肌膚之鑰奢潤唇膏 經典 27,408,480.0,8.5,72.0,,1,1,1,0,2026-09-15 00:00:00,380.23,,False,312.0,2
p15899136,C117738,魅可,MAC,MAC魅可空氣唇蜜227 5ml,124,190.0,6.5,66.0,,1,1,1,0,2026-09-15 00:00:00,115.56,,False,0.0,3
p15893769,C117799,嬌韻詩,CLARINS,CLARINS嬌韻詩防曬棒SPF50,195,,,,,0,1,5,0,2025-06-19 14:00:54,279.58,,False,,2
p15893909,C118049,歐緹麗,CAUDALIE,Caudalie歐緹麗葡萄籽曬後修護乳-400ML,149,270.0,5.5,121.0,,1,1,3,0,2026-09-15 00:00:00,138.86,,False,0.0,3
p15902885,C117174,聖羅蘭,YSL,YSL聖羅蘭黑管啞光唇釉-216 5.5ml,390,,,,,0,1,6,0,2026-09-15 15:03:07,363.45,,False,,0
p15890623,C112985,博柏利,BURBERRY,Burberry 博柏利女神馥鬱香水100ML,840,,,,,0,1,,0,2025-05-21 16:33:37,1505.06,,False,,2
p15896500,C117729,魅可,MAC,MAC魅可空氣唇蜜228 5ml,190,,,,,0,1,4,0,2026-09-15 15:02:59,177.07,,False,,0
p15900812,C118853,芭比布朗,BOBBI BROWN,Bobbi Brown芭比波朗純色奢金絨霧唇膏451號,228,360.0,6.3,132.0,,1,1,,0,2026-09-15 00:00:00,212.48,,False,0.0,3
p15901193,C119875,植村秀,SHU UEMURA,shu uemura植村秀絹感唇釉-KC-OR-599,202,310.0,6.5,108.0,,1,1,,0,2026-09-15 00:00:00,188.25,,False,0.0,3
p15901199,C119882,聖羅蘭,YSL,YSL聖羅蘭純口紅-N16 3.8ml,380,,,,,0,1,3,0,2026-09-15 15:03:02,354.13,,False,,0
p15901294,C118846,芭比布朗,BOBBI BROWN,Bobbi Brown芭比波朗純色奢金絨霧唇膏406號,228,360.0,6.3,132.0,,1,1,,0,2026-09-15 00:00:00,212.48,,False,0.0,3
p15901298,C118797,雅詩蘭黛,ESTEE LAUDER,Estee Lauder雅詩蘭黛絕色腮紅T04,440,,,,,0,1,1,0,2026-05-08 10:57:43,410.05,,False,,0
p15922112,C057450,奧碧虹,ALBION,ALBION澳爾濱雅思臻顏賦活再生潔面乳 150ml,293,,,,,0,1,2,0,2025-12-23 17:05:45,419.37,,False,,2
p15941388,C119420,古馳,Gucci,Gucci古馳傾色絨霧唇膏530,254,,,,,0,1,,0,2026-06-09 11:14:26,363.45,,False,,2
p15941561,C119475,博柏利,BURBERRY,Burberry博柏利英倫小姐水霧液體唇膏筆93 3ml,208,,,,,0,1,,0,2026-09-15 15:03:23,298.22,,False,,2
p15942683,C120119,聖羅蘭,YSL,YSL聖羅蘭全新細管口紅 23,390,,,,,0,1,2,0,2026-01-20 14:23:22,363.45,,False,,0
p15943010,C118379,蘭蔻,LANCOME,Lancome蘭蔻菁純卓越賦活修護四件套150ml+60ml+20ml+50ml,3808,5600.0,6.8,1792.0,,1,1,,0,2026-09-15 00:00:00,3548.77,,False,0.0,3
p15915991,C118780,魅可,MAC,MAC魅可唇線筆-MAC魅可新經典啞光唇膏套裝,240,,,,,0,1,1,0,2025-12-03 11:32:18,223.66,,False,,0
p15902885,C117174,聖羅蘭,YSL,YSL聖羅蘭黑管啞光唇釉-216 5.5ml,390,,,,,0,1,6,0,2026-09-15 15:03:07,363.45,,False,,0
p15900812,C118853,芭比布朗,BOBBI BROWN,Bobbi Brown芭比波朗純色奢金絨霧唇膏451號,228,360.0,6.3,132.0,,1,1,,0,2026-09-15 00:00:00,212.48,,False,0.0,3
p15901193,C119875,植村秀,SHU UEMURA,shu uemura植村秀絹感唇釉-KC-OR-599,202,310.0,6.5,108.0,,1,1,,0,2026-09-15 00:00:00,188.25,,False,0.0,3
p15901199,C119882,聖羅蘭,YSL,YSL聖羅蘭純口紅-N16 3.8ml,380,,,,,0,1,3,0,2026-09-15 15:03:02,354.13,,False,,0
p15901294,C118846,芭比布朗,BOBBI BROWN,Bobbi Brown芭比波朗純色奢金絨霧唇膏406號,228,360.0,6.3,132.0,,1,1,,0,2026-09-15 00:00:00,212.48,,False,0.0,3
p15901298,C118797,雅詩蘭黛,ESTEE LAUDER,Estee Lauder雅詩蘭黛絕色腮紅T04,440,,,,,0,1,1,0,2026-05-08 10:57:43,410.05,,False,,0
p15916354,C116294,魅可,MAC,MAC魅可晶瑩沁透氣墊粉底液 NC25,380,,,,,0,1,2,0,2026-01-29 16:42:07,354.13,,False,,0
p15916497,C119094,喬治阿瑪尼,GIORGIO ARMANI,Giorgio Armani阿瑪尼極致再生卸妝啫喱油150ml,960,,,,,0,1,2,0,2026-09-15 15:02:59,894.65,,False,,0
p15919496,C120425,馥蕾詩,FRESH,FRESH馥蕾詩紅茶緊致塑顏禦齡禮盒50ml*2+15ml,1427,,,,,0,1,1,0,2026-09-15 15:03:09,2045.58,,False,,2
p15946970,C121784,魅可,MAC,MAC魅可豐盈唇蜜02 5ml,190,,,,,0,1,,0,2026-09-15 15:03:23,177.07,,False,,0
p15946976,C121820,魅可,MAC,MAC魅可新絲緞柔霧液體唇膏975 5ml,215,,,,,0,1,,0,2026-09-15 15:03:14,200.36,,False,,0
p15947275,C121818,魅可,MAC,MAC魅可新絲緞柔霧液體唇膏987 5ml,215,,,,,0,1,,0,2026-09-15 15:03:26,200.36,,False,,0
p15947283,C121845,魅可,MAC,MAC魅可限定眼彩多用盤801,310,,,,,0,1,,0,2026-05-20 15:47:24,288.9,,False,,0
p15947297,C121908,魅可,MAC,MAC魅可胭脂套裝4.3ml*2,385,,,,,0,1,,0,2026-09-15 15:03:26,358.79,,False,,0
p15742726,C030076,祖瑪瓏,JO MALONE LONDON,JO MALONE祖·瑪瓏杏桃花與蜂蜜香水 30ml  C030076,348,640.0,5.4,292.0,,1,1,23,0,2026-09-15 00:00:00,324.31,,False,0.0,3
p15916035,698133415,奧多友,ODOYO,ODOYO - Magic Punch Nano 超便攜隨身按摩槍 深灰色【下單請勿選京東代收點，詳細查看購買須知】,599,,,,,0,15,,0,2025-11-27 16:00:13,558.22,,False,,0
p15894216,C118142,伊麗莎白·雅頓,ELIZABETH ARDEN,Elizabeth Arden伊莉莎白雅頓白茶紫丁香香水100ML,214,465.0,4.6,251.0,,1,1,,0,2026-09-15 00:00:00,199.43,,False,0.0,3
p16075750,698135418,Kanine,Kanine,Kanine-狗狗條紋T恤 Tap Shoe Black,160,,,,,0,21,,0,2026-06-26 14:02:44,149.11,,False,,0
p16075642,698135921,Kanine,Kanine,Kanine-湯米·希爾費格狗狗徽標印花軟墊夾克 Primary Red,1090,,,,,0,18,,0,2026-06-26 14:02:22,1015.8,,False,,0
p16076121,698135636,Kanine,Kanine,Kanine-超級英雄寵物連帽衫 Chip - Aqua,240,,,,,0,18,,0,2026-06-26 14:02:44,223.66,,False,,0
p16076133,698135909,Kanine,Kanine,Kanine-湯米·希爾費格狗狗標誌衛衣 Primary Red,620,,,,,0,18,,0,2026-06-26 14:02:44,577.79,,False,,0
p16075687,698135660,Kanine,Kanine,Kanine-超級英雄寵物連帽衫 PB - Peach,240,,,,,0,18,,0,2026-06-26 14:02:44,223.66,,False,,0
p16076100,698135775,Kanine,Kanine,Kanine-湯米·希爾費格旗幟Polo衫 Desert Sky,670,,,,,0,18,,0,2026-06-26 14:02:22,624.39,,False,,0
p16076104,698135860,Kanine,Kanine,Kanine-湯米·希爾費格寵物系列最新款前開釦毛衣 Desert Sky/Ivory,1100,,,,,0,18,,0,2026-06-26 14:02:21,1025.12,,False,,0
p16076176,698135430,Kanine,Kanine,Kanine-狗狗條紋T恤 Sodalite Blue,160,,,,,0,18,,0,2026-06-26 14:02:44,149.11,,False,,0
p16076147,698135654,Kanine,Kanine,Kanine-超級英雄寵物連帽衫 Merton - Red,240,,,,,0,18,,0,2026-06-26 14:02:22,223.66,,False,,0
p16076175,698135436,Kanine,Kanine,Kanine-狗狗條紋T恤 Zinfandel Burgundy,160,,,,,0,18,,0,2026-06-26 14:02:44,149.11,,False,,0
p16075657,698135763,Kanine,Kanine,Kanine-湯米·希爾費格旗幟Polo衫 Spring Lime,670,,,,,0,18,,0,2026-06-26 14:02:22,624.39,,False,,0
p16075675,698135593,Kanine,Kanine,Kanine-狗狗抓絨連帽衫 Solar Power Yellow,190,,,,,0,18,,0,2026-06-26 14:02:44,177.07,,False,,0
p16075676,698135569,Kanine,Kanine,Kanine-狗狗抓絨連帽衫 Tap Shoe Black,190,,,,,0,18,,0,2026-06-26 14:02:44,177.07,,False,,0
p16075685,698135630,Kanine,Kanine,Kanine-超級英雄寵物連帽衫 Ace - Grey,240,,,,,0,18,,0,2026-06-26 14:02:44,223.66,,False,,0
p16076135,698135575,Kanine,Kanine,Kanine-狗狗抓絨連帽衫 Sodalite Blue,190,,,,,0,18,,0,2026-06-26 14:02:43,177.07,,False,,0
p16076145,698135648,Kanine,Kanine,Kanine-超級英雄寵物連帽衫 Krypto - Navy,240,,,,,0,18,,0,2026-06-26 14:02:21,223.66,,False,,0
p16076134,698135587,Kanine,Kanine,Kanine-狗狗抓絨連帽衫 Mars Red,190,,,,,0,18,,0,2026-06-26 14:02:43,177.07,,False,,0
p16075727,698135814,Kanine,Kanine,Kanine-湯米·希爾費格 Tito 連帽衫 TH Optic White,790,,,,,0,18,,0,2026-06-26 14:02:21,736.22,,False,,0
p16076119,698135581,Kanine,Kanine,Kanine-狗狗抓絨連帽衫 Mountain View Green,190,,,,,0,18,,0,2026-06-26 14:02:44,177.07,,False,,0
p16075684,698135705,Kanine,Kanine,Kanine-超級英雄寵物背帶 Krypto Print,200,,,,,0,15,,0,2026-06-26 14:02:44,186.39,,False,,0
p16076131,698135987,Kanine,Kanine,Kanine-熱刺官方寵物球衣套裝 Spurs White,400,,,,,0,15,,0,2026-06-26 14:02:43,372.77,,False,,0
p16076173,698135471,Kanine,Kanine,Kanine-狗狗繩索項圈 Black Iris,200,,,,,0,15,,0,2026-06-26 14:02:44,186.39,,False,,0
p16076184,698135456,Kanine,Kanine,Kanine-狗狗繩索項圈 Tap Shoe Black,200,,,,,0,15,,0,2026-06-26 14:02:44,186.39,,False,,0
p16076170,698135466,Kanine,Kanine,Kanine-狗狗繩索項圈 Fern Green,200,,,,,0,15,,0,2026-06-26 14:02:45,186.39,,False,,0
p16075662,698135834,Kanine,Kanine,Kanine-湯米·希爾費格寵物雨衣兜帽 Desert Sky,1180,,,,,0,15,,0,2026-06-26 14:02:21,1099.67,,False,,0
p16076144,698135715,Kanine,Kanine,Kanine-超級英雄寵物背帶 Shadow Print,200,,,,,0,15,,0,2026-06-26 14:02:21,186.39,,False,,0
p16076180,698135476,Kanine,Kanine,Kanine-狗狗繩索項圈 Mars Red,200,,,,,0,15,,0,2026-06-26 14:02:44,186.39,,False,,0
p16075686,698135710,Kanine,Kanine,Kanine-超級英雄寵物背帶 Logo Print,200,,,,,0,15,,0,2026-06-26 14:02:44,186.39,,False,,0
p16075702,698135486,Kanine,Kanine,Kanine-狗狗胸背帶與牽繩 Mountain View Green,240,,,,,0,15,,0,2026-06-26 14:02:21,223.66,,False,,0
p16075723,698135982,Kanine,Kanine,Kanine-熱刺官方寵物球衣套裝 Navy - 7,400,,,,,0,15,,0,2026-06-26 14:02:22,372.77,,False,,0
p16075699,698135998,Kanine,Kanine,Kanine-熱刺官方寵物球衣套裝 White - 21,400,,,,,0,12,,0,2026-06-26 14:02:43,372.77,,False,,0
p16076105,698135856,Kanine,Kanine,Kanine-湯米·希爾費格寵物系列最新款前開釦毛衣 Breezy Blue/Ivory,1100,,,,,0,12,,0,2026-06-26 14:02:21,1025.12,,False,,0
p16076106,698135852,Kanine,Kanine,Kanine-湯米·希爾費格寵物系列最新款前開釦毛衣 Tan/Ivory,1100,,,,,0,12,,0,2026-06-26 14:02:21,1025.12,,False,,0
p16076120,698135740,Kanine,Kanine,Kanine-超級英雄寵物cosplay 服裝 Wonder Woman,170,,,,,0,12,,0,2026-06-26 14:02:44,158.43,,False,,0
p16076169,698135539,Kanine,Kanine,Kanine-狗狗花朵蕾絲連衣裙 Green,370,,,,,0,12,,0,2026-06-26 14:02:45,344.81,,False,,0
p16075713,698135610,Kanine,Kanine,Kanine-超級英雄寵物 T 恤 Chip - Aqua,160,,,,,0,12,,0,2026-06-26 14:02:21,149.11,,False,,0
p16075725,698135806,Kanine,Kanine,Kanine-湯米·希爾費格 Tito 連帽衫 Desert Sky,790,,,,,0,12,,0,2026-06-26 14:02:21,736.22,,False,,0
p16075744,698135414,Kanine,Kanine,Kanine-狗狗T恤 Black Iris,160,,,,,0,12,,0,2026-06-26 14:02:44,149.11,,False,,0
p16076098,698135840,Kanine,Kanine,Kanine-湯米·希爾費格狗狗前開釦毛衣 Desert Sky,1180,,,,,0,12,,0,2026-06-26 14:02:44,1099.67,,False,,0
p16076122,698135701,Kanine,Kanine,Kanine-超級英雄寵物經典項圈 Shadow Print,160,,,,,0,12,,0,2026-06-26 14:02:44,149.11,,False,,0
p16075714,698135622,Kanine,Kanine,Kanine-超級英雄寵物 T 恤 Merton - Red,160,,,,,0,12,,0,2026-06-26 14:02:21,149.11,,False,,0
p16075738,698135535,Kanine,Kanine,Kanine-狗狗花朵蕾絲連衣裙 Blue,370,,,,,0,12,,0,2026-06-26 14:02:45,344.81,,False,,0
p16075754,698135514,Kanine,Kanine,Kanine-狗狗條紋胸背帶 Solar Power Yellow,280,,,,,0,12,,0,2026-06-26 14:02:44,260.94,,False,,0
p16076097,698135810,Kanine,Kanine,Kanine-湯米·希爾費格 Tito 連帽衫 Primary Red,790,,,,,0,12,,0,2026-06-26 14:02:43,736.22,,False,,0
p16076143,698135626,Kanine,Kanine,Kanine-超級英雄寵物 T 恤 PB - Peach,160,,,,,0,12,,0,2026-06-26 14:02:22,149.11,,False,,0
p16075682,698135618,Kanine,Kanine,Kanine-超級英雄寵物 T 恤 Krypto - Navy,160,,,,,0,12,,0,2026-06-26 14:02:44,149.11,,False,,0
p16075690,698135594,Kanine,Kanine,Kanine-超級英雄寵物天然纖維毛衣 Flash,240,,,,,0,12,,0,2026-06-26 14:02:44,223.66,,False,,0
p16075656,698135759,Kanine,Kanine,Kanine-湯米·希爾費格旗幟Polo衫 Shocking Blue,670,,,,,0,12,,0,2026-06-26 14:02:22,624.39,,False,,0
p16075689,698135667,Kanine,Kanine,Kanine-超級英雄寵物連體服 Chip - Aqua,240,,,,,0,12,,0,2026-06-26 14:02:44,223.66,,False,,0
p16076140,698135606,Kanine,Kanine,Kanine-超級英雄寵物 T 恤 Ace - Grey,160,,,,,0,12,,0,2026-06-26 14:02:22,149.11,,False,,0
p16076152,698135598,Kanine,Kanine,Kanine-超級英雄寵物天然纖維毛衣 Green Lantern,240,,,,,0,12,,0,2026-06-26 14:02:22,223.66,,False,,0
p16076102,698135795,Kanine,Kanine,Kanine-湯米·希爾費格旗幟Polo衫 Vivid Yellow,670,,,,,0,12,,0,2026-06-26 14:02:22,624.39,,False,,0
p16075695,698135991,Kanine,Kanine,Kanine-熱刺官方寵物球衣套裝 White - 10,400,,,,,0,12,,0,2026-06-26 14:02:44,372.77,,False,,0
p16075715,698135736,Kanine,Kanine,Kanine-超級英雄寵物cosplay 服裝 Superman,170,,,,,0,12,,0,2026-06-26 14:02:21,158.43,,False,,0
p16075759,698135503,Kanine,Kanine,Kanine-狗狗條紋胸背帶 Fern Green,280,,,,,0,12,,0,2026-06-26 14:02:22,260.94,,False,,0
p16076103,698135936,Kanine,Kanine,Kanine-湯米·希爾費格狗狗經典標誌印花T恤 Primary Red,390,,,,,0,12,,0,2026-06-26 14:02:22,363.45,,False,,0
p16075661,698135930,Kanine,Kanine,Kanine-湯米·希爾費格狗狗條紋標誌印花T恤 Desert Sky/Red,390,,,,,0,12,,0,2026-06-26 14:02:22,363.45,,False,,0
p16075759,698135503,Kanine,Kanine,Kanine-狗狗條紋胸背帶 Fern Green,280,,,,,0,12,,0,2026-06-26 14:02:22,260.94,,False,,0
p16076103,698135936,Kanine,Kanine,Kanine-湯米·希爾費格狗狗經典標誌印花T恤 Primary Red,390,,,,,0,12,,0,2026-06-26 14:02:22,363.45,,False,,0
p15916020,698133384,韶音,Shokz,Shokz OpenRun Pro (S810) 骨傳導藍牙運動耳機 沙漠黃【下單請勿選京東代收點，詳細查看購買須知】,1199,1599.0,7.5,400.0,,10,10,,0,2026-09-15 00:00:00,1117.38,,False,0.0,3
p15916112,698133293,JBL,JBL,JBL-Charge 6 便攜式防水藍牙喇叭 迷彩色【下單請勿選京東代收點，詳細查看購買須知】,1199,1399.0,8.6,200.0,,10,10,,0,2026-09-15 00:00:00,1117.38,,False,0.0,3
p15915721,698133281,JBL,JBL,JBL-Flip 7 便攜式防水藍牙喇叭 紫色【下單請勿選京東代收點，詳細查看購買須知】,998,,,,,0,10,,0,2025-11-27 13:59:42,930.06,,False,,0
p15915723,698133283,JBL,JBL,JBL-Flip 7 便攜式防水藍牙喇叭 沙色【下單請勿選京東代收點，詳細查看購買須知】,998,,,,,0,10,,0,2025-11-27 13:58:30,930.06,,False,,0
p16075653,698135873,Kanine,Kanine,Kanine-湯米·希爾費格狗狗織帶項圈 Desert Sky/Shocking Blue,550,,,,,0,9,,0,2026-06-26 14:02:22,512.56,,False,,0
p16075668,698135879,Kanine,Kanine,Kanine-湯米·希爾費格狗狗織帶項圈 Desert Sky/Red,550,,,,,0,9,,0,2026-06-26 14:02:21,512.56,,False,,0
p16075671,698135846,Kanine,Kanine,Kanine-湯米·希爾費格旗幟徽標T恤 Primary Red,395,,,,,0,9,,0,2026-06-26 14:02:21,368.11,,False,,0
p16076150,698135723,Kanine,Kanine,Kanine-超級英雄寵物牽引繩 Logo Print,200,,,,,0,9,,0,2026-06-26 14:02:21,186.39,,False,,0
p16076109,698135882,Kanine,Kanine,Kanine-湯米·希爾費格狗狗織帶項圈 Desert Sky,550,,,,,0,9,,0,2026-06-26 14:02:21,512.56,,False,,0
p16075659,698135750,Kanine,Kanine,Kanine-湯米·希爾費格簽名條紋連帽衫 Desert Sky,985,,,,,0,9,,0,2026-06-26 14:02:44,917.95,,False,,0
p16075720,698135726,Kanine,Kanine,Kanine-超級英雄寵物牽引繩 Shadow Print,200,,,,,0,9,,0,2026-06-26 14:02:22,186.39,,False,,0
p16076130,698135820,Kanine,Kanine,Kanine-湯米·希爾費格Heritage Polo 衫 Desert Sky,590,,,,,0,9,,0,2026-06-26 14:02:43,549.84,,False,,0
p16075643,698135885,Kanine,Kanine,Kanine-湯米·希爾費格狗狗色塊胸背帶 Desert Sky/Red/White,750,,,,,0,9,,0,2026-06-26 14:02:22,698.94,,False,,0
p16075755,698135532,Kanine,Kanine,Kanine-狗狗花朵蕾絲連衣裙 Pink,370,,,,,0,9,,0,2026-06-26 14:02:22,344.81,,False,,0
p16075658,698135747,Kanine,Kanine,Kanine-湯米·希爾費格簽名條紋連帽衫 Heather Grey,985,,,,,0,9,,0,2026-06-26 14:02:22,917.95,,False,,0
p16075660,698135825,Kanine,Kanine,Kanine-湯米·希爾費格Heritage Polo 衫 TH Optic White,590,,,,,0,9,,0,2026-06-26 14:02:22,549.84,,False,,0
p16075644,698135939,Kanine,Kanine,Kanine-湯米·希爾費格狗狗項圈 Desert Sky,470,,,,,0,9,,0,2026-06-26 14:02:22,438.01,,False,,0
p16075649,698135866,Kanine,Kanine,Kanine-湯米·希爾費格狗狗織帶項圈 Desert Sky/Lime,550,,,,,0,9,,0,2026-06-26 14:02:22,512.56,,False,,0
p16076148,698135742,Kanine,Kanine,Kanine-超級英雄寵物圍兜 Superman,120,,,,,0,9,,0,2026-06-26 14:02:22,111.83,,False,,0
p16076149,698135675,Kanine,Kanine,Kanine-超級英雄寵物連體服 PB - Peach,240,,,,,0,9,,0,2026-06-26 14:02:21,223.66,,False,,0
p16075728,698135994,Kanine,Kanine,Kanine-熱刺官方寵物球衣套裝 White - 17,400,,,,,0,9,,0,2026-06-26 14:02:21,372.77,,False,,0
p16076123,698135720,Kanine,Kanine,Kanine-超級英雄寵物牽引繩 Krypto Print,200,,,,,0,9,,0,2026-06-26 14:02:44,186.39,,False,,0
p16076132,698135942,Kanine,Kanine,Kanine-湯米·希爾費格狗狗背帶 Desert Sky,620,,,,,0,9,,0,2026-06-26 14:02:43,577.79,,False,,0
p16076168,698135545,Kanine,Kanine,Kanine-狗狗風衣 Red,390,,,,,0,9,,0,2026-06-26 14:02:44,363.45,,False,,0
p16075663,698135888,Kanine,Kanine,Kanine-湯米·希爾費格狗狗色塊胸背帶 Desert Sky/Red,750,,,,,0,9,,0,2026-06-26 14:02:22,698.94,,False,,0
p16076112,698135781,Kanine,Kanine,Kanine-湯米·希爾費格旗幟Polo衫 Light Pink,670,,,,,0,9,,0,2026-06-26 14:02:21,624.39,,False,,0
p16075680,698135959,Kanine,Kanine,Kanine-阿森納輕鬆穿脫寵物胸背帶 Primary Red,250,,,,,0,6,,0,2026-06-26 14:02:44,232.98,,False,,0
p16075736,698135521,Kanine,Kanine,Kanine-狗狗繩索牽繩 Black Iris,240,,,,,0,6,,0,2026-06-26 14:02:45,223.66,,False,,0
p16075748,698135523,Kanine,Kanine,Kanine-狗狗繩索牽繩 Mars Red,240,,,,,0,6,,0,2026-06-26 14:02:44,223.66,,False,,0
p16075666,698135895,Kanine,Kanine,Kanine-湯米·希爾費格狗狗織帶牽引繩 Shocking Blue/Desert Sky,670,,,,,0,6,,0,2026-06-26 14:02:21,624.39,,False,,0
p16075700,698135931,Kanine,Kanine,Kanine-湯米·希爾費格狗狗經典標誌印花T恤 Desert Sky/Red,390,,,,,0,6,,0,2026-06-26 14:02:22,363.45,,False,,0
p16075718,698135671,Kanine,Kanine,Kanine-超級英雄寵物連體服 Krypto - Blue,240,,,,,0,6,,0,2026-06-26 14:02:21,223.66,,False,,0
p16076113,698135844,Kanine,Kanine,Kanine-湯米·希爾費格旗幟徽標T恤 Desert Sky,395,,,,,0,6,,0,2026-06-26 14:02:21,368.11,,False,,0
p16075674,698135753,Kanine,Kanine,Kanine-湯米·希爾費格簽名條紋連帽衫 Primary Red,985,,,,,0,6,,0,2026-06-26 14:02:21,917.95,,False,,0
p16075701,698135823,Kanine,Kanine,Kanine-湯米·希爾費格Heritage Polo 衫 Primary Red,590,,,,,0,6,,0,2026-06-26 14:02:44,549.84,,False,,0
p16075654,698135946,Kanine,Kanine,Kanine-湯米·希爾費格狗繩 Desert Sky,540,,,,,0,6,,0,2026-06-26 14:02:44,503.24,,False,,0
p16075664,698135901,Kanine,Kanine,Kanine-湯米·希爾費格狗狗織帶牽引繩 Primary Red/Shocking Blue,670,,,,,0,6,,0,2026-06-26 14:02:22,624.39,,False,,0
p16075667,698135897,Kanine,Kanine,Kanine-湯米·希爾費格狗狗織帶牽引繩 Spring Lime/Shocking Blue,670,,,,,0,6,,0,2026-06-26 14:02:21,624.39,,False,,0
p16075747,698135519,Kanine,Kanine,Kanine-狗狗繩索牽繩 Fern Green,240,,,,,0,6,,0,2026-06-26 14:02:44,223.66,,False,,0
p16076124,698135745,Kanine,Kanine,Kanine-超級英雄寵物圍兜 Wonder Woman,120,,,,,0,6,,0,2026-06-26 14:02:44,111.83,,False,,0
p16076128,698136000,Kanine,Kanine,Kanine-熱刺官方寵物球衣套裝 White - 22,400,,,,,0,6,,0,2026-06-26 14:02:43,372.77,,False,,0
p16076171,698135543,Kanine,Kanine,Kanine-狗狗色格紋連衣裙 Pink,370,,,,,0,6,,0,2026-06-26 14:02:45,344.81,,False,,0
p16075645,698135828,Kanine,Kanine,Kanine-湯米·希爾費格寵物雨衣兜帽 Shocking Blue,1180,,,,,0,6,,0,2026-06-26 14:02:44,1099.67,,False,,0
p16075696,698136002,Kanine,Kanine,Kanine-熱刺官方寵物球衣套裝 White - 7,400,,,,,0,6,,0,2026-06-26 14:02:43,372.77,,False,,0
p16076099,698135891,Kanine,Kanine,Kanine-湯米·希爾費格狗狗織帶牽引繩 Spring Lime/Navy,670,,,,,0,6,,0,2026-06-26 14:02:22,624.39,,False,,0
p15915639,698133381,韶音,Shokz,Shokz OpenComm2 2025 Upgrade 骨傳導通訊耳機 (C120)【下單請勿選京東代收點，詳細查看購買須知】,1399,,,,,0,5,,0,2025-11-27 15:01:58,1303.76,,False,,0
p15915674,698133331,JBL,JBL,JBL-Flip 6 便攜式防水無線藍牙喇叭 湖水綠【下單請勿選京東代收點，詳細查看購買須知】,899,998.0,9.0,99.0,,5,5,,0,2026-09-15 00:00:00,837.8,,False,0.0,3
p15915685,698133351,JBL,JBL,JBL-PartyBox Club 120 便攜式藍牙派對喇叭【下單請勿選京東代收點，詳細查看購買須知】,3299,,,,,0,5,,0,2025-11-27 13:59:41,3074.42,,False,,0
p15915694,698133336,JBL,JBL,JBL-Charge 5 便攜式防水藍牙喇叭 白色【下單請勿選京東代收點，詳細查看購買須知】,998,1399.0,7.1,401.0,,4,4,,0,2026-09-15 00:00:00,930.06,,False,0.0,3
p16095822,C125680,碧歐泉,BIOTHERM,Biotherm碧歐泉男士淨澈潔面啫喱125ml,153,235.0,153.0,82.0,,4,4,,0,2026-09-18 00:00:00,142.58,,False,0.0,3
p16075721,698135686,Kanine,Kanine,Kanine-超級英雄寵物攜帶便便袋 Shadow Print OS,120,,,,,0,3,,0,2026-06-26 14:02:22,111.83,,False,,0
p16075743,698135560,Kanine,Kanine,Kanine-PU皮革便攜袋 Red OS,240,,,,,0,3,,0,2026-07-02 10:33:05,223.66,,False,,0
p16075678,698135961,Kanine,Kanine,Kanine-阿森納輕量寵物牽引繩 Primary Red OS,150,,,,,0,3,,0,2026-06-26 14:02:44,139.79,,False,,0
p16075753,698135557,Kanine,Kanine,Kanine-狗狗聖誕襪軟絨玩具 Dark Blue OS,120,,,,,0,3,,0,2026-06-26 14:02:44,111.83,,False,,0
p16075652,698135945,Kanine,Kanine,Kanine-湯米·希爾費格狗繩 Classic Beige S,540,,,,,0,3,,0,2026-06-26 14:02:22,503.24,,False,,0
p16075719,698135674,Kanine,Kanine,Kanine-超級英雄寵物連體服 Merton - Red XXS,240,,,,,0,3,,0,2026-06-26 14:02:21,223.66,,False,,0
p16075757,698135561,Kanine,Kanine,Kanine-狗狗拋毯 Dark Blue OS,390,,,,,0,3,,0,2026-06-26 14:02:22,363.45,,False,,0
p16133190,C125074,蘭蔻,LANCOME,Lancome蘭蔻塑顏緊致凝露水 400ml,995,,,,,0,3,,0,2026-09-11 17:45:09,927.27,,False,,0
p16133190,C125074,蘭蔻,LANCOME,Lancome蘭蔻塑顏緊致凝露水 400ml,995,,,,,0,3,,0,2026-09-11 17:45:09,927.27,,False,,0
p16076155,698135684,Kanine,Kanine,Kanine-超級英雄寵物攜帶便便袋 Krypto Print OS,120,,,,,0,3,,0,2026-06-26 14:02:21,111.83,,False,,0
p16076138,698135529,Kanine,Kanine,Kanine-可摺疊狗碗 Camel OS,120,,,,,0,3,,0,2026-06-26 14:02:43,111.83,,False,,0
p16075730,698135559,Kanine,Kanine,Kanine-PU皮革便攜袋 Dark Brown OS,240,,,,,0,3,,0,2026-06-26 14:02:55,223.66,,False,,0
p16076151,698135741,Kanine,Kanine,Kanine-超級英雄寵物圍兜 Batman M,120,,,,,0,3,,0,2026-06-26 14:02:21,111.83,,False,,0
p16075762,698135673,Kanine,Kanine,Kanine-超級英雄寵物連體服 Krypto - Navy XXS,240,,,,,0,3,,0,2026-06-26 14:02:22,223.66,,False,,0
p16075650,698135869,Kanine,Kanine,Kanine-湯米·希爾費格狗狗織帶項圈 Desert Sky/Red/White L-XXL,550,,,,,0,3,,0,2026-06-26 14:02:43,512.56,,False,,0
p16075688,698135666,Kanine,Kanine,Kanine-超級英雄寵物連體服 Ace - Grey XXS,240,,,,,0,3,,0,2026-06-26 14:02:44,223.66,,False,,0
p15858511,E681536,莫傑,MARC JACOBS,MARC JACOBS馬克琦布女士相機包M0012007-098-1SZ,1050,3500.0,3.0,2450.0,,1,1,,0,2026-09-15 00:00:00,978.52,,False,0.0,3
p15858123,E1128575,莫傑,MARC JACOBS,MARC JACOBS馬克琦布單肩包H067M06PF22-001-1SZ,1290,4300.0,3.0,3010.0,,1,1,,0,2026-09-15 00:00:00,1202.18,,False,0.0,3
p15858146,E940778,莫傑,MARC JACOBS,MARC JACOBS馬克綺布女士單肩背包M0014867-259-1SZ,1110,3700.0,3.0,2590.0,,1,1,,0,2026-09-15 00:00:00,1034.44,,False,0.0,3
p15858529,E1092830,莫傑,MARC JACOBS,MARC JACOBS馬克綺布女士單肩包H076M01RE21-261-1SZ,1110,3700.0,3.0,2590.0,,1,1,,0,2026-09-15 00:00:00,1034.44,,False,0.0,3
p15770918,C102038,伊麗莎白·雅頓,ELIZABETH ARDEN,Elizabeth Arden伊麗莎白雅頓綠茶荔枝香水 50ml,260,,,,,0,0,12,0,2026-07-01 11:59:14,242.3,,False,,0
p16138438,F125949,Apple,APPLE,iPhone 18 Pro Max【5日內發貨】,11499,,,,,0,0,53,1,2026-09-18 14:19:31,10716.22,,False,,0
